ID,ناو,شاری نیشتەجێبوون,تەمەن,پیشە,مووچە (USD)
1,بەرزان عومەر,سۆران,26,وێنەگر,1971
2,ڕێبین خۆشناو,سۆران,62,پزیشک,1301
3,دیار جاف,سۆران,64,دیزاینەر,786
4,زانا حەسەن,کەرکووک,51,دیزاینەر,3260
5,دیار گەرمیانی,کەرکووک,29,بازرگان,2115
6,ژیان مەنگوڕی,کەرکووک,48,ئەندازیار,2508
7,کۆسار كەریم,هەولێر,25,ئەندازیار,1414
8,دیار خۆشناو,دهۆک,46,ژمێریار,2173
9,کۆسار مەنگوڕی,کەرکووک,58,ڕۆژنامەنوس,1065
10,شێركۆ عومەر,کۆیە,45,ژمێریار,3278
11,سۆزان سۆران,کۆیە,31,ژمێریار,2705
12,تانیا سۆران,ڕانیە,20,ئەندازیار,3381
13,سۆزان مەحمود,سۆران,52,بازرگان,1065
14,لەنیا عەبدوڵڵا,سلێمانی,59,دیزاینەر,2674
15,هێمن سۆران,هەڵەبجە,44,ئەندازیار,2653
16,هاوڕێ كەریم,هەڵەبجە,24,پارێزەر,3381
17,بەختیار سۆران,دهۆک,45,مامۆستا,1882
18,بەختیار كەریم,کەرکووک,54,وێنەگر,2691
19,ئاری سەعيد,دهۆک,29,ژمێریار,1115
20,نیشتمان مەحمود,هەڵەبجە,65,بازرگان,2753
21,سۆزان مەحمود,ڕانیە,31,پزیشک,3227
22,کاروان بابان,سلێمانی,64,ڕۆژنامەنوس,1167
23,ژینۆ عوسمان,کۆیە,29,مامۆستا,2131
24,هەڵکەوت حەسەن,هەڵەبجە,55,مامۆستا,1280
25,ژینۆ كەریم,کەرکووک,53,ئەندازیار,2508
26,سارا جاف,هەولێر,52,ڕۆژنامەنوس,550
27,هاوڕێ سەعيد,ڕانیە,18,ژمێریار,1177
28,هەڵکەوت موكری,ڕانیە,42,وێنەگر,707
29,تانیا قادر,هەڵەبجە,53,مامۆستا,1113
30,بەرزان مەحمود,ڕانیە,31,ڕۆژنامەنوس,1255
31,زانا جاف,سلێمانی,52,بازرگان,607
32,لەنیا جاف,کەرکووک,20,مامۆستا,2912
33,ژیان سۆران,کۆیە,30,ڕۆژنامەنوس,2498
34,نیشتمان عەبدوڵڵا,دهۆک,22,پارێزەر,2797
35,ژینۆ خۆشناو,هەڵەبجە,30,دیزاینەر,1828
36,بەختیار سۆران,ڕانیە,36,دیزاینەر,1524
37,بەرزان خۆشناو,سلێمانی,24,ئەندازیار,522
38,ژینۆ عوسمان,کەرکووک,20,مامۆستا,1778
39,سۆران بابان,سۆران,23,ڕۆژنامەنوس,2543
40,نیشتمان ئەحمەد,هەولێر,24,گەشەپێدەری سۆفتوێر,1898
41,سۆزان قادر,کۆیە,31,پارێزەر,1981
42,نیشتمان بابان,هەڵەبجە,58,گەشەپێدەری سۆفتوێر,2599
43,سۆزان حەسەن,کەرکووک,64,پارێزەر,2558
44,هەڵکەوت سەعيد,دهۆک,52,ڕۆژنامەنوس,3123
45,ڕێبین موكری,دهۆک,33,ئەندازیار,2311
46,زانا جاف,هەڵەبجە,33,وێنەگر,2867
47,کوردستان مەنگوڕی,سلێمانی,21,دیزاینەر,1218
48,ژیان مەحمود,هەڵەبجە,62,دیزاینەر,2389
49,هێمن عوسمان,سلێمانی,50,بازرگان,2324
50,سۆزان مەنگوڕی,سۆران,51,وێنەگر,1826
51,ئاری عوسمان,کۆیە,37,بازرگان,1624
52,سۆزان قادر,سلێمانی,59,دیزاینەر,2055
53,هەڵکەوت قادر,هەولێر,25,گەشەپێدەری سۆفتوێر,1675
54,بەختیار گەرمیانی,ڕانیە,34,ئەندازیار,2986
55,ژینۆ جاف,کەرکووک,65,ڕۆژنامەنوس,1469
56,پشتیوان جاف,سۆران,54,ژمێریار,1948
57,هەڵکەوت عوسمان,ڕانیە,42,پارێزەر,2349
58,بەرزان جاف,ڕانیە,18,وێنەگر,2746
59,نیشتمان موكری,کۆیە,23,پارێزەر,3018
60,ڕێبین ئەحمەد,هەولێر,32,مامۆستا,2684
61,سارا كەریم,ڕانیە,61,وێنەگر,922
62,بەرزان سۆران,ڕانیە,39,ژمێریار,764
63,پشتیوان جاف,سلێمانی,64,بازرگان,1484
64,زانا بابان,سۆران,37,ئەندازیار,2476
65,سۆران قادر,کەرکووک,39,گەشەپێدەری سۆفتوێر,2255
66,پشتیوان مەحمود,کەرکووک,52,ڕۆژنامەنوس,2570
67,زانا بابان,کەرکووک,24,ژمێریار,1053
68,پشتیوان سەعيد,هەڵەبجە,40,ڕۆژنامەنوس,1947
69,تارا مەنگوڕی,سۆران,45,مامۆستا,469
70,ئاری قادر,سۆران,27,وێنەگر,1325
71,ڕێبین عوسمان,کۆیە,41,ئەندازیار,3450
72,بەختیار حەسەن,هەولێر,20,ژمێریار,2569
73,کۆسار ئەحمەد,سۆران,34,ئەندازیار,1719
74,بەختیار موكری,هەولێر,24,ئەندازیار,2247
75,نیشتمان خۆشناو,دهۆک,52,پزیشک,1390
76,ڕێبین گەرمیانی,کۆیە,37,ڕۆژنامەنوس,2705
77,دیار بابان,سلێمانی,44,پارێزەر,3373
78,بەرزان موكری,سلێمانی,57,وێنەگر,1114
79,پشتیوان موكری,کۆیە,32,پزیشک,3313
80,دیار مەنگوڕی,کەرکووک,20,پارێزەر,3471
81,ژینۆ ئەحمەد,کۆیە,62,ئەندازیار,1221
82,کۆسار حەسەن,سلێمانی,63,ژمێریار,3234
83,کۆسار ئەحمەد,کەرکووک,37,دیزاینەر,1417
84,کوردستان موكری,هەولێر,35,پارێزەر,2170
85,تارا سەعيد,سۆران,64,مامۆستا,1562
86,کۆسار مەحمود,کەرکووک,45,گەشەپێدەری سۆفتوێر,1292
87,ژینۆ سۆران,کۆیە,60,ژمێریار,3164
88,لەنیا عوسمان,سلێمانی,56,ئەندازیار,907
89,کۆسار كەریم,سلێمانی,25,پزیشک,3095
90,سارا عوسمان,سلێمانی,47,وێنەگر,1469
91,ئاری موكری,دهۆک,35,ژمێریار,1465
92,کۆسار سەعيد,سلێمانی,31,ئەندازیار,2554
93,پشتیوان سەعيد,سۆران,30,مامۆستا,1042
94,پشتیوان عومەر,سۆران,56,دیزاینەر,2906
95,سارا سەعيد,دهۆک,51,ژمێریار,1790
96,کوردستان حەسەن,هەولێر,39,وێنەگر,446
97,شێركۆ خۆشناو,هەڵەبجە,55,ژمێریار,3137
98,هاوڕێ عومەر,ڕانیە,46,پزیشک,3023
99,تارا حەسەن,سلێمانی,26,دیزاینەر,1640
100,ڕێبین سۆران,هەولێر,60,وێنەگر,866
101,ڕێبین بابان,کۆیە,62,بازرگان,1277
102,هەڵکەوت قادر,هەڵەبجە,25,ئەندازیار,3270
103,پشتیوان حەسەن,کۆیە,25,ئەندازیار,1877
104,لەنیا ئەحمەد,هەولێر,47,وێنەگر,1640
105,زانا بابان,دهۆک,65,پارێزەر,2825
106,تانیا عومەر,سلێمانی,18,گەشەپێدەری سۆفتوێر,826
107,سۆزان عوسمان,ڕانیە,58,بازرگان,3351
108,شێركۆ كەریم,سۆران,29,مامۆستا,2637
109,سارا سۆران,سلێمانی,63,مامۆستا,2542
110,هاوڕێ گەرمیانی,کۆیە,33,ئەندازیار,536
111,نیشتمان كەریم,کۆیە,60,پارێزەر,2696
112,هەڵکەوت كەریم,سۆران,55,مامۆستا,1876
113,ژینۆ حەسەن,کۆیە,18,پارێزەر,1224
114,کاروان عەبدوڵڵا,کەرکووک,48,دیزاینەر,3081
115,لەنیا عەبدوڵڵا,هەڵەبجە,18,بازرگان,1957
116,هێمن ئەحمەد,سلێمانی,41,ژمێریار,2597
117,ئاری سۆران,دهۆک,55,وێنەگر,899
118,ژیان كەریم,کەرکووک,18,مامۆستا,1590
119,پشتیوان ئەحمەد,ڕانیە,40,بازرگان,2354
120,هاوڕێ عەبدوڵڵا,هەولێر,36,وێنەگر,1522
121,بەرزان قادر,هەولێر,47,ئەندازیار,3359
122,لەنیا عومەر,هەولێر,35,گەشەپێدەری سۆفتوێر,1935
123,نیشتمان سەعيد,کۆیە,57,ژمێریار,955
124,لەنیا خۆشناو,هەولێر,65,دیزاینەر,2708
125,هەڵکەوت سەعيد,دهۆک,59,گەشەپێدەری سۆفتوێر,1633
126,ئاری جاف,کەرکووک,42,مامۆستا,1534
127,نیشتمان سەعيد,هەڵەبجە,36,پارێزەر,3078
128,سۆران حەسەن,سلێمانی,44,بازرگان,2226
129,زانا قادر,کۆیە,55,پزیشک,2765
130,پشتیوان عەبدوڵڵا,سۆران,37,دیزاینەر,2325
131,پشتیوان سۆران,سۆران,61,دیزاینەر,1946
132,بەرزان ئەحمەد,دهۆک,30,وێنەگر,2896
133,بەختیار جاف,ڕانیە,49,پزیشک,1342
134,ڕێبین كەریم,سۆران,55,پارێزەر,1594
135,تانیا عومەر,کۆیە,45,دیزاینەر,791
136,ڕێبین عەبدوڵڵا,سلێمانی,48,ژمێریار,2508
137,هاوڕێ عەبدوڵڵا,سلێمانی,35,ژمێریار,1859
138,ڕێبین حەسەن,دهۆک,37,وێنەگر,2627
139,کۆسار سۆران,سلێمانی,50,پزیشک,3170
140,هەڵکەوت عوسمان,دهۆک,64,ژمێریار,2698
141,ژیان مەحمود,هەڵەبجە,32,مامۆستا,2094
142,پشتیوان كەریم,کۆیە,25,ژمێریار,3159
143,بەختیار عومەر,کۆیە,23,ژمێریار,543
144,سۆران سەعيد,کۆیە,48,پزیشک,2250
145,هاوڕێ ئەحمەد,سۆران,55,گەشەپێدەری سۆفتوێر,2377
146,پشتیوان سۆران,ڕانیە,30,ژمێریار,1681
147,کوردستان موكری,سلێمانی,33,مامۆستا,697
148,سارا عوسمان,هەڵەبجە,56,وێنەگر,1050
149,شنۆ عومەر,هەولێر,53,وێنەگر,1089
150,سۆران موكری,ڕانیە,46,وێنەگر,3204
151,هاوڕێ گەرمیانی,هەولێر,28,پزیشک,1668
152,بەرزان سۆران,سلێمانی,35,مامۆستا,2389
153,شنۆ موكری,کەرکووک,63,دیزاینەر,1320
154,لەنیا كەریم,کۆیە,50,پارێزەر,2377
155,لەنیا جاف,کەرکووک,43,ئەندازیار,2420
156,ژینۆ عوسمان,هەولێر,47,پزیشک,1120
157,ژینۆ بابان,هەولێر,31,بازرگان,976
158,کوردستان كەریم,ڕانیە,62,مامۆستا,656
159,ژینۆ ئەحمەد,ڕانیە,42,گەشەپێدەری سۆفتوێر,1867
160,کاروان مەحمود,کەرکووک,23,ئەندازیار,511
161,کوردستان سۆران,هەولێر,18,پارێزەر,2473
162,نیشتمان عوسمان,ڕانیە,43,دیزاینەر,3086
163,کاروان سەعيد,دهۆک,49,پزیشک,2184
164,ژیان بابان,هەڵەبجە,49,دیزاینەر,1002
165,هاوڕێ سەعيد,سلێمانی,41,مامۆستا,826
166,بەرزان سەعيد,کەرکووک,49,ژمێریار,1868
167,بەرزان سۆران,هەڵەبجە,38,دیزاینەر,833
168,پشتیوان جاف,کۆیە,19,ژمێریار,675
169,بەختیار عوسمان,کەرکووک,47,پزیشک,1844
170,شێركۆ جاف,کەرکووک,49,ئەندازیار,3399
171,سارا عوسمان,کۆیە,21,ڕۆژنامەنوس,871
172,زانا كەریم,هەڵەبجە,35,دیزاینەر,959
173,هاوڕێ عوسمان,دهۆک,30,مامۆستا,2846
174,سۆران جاف,کۆیە,56,ئەندازیار,2905
175,زانا موكری,سلێمانی,20,مامۆستا,2696
176,کۆسار عومەر,کۆیە,37,گەشەپێدەری سۆفتوێر,3441
177,دیار مەحمود,سلێمانی,27,پارێزەر,1515
178,شێركۆ عەبدوڵڵا,هەولێر,41,بازرگان,1098
179,پشتیوان بابان,سلێمانی,25,بازرگان,2330
180,تانیا قادر,ڕانیە,34,وێنەگر,1229
181,کوردستان گەرمیانی,هەولێر,22,دیزاینەر,2605
182,شنۆ كەریم,دهۆک,43,ژمێریار,1438
183,شێركۆ ئەحمەد,سۆران,25,ژمێریار,557
184,شنۆ جاف,کۆیە,55,مامۆستا,3001
185,هەڵکەوت عەبدوڵڵا,کۆیە,20,دیزاینەر,890
186,شنۆ خۆشناو,سۆران,47,گەشەپێدەری سۆفتوێر,2318
187,لەنیا بابان,سلێمانی,24,بازرگان,2796
188,ژینۆ حەسەن,کەرکووک,40,وێنەگر,3285
189,تانیا خۆشناو,هەڵەبجە,48,مامۆستا,3235
190,زانا عومەر,کۆیە,19,ئەندازیار,3355
191,کاروان كەریم,کەرکووک,52,وێنەگر,3211
192,هەڵکەوت بابان,دهۆک,19,ژمێریار,1302
193,هێمن كەریم,سۆران,21,ڕۆژنامەنوس,1533
194,هێمن حەسەن,کۆیە,60,مامۆستا,904
195,بەختیار سەعيد,دهۆک,20,ڕۆژنامەنوس,2986
196,سۆزان مەنگوڕی,سۆران,50,بازرگان,428
197,هێمن گەرمیانی,سلێمانی,52,ئەندازیار,2445
198,ئاری بابان,کۆیە,28,ژمێریار,2627
199,تارا سەعيد,کۆیە,51,وێنەگر,1365
200,شێركۆ كەریم,کۆیە,60,پزیشک,2874
201,سۆران خۆشناو,کەرکووک,60,بازرگان,2439
202,بەرزان بابان,ڕانیە,65,پزیشک,1872
203,بەختیار عەبدوڵڵا,هەولێر,63,ئەندازیار,743
204,ڕێبین سەعيد,دهۆک,42,ژمێریار,1430
205,بەختیار ئەحمەد,ڕانیە,39,گەشەپێدەری سۆفتوێر,1136
206,ژیان عەبدوڵڵا,هەولێر,65,دیزاینەر,3011
207,نیشتمان عومەر,دهۆک,35,بازرگان,1317
208,ژینۆ جاف,سلێمانی,49,ڕۆژنامەنوس,2493
209,ژینۆ كەریم,سلێمانی,38,ئەندازیار,2406
210,شێركۆ عوسمان,هەڵەبجە,60,پارێزەر,3371
211,هێمن خۆشناو,کۆیە,37,ژمێریار,2643
212,شنۆ عوسمان,هەڵەبجە,45,بازرگان,1135
213,بەرزان عوسمان,کەرکووک,50,دیزاینەر,1691
214,ژینۆ كەریم,هەولێر,51,ڕۆژنامەنوس,3103
215,ژیان بابان,کەرکووک,26,پزیشک,3083
216,نیشتمان عومەر,سۆران,38,پارێزەر,1850
217,کوردستان كەریم,هەولێر,18,دیزاینەر,1719
218,شنۆ سۆران,کۆیە,23,وێنەگر,1187
219,تانیا عومەر,دهۆک,55,پزیشک,3332
220,کاروان بابان,سلێمانی,44,مامۆستا,1093
221,تارا عوسمان,هەولێر,27,ژمێریار,2525
222,ڕێبین ئەحمەد,کەرکووک,56,ژمێریار,478
223,پشتیوان عەبدوڵڵا,دهۆک,26,گەشەپێدەری سۆفتوێر,1883
224,بەرزان سۆران,هەڵەبجە,54,ڕۆژنامەنوس,1481
225,زانا كەریم,هەولێر,33,بازرگان,1667
226,کۆسار موكری,دهۆک,61,بازرگان,3159
227,نیشتمان كەریم,سۆران,23,ژمێریار,718
228,ڕێبین عەبدوڵڵا,کەرکووک,47,پارێزەر,565
229,ژیان مەنگوڕی,ڕانیە,62,وێنەگر,1396
230,کوردستان كەریم,سلێمانی,31,پزیشک,2991
231,بەختیار مەحمود,هەولێر,29,پزیشک,1480
232,نیشتمان موكری,ڕانیە,41,گەشەپێدەری سۆفتوێر,2927
233,نیشتمان مەحمود,کۆیە,50,دیزاینەر,1878
234,ئاری عومەر,سۆران,60,گەشەپێدەری سۆفتوێر,934
235,تانیا مەحمود,کەرکووک,29,بازرگان,2472
236,کۆسار سۆران,هەڵەبجە,37,ڕۆژنامەنوس,1994
237,کۆسار حەسەن,کۆیە,23,مامۆستا,1139
238,سۆران جاف,سۆران,24,مامۆستا,785
239,شنۆ بابان,هەڵەبجە,40,ئەندازیار,2891
240,کاروان ئەحمەد,دهۆک,53,وێنەگر,1183
241,تانیا ئەحمەد,سۆران,33,ڕۆژنامەنوس,3382
242,هەڵکەوت حەسەن,هەڵەبجە,64,مامۆستا,1983
243,زانا گەرمیانی,کەرکووک,48,بازرگان,426
244,بەرزان جاف,دهۆک,37,پارێزەر,2749
245,ڕێبین عومەر,سلێمانی,57,ئەندازیار,517
246,کاروان حەسەن,ڕانیە,46,دیزاینەر,3145
247,شێركۆ بابان,کەرکووک,23,پارێزەر,1631
248,سۆران جاف,دهۆک,24,ئەندازیار,3150
249,نیشتمان قادر,سلێمانی,18,ڕۆژنامەنوس,3473
250,زانا بابان,ڕانیە,61,وێنەگر,2906
251,شێركۆ گەرمیانی,ڕانیە,29,وێنەگر,3098
252,پشتیوان قادر,هەولێر,33,گەشەپێدەری سۆفتوێر,1584
253,شێركۆ عومەر,سۆران,45,ئەندازیار,2931
254,ئاری عومەر,کەرکووک,20,بازرگان,1132
255,نیشتمان قادر,کۆیە,27,پارێزەر,1323
256,تانیا عەبدوڵڵا,کۆیە,27,پزیشک,3420
257,ژینۆ عومەر,سلێمانی,61,پارێزەر,2093
258,ژینۆ عەبدوڵڵا,سلێمانی,43,مامۆستا,3211
259,دیار عومەر,هەولێر,30,دیزاینەر,3373
260,سۆران حەسەن,هەڵەبجە,35,دیزاینەر,2572
261,ڕێبین جاف,سلێمانی,53,پزیشک,577
262,لەنیا مەنگوڕی,کەرکووک,28,گەشەپێدەری سۆفتوێر,2678
263,نیشتمان مەنگوڕی,سلێمانی,18,مامۆستا,1313
264,سارا مەنگوڕی,کەرکووک,42,مامۆستا,589
265,کاروان موكری,ڕانیە,64,وێنەگر,1238
266,هاوڕێ جاف,دهۆک,53,ئەندازیار,850
267,کۆسار عەبدوڵڵا,ڕانیە,24,پارێزەر,2528
268,سۆران بابان,هەڵەبجە,27,پزیشک,428
269,لەنیا كەریم,کەرکووک,19,دیزاینەر,3257
270,بەختیار عوسمان,کەرکووک,29,پزیشک,2574
271,شنۆ كەریم,ڕانیە,60,دیزاینەر,2651
272,پشتیوان مەنگوڕی,کەرکووک,44,مامۆستا,746
273,ژیان موكری,سۆران,44,ژمێریار,2445
274,شێركۆ كەریم,کۆیە,61,گەشەپێدەری سۆفتوێر,3425
275,شنۆ موكری,کۆیە,48,دیزاینەر,1362
276,سارا سۆران,ڕانیە,28,گەشەپێدەری سۆفتوێر,1507
277,تارا جاف,دهۆک,52,ڕۆژنامەنوس,1033
278,ژیان گەرمیانی,دهۆک,44,پزیشک,2369
279,نیشتمان سۆران,سلێمانی,48,ئەندازیار,1379
280,بەرزان جاف,کۆیە,21,دیزاینەر,3159
281,ژینۆ جاف,کۆیە,27,ڕۆژنامەنوس,1380
282,بەختیار گەرمیانی,کۆیە,26,ئەندازیار,1092
283,سارا قادر,ڕانیە,43,ژمێریار,2839
284,تانیا سۆران,سۆران,19,ژمێریار,2613
285,ژینۆ مەنگوڕی,کەرکووک,18,دیزاینەر,1825
286,لەنیا سۆران,کەرکووک,64,ڕۆژنامەنوس,2208
287,تانیا مەنگوڕی,کەرکووک,45,وێنەگر,1230
288,بەختیار گەرمیانی,سلێمانی,56,دیزاینەر,751
289,هێمن ئەحمەد,سۆران,29,گەشەپێدەری سۆفتوێر,534
290,بەختیار حەسەن,سلێمانی,40,بازرگان,1850
291,سۆران مەنگوڕی,هەڵەبجە,59,مامۆستا,2271
292,زانا كەریم,هەڵەبجە,38,ژمێریار,2724
293,دیار عەبدوڵڵا,هەڵەبجە,30,مامۆستا,1402
294,زانا كەریم,دهۆک,21,ڕۆژنامەنوس,1199
295,سۆزان جاف,هەولێر,36,پزیشک,2147
296,پشتیوان حەسەن,سۆران,30,پارێزەر,2630
297,کوردستان بابان,کۆیە,44,ژمێریار,2338
298,زانا عەبدوڵڵا,سلێمانی,64,پزیشک,2660
299,تانیا ئەحمەد,سلێمانی,57,دیزاینەر,1042
300,کۆسار قادر,سۆران,61,گەشەپێدەری سۆفتوێر,2732
301,سۆران مەحمود,کەرکووک,21,پزیشک,2872
302,هێمن جاف,سۆران,52,پارێزەر,2579
303,ژیان قادر,هەولێر,63,وێنەگر,923
304,تانیا بابان,سلێمانی,29,ژمێریار,3429
305,سۆزان بابان,دهۆک,29,دیزاینەر,2565
306,سۆزان مەنگوڕی,سلێمانی,50,پزیشک,3401
307,شنۆ عوسمان,سۆران,27,دیزاینەر,2638
308,پشتیوان عوسمان,سۆران,30,وێنەگر,3405
309,شنۆ عومەر,هەڵەبجە,44,گەشەپێدەری سۆفتوێر,3165
310,ئاری جاف,ڕانیە,51,وێنەگر,2607
311,سۆران مەنگوڕی,دهۆک,24,گەشەپێدەری سۆفتوێر,1104
312,پشتیوان قادر,کۆیە,45,وێنەگر,1758
313,ژیان جاف,سۆران,59,پارێزەر,2460
314,هێمن ئەحمەد,سۆران,37,گەشەپێدەری سۆفتوێر,900
315,نیشتمان عەبدوڵڵا,هەولێر,19,ئەندازیار,1791
316,کوردستان حەسەن,ڕانیە,59,ڕۆژنامەنوس,3324
317,لەنیا مەنگوڕی,سۆران,29,وێنەگر,1475
318,دیار حەسەن,کەرکووک,21,پزیشک,699
319,ژیان بابان,هەولێر,59,گەشەپێدەری سۆفتوێر,2673
320,ژینۆ بابان,سۆران,45,ژمێریار,2021
321,سۆران ئەحمەد,ڕانیە,32,ئەندازیار,532
322,پشتیوان بابان,هەڵەبجە,24,پارێزەر,1139
323,هەڵکەوت خۆشناو,ڕانیە,35,ڕۆژنامەنوس,585
324,کۆسار بابان,هەڵەبجە,48,ڕۆژنامەنوس,2679
325,تانیا خۆشناو,کەرکووک,48,پارێزەر,1032
326,تارا ئەحمەد,هەولێر,40,دیزاینەر,523
327,کۆسار ئەحمەد,کەرکووک,30,وێنەگر,1202
328,شێركۆ ئەحمەد,سۆران,53,وێنەگر,1559
329,لەنیا عومەر,هەڵەبجە,63,بازرگان,1237
330,سۆران عومەر,سۆران,51,ئەندازیار,2208
331,سۆران سەعيد,سۆران,51,وێنەگر,1569
332,هاوڕێ سۆران,کەرکووک,20,ژمێریار,2590
333,سۆران گەرمیانی,کۆیە,49,بازرگان,3319
334,کۆسار عوسمان,کەرکووک,33,ژمێریار,732
335,بەختیار بابان,سۆران,28,گەشەپێدەری سۆفتوێر,1963
336,نیشتمان كەریم,کەرکووک,51,گەشەپێدەری سۆفتوێر,2333
337,شنۆ جاف,هەولێر,61,وێنەگر,2622
338,ئاری مەحمود,هەولێر,28,پزیشک,1106
339,سۆزان سەعيد,هەولێر,59,پزیشک,2533
340,کاروان عەبدوڵڵا,هەولێر,45,ئەندازیار,3167
341,لەنیا مەنگوڕی,ڕانیە,50,مامۆستا,1179
342,دیار عومەر,کۆیە,37,ڕۆژنامەنوس,1181
343,لەنیا بابان,سۆران,31,پارێزەر,2636
344,هاوڕێ بابان,هەولێر,42,بازرگان,2956
345,کوردستان موكری,سۆران,23,پزیشک,1057
346,ئاری جاف,کۆیە,19,ڕۆژنامەنوس,3336
347,دیار موكری,کەرکووک,29,ژمێریار,2369
348,هەڵکەوت عومەر,هەولێر,19,گەشەپێدەری سۆفتوێر,3305
349,بەرزان حەسەن,هەڵەبجە,58,پارێزەر,1899
350,بەرزان گەرمیانی,کۆیە,26,ئەندازیار,1371
351,کۆسار گەرمیانی,سلێمانی,18,ژمێریار,3033
352,ژینۆ عەبدوڵڵا,سلێمانی,62,گەشەپێدەری سۆفتوێر,611
353,کاروان مەحمود,هەولێر,55,بازرگان,720
354,پشتیوان بابان,هەڵەبجە,55,گەشەپێدەری سۆفتوێر,3445
355,هێمن گەرمیانی,سلێمانی,31,پزیشک,2362
356,هێمن خۆشناو,سلێمانی,65,ژمێریار,1613
357,دیار حەسەن,هەولێر,22,ژمێریار,3271
358,ئاری خۆشناو,دهۆک,51,گەشەپێدەری سۆفتوێر,2054
359,هاوڕێ عەبدوڵڵا,دهۆک,50,پزیشک,1392
360,زانا سەعيد,ڕانیە,24,بازرگان,3372
361,شێركۆ گەرمیانی,دهۆک,19,ئەندازیار,3311
362,ژینۆ بابان,دهۆک,48,وێنەگر,1935
363,زانا حەسەن,سۆران,31,ڕۆژنامەنوس,403
364,بەرزان مەحمود,کەرکووک,55,ژمێریار,734
365,شێركۆ گەرمیانی,هەڵەبجە,65,ژمێریار,1312
366,شێركۆ كەریم,سلێمانی,35,ئەندازیار,465
367,کوردستان بابان,ڕانیە,20,ئەندازیار,2715
368,هاوڕێ عومەر,کەرکووک,38,ژمێریار,711
369,تارا عوسمان,ڕانیە,27,ژمێریار,3408
370,سارا كەریم,ڕانیە,42,ڕۆژنامەنوس,596
371,کاروان كەریم,کەرکووک,50,پزیشک,3113
372,هاوڕێ گەرمیانی,دهۆک,60,ژمێریار,2028
373,ڕێبین حەسەن,سلێمانی,55,بازرگان,3000
374,دیار حەسەن,سۆران,28,پزیشک,2406
375,زانا كەریم,سۆران,54,وێنەگر,1942
376,بەرزان سۆران,سلێمانی,46,پزیشک,2058
377,سۆزان خۆشناو,ڕانیە,63,دیزاینەر,2333
378,کۆسار بابان,هەولێر,43,گەشەپێدەری سۆفتوێر,3304
379,تارا سەعيد,کەرکووک,25,پزیشک,668
380,ژیان سەعيد,سلێمانی,19,گەشەپێدەری سۆفتوێر,3357
381,بەرزان عەبدوڵڵا,ڕانیە,64,ئەندازیار,1552
382,تارا بابان,هەڵەبجە,56,ڕۆژنامەنوس,3238
383,نیشتمان مەحمود,هەڵەبجە,23,دیزاینەر,1551
384,ئاری عومەر,هەولێر,44,پارێزەر,2535
385,تارا سۆران,ڕانیە,28,ئەندازیار,552
386,سۆران گەرمیانی,ڕانیە,33,پارێزەر,2747
387,پشتیوان سەعيد,هەڵەبجە,26,گەشەپێدەری سۆفتوێر,2120
388,هەڵکەوت ئەحمەد,سلێمانی,33,پزیشک,3370
389,ڕێبین سۆران,دهۆک,34,گەشەپێدەری سۆفتوێر,865
390,شنۆ عوسمان,هەڵەبجە,27,وێنەگر,1648
391,سارا قادر,دهۆک,34,پارێزەر,1864
392,بەرزان مەنگوڕی,سۆران,56,گەشەپێدەری سۆفتوێر,1567
393,ئاری بابان,ڕانیە,26,پارێزەر,890
394,بەرزان سەعيد,هەڵەبجە,27,پزیشک,3473
395,تارا بابان,کۆیە,55,پارێزەر,1825
396,لەنیا سۆران,سلێمانی,49,پزیشک,3005
397,لەنیا سەعيد,هەولێر,52,گەشەپێدەری سۆفتوێر,2998
398,سارا مەحمود,هەڵەبجە,39,ڕۆژنامەنوس,3339
399,ژیان مەحمود,دهۆک,54,پارێزەر,2527
400,ڕێبین سەعيد,سۆران,24,ڕۆژنامەنوس,1687
401,پشتیوان سۆران,هەڵەبجە,23,ژمێریار,2509
402,کاروان قادر,سلێمانی,65,گەشەپێدەری سۆفتوێر,2912
403,هێمن ئەحمەد,کەرکووک,57,وێنەگر,3371
404,ژینۆ حەسەن,ڕانیە,50,گەشەپێدەری سۆفتوێر,3281
405,هێمن موكری,هەڵەبجە,55,وێنەگر,1540
406,بەرزان عومەر,دهۆک,36,مامۆستا,1151
407,ڕێبین سۆران,دهۆک,52,دیزاینەر,2832
408,تانیا عەبدوڵڵا,هەولێر,43,ئەندازیار,1695
409,ئاری عوسمان,سۆران,64,ڕۆژنامەنوس,972
410,ئاری ئەحمەد,دهۆک,54,پزیشک,860
411,ئاری مەنگوڕی,کۆیە,34,ژمێریار,598
412,شێركۆ گەرمیانی,سلێمانی,61,پزیشک,3196
413,کوردستان سەعيد,کۆیە,41,پزیشک,991
414,هێمن قادر,ڕانیە,29,وێنەگر,2532
415,ڕێبین جاف,سۆران,48,ژمێریار,2524
416,لەنیا ئەحمەد,کەرکووک,20,ڕۆژنامەنوس,3387
417,شنۆ عوسمان,سۆران,57,ڕۆژنامەنوس,2036
418,هەڵکەوت عوسمان,دهۆک,34,ئەندازیار,954
419,دیار مەحمود,کەرکووک,24,ئەندازیار,2488
420,بەرزان عەبدوڵڵا,ڕانیە,21,ژمێریار,1118
421,سۆران عەبدوڵڵا,دهۆک,48,ئەندازیار,2272
422,بەختیار سۆران,سۆران,58,گەشەپێدەری سۆفتوێر,1590
423,بەختیار مەحمود,هەولێر,65,مامۆستا,612
424,تانیا ئەحمەد,سلێمانی,18,ئەندازیار,686
425,ژیان سۆران,سۆران,24,مامۆستا,2834
426,هێمن ئەحمەد,سۆران,27,پارێزەر,798
427,زانا عوسمان,ڕانیە,46,ژمێریار,801
428,شنۆ مەنگوڕی,سلێمانی,28,مامۆستا,2404
429,نیشتمان كەریم,هەڵەبجە,45,پارێزەر,2427
430,پشتیوان بابان,کۆیە,19,پزیشک,3155
431,پشتیوان مەنگوڕی,سلێمانی,30,دیزاینەر,2834
432,بەختیار مەنگوڕی,هەڵەبجە,53,بازرگان,3099
433,هەڵکەوت سەعيد,ڕانیە,40,پارێزەر,1911
434,سۆزان عوسمان,سلێمانی,26,پارێزەر,1147
435,کاروان كەریم,هەڵەبجە,50,ئەندازیار,3069
436,تانیا بابان,سلێمانی,34,ژمێریار,3457
437,نیشتمان قادر,هەڵەبجە,64,پارێزەر,1852
438,تانیا بابان,دهۆک,44,دیزاینەر,3308
439,هاوڕێ سۆران,سلێمانی,22,پزیشک,2828
440,پشتیوان بابان,کۆیە,21,ڕۆژنامەنوس,2849
441,سارا سۆران,هەولێر,51,ژمێریار,1206
442,ئاری سەعيد,ڕانیە,25,وێنەگر,2478
443,هێمن عوسمان,سۆران,55,دیزاینەر,1372
444,زانا كەریم,هەولێر,58,دیزاینەر,3370
445,بەختیار مەنگوڕی,ڕانیە,53,پارێزەر,1198
446,پشتیوان بابان,ڕانیە,51,گەشەپێدەری سۆفتوێر,3005
447,ژینۆ عوسمان,ڕانیە,28,وێنەگر,1566
448,هاوڕێ عەبدوڵڵا,سلێمانی,47,ئەندازیار,2070
449,نیشتمان مەنگوڕی,ڕانیە,24,بازرگان,2086
450,شێركۆ موكری,ڕانیە,27,ژمێریار,1739
451,دیار عەبدوڵڵا,دهۆک,27,پزیشک,3439
452,ئاری بابان,کۆیە,43,پارێزەر,1335
453,ژیان عوسمان,سۆران,18,دیزاینەر,1031
454,هاوڕێ ئەحمەد,ڕانیە,60,ئەندازیار,2153
455,ئاری كەریم,سلێمانی,43,گەشەپێدەری سۆفتوێر,3259
456,بەرزان عەبدوڵڵا,هەڵەبجە,62,ڕۆژنامەنوس,2301
457,سۆزان حەسەن,کۆیە,37,ئەندازیار,1609
458,ڕێبین ئەحمەد,سۆران,31,ڕۆژنامەنوس,1894
459,زانا ئەحمەد,هەولێر,49,ژمێریار,1984
460,زانا سەعيد,سۆران,22,ئەندازیار,3270
461,ڕێبین بابان,سلێمانی,52,بازرگان,3406
462,کۆسار عومەر,دهۆک,22,پزیشک,1109
463,هێمن عوسمان,سلێمانی,44,دیزاینەر,1847
464,ژینۆ خۆشناو,ڕانیە,28,دیزاینەر,2490
465,هەڵکەوت بابان,هەولێر,27,پزیشک,1605
466,تانیا سۆران,کەرکووک,21,وێنەگر,3444
467,بەختیار مەحمود,کۆیە,43,پزیشک,3221
468,سۆزان مەحمود,دهۆک,48,ئەندازیار,601
469,بەرزان عەبدوڵڵا,ڕانیە,44,دیزاینەر,2024
470,ئاری موكری,دهۆک,45,وێنەگر,3031
471,هێمن عومەر,سۆران,59,گەشەپێدەری سۆفتوێر,609
472,سۆزان عەبدوڵڵا,کەرکووک,19,پارێزەر,2094
473,کاروان كەریم,سلێمانی,64,گەشەپێدەری سۆفتوێر,2204
474,تارا سۆران,دهۆک,29,ئەندازیار,2930
475,شنۆ سەعيد,ڕانیە,47,وێنەگر,400
476,ئاری سەعيد,ڕانیە,55,پارێزەر,1889
477,هەڵکەوت حەسەن,سلێمانی,28,بازرگان,864
478,شێركۆ عەبدوڵڵا,کەرکووک,58,بازرگان,2831
479,کوردستان جاف,کۆیە,51,بازرگان,1263
480,بەختیار سەعيد,کۆیە,38,پارێزەر,1048
481,سۆران سەعيد,ڕانیە,42,ڕۆژنامەنوس,1015
482,ڕێبین قادر,ڕانیە,49,بازرگان,2678
483,شنۆ كەریم,هەولێر,60,وێنەگر,2435
484,تانیا سۆران,کۆیە,25,پارێزەر,1397
485,کوردستان كەریم,کەرکووک,35,گەشەپێدەری سۆفتوێر,2680
486,بەرزان گەرمیانی,سۆران,21,وێنەگر,717
487,لەنیا خۆشناو,کەرکووک,25,گەشەپێدەری سۆفتوێر,2935
488,ژینۆ گەرمیانی,کۆیە,64,وێنەگر,3172
489,لەنیا ئەحمەد,هەولێر,62,بازرگان,2736
490,شێركۆ قادر,سلێمانی,37,ژمێریار,563
491,ئاری قادر,دهۆک,50,وێنەگر,2352
492,نیشتمان گەرمیانی,کۆیە,44,ژمێریار,2490
493,شنۆ موكری,هەولێر,31,گەشەپێدەری سۆفتوێر,2010
494,شێركۆ مەحمود,سۆران,53,گەشەپێدەری سۆفتوێر,3010
495,هێمن سۆران,کەرکووک,43,ئەندازیار,3037
496,هەڵکەوت كەریم,سلێمانی,42,ژمێریار,1143
497,بەختیار عەبدوڵڵا,هەولێر,53,مامۆستا,2407
498,سارا جاف,سۆران,31,مامۆستا,3428
499,ئاری موكری,دهۆک,52,پزیشک,1198
500,کوردستان جاف,ڕانیە,50,پزیشک,2001
501,سۆزان موكری,سۆران,40,گەشەپێدەری سۆفتوێر,909
502,زانا جاف,هەڵەبجە,46,ئەندازیار,3481
503,کۆسار مەنگوڕی,سۆران,29,مامۆستا,1501
504,کۆسار موكری,ڕانیە,42,دیزاینەر,1646
505,شێركۆ عومەر,ڕانیە,20,مامۆستا,2699
506,دیار بابان,کۆیە,47,ژمێریار,1657
507,هێمن گەرمیانی,ڕانیە,34,دیزاینەر,1928
508,نیشتمان سەعيد,هەولێر,49,گەشەپێدەری سۆفتوێر,2972
509,سۆران خۆشناو,کۆیە,37,پارێزەر,1526
510,دیار مەنگوڕی,سۆران,23,ئەندازیار,2900
511,سۆزان عوسمان,سلێمانی,42,پزیشک,825
512,سۆران بابان,کەرکووک,52,پارێزەر,1044
513,دیار جاف,هەڵەبجە,36,ڕۆژنامەنوس,1962
514,کۆسار گەرمیانی,ڕانیە,36,وێنەگر,2822
515,هاوڕێ مەنگوڕی,هەڵەبجە,47,ژمێریار,1714
516,سۆزان بابان,کۆیە,51,پارێزەر,3152
517,پشتیوان بابان,دهۆک,42,پزیشک,2755
518,هێمن مەحمود,کۆیە,25,دیزاینەر,1677
519,زانا سەعيد,هەڵەبجە,31,ژمێریار,1843
520,سۆران سەعيد,ڕانیە,35,مامۆستا,1278
521,کوردستان عەبدوڵڵا,هەڵەبجە,50,پزیشک,507
522,هێمن بابان,سلێمانی,28,گەشەپێدەری سۆفتوێر,3024
523,نیشتمان عوسمان,سۆران,20,پارێزەر,1593
524,سۆران عومەر,هەولێر,51,ڕۆژنامەنوس,1732
525,کۆسار حەسەن,کەرکووک,62,مامۆستا,3124
526,پشتیوان ئەحمەد,ڕانیە,21,پزیشک,2113
527,هەڵکەوت مەنگوڕی,هەڵەبجە,46,گەشەپێدەری سۆفتوێر,3072
528,زانا مەنگوڕی,کەرکووک,35,وێنەگر,1987
529,شێركۆ كەریم,دهۆک,27,مامۆستا,1700
530,هێمن عەبدوڵڵا,دهۆک,29,دیزاینەر,1235
531,ڕێبین ئەحمەد,کەرکووک,60,وێنەگر,1638
532,زانا عەبدوڵڵا,سلێمانی,45,ئەندازیار,3496
533,کاروان عەبدوڵڵا,سۆران,47,پزیشک,817
534,تارا ئەحمەد,کۆیە,33,وێنەگر,3325
535,سۆران كەریم,ڕانیە,65,وێنەگر,1026
536,شێركۆ سۆران,هەولێر,35,پزیشک,3402
537,ژیان جاف,هەولێر,37,ئەندازیار,2178
538,بەرزان سەعيد,کەرکووک,65,پزیشک,2207
539,بەرزان مەنگوڕی,هەڵەبجە,25,بازرگان,2516
540,شێركۆ خۆشناو,کۆیە,52,بازرگان,548
541,دیار حەسەن,هەولێر,34,پارێزەر,1118
542,لەنیا سۆران,سۆران,42,ڕۆژنامەنوس,3403
543,تانیا كەریم,هەڵەبجە,46,ئەندازیار,2108
544,کاروان مەنگوڕی,هەڵەبجە,52,ڕۆژنامەنوس,2809
545,نیشتمان مەحمود,هەولێر,39,پارێزەر,653
546,کوردستان مەحمود,دهۆک,28,پارێزەر,410
547,کاروان ئەحمەد,کەرکووک,28,پارێزەر,2748
548,سارا حەسەن,ڕانیە,60,پارێزەر,3086
549,لەنیا عوسمان,هەولێر,51,ڕۆژنامەنوس,592
550,کۆسار كەریم,هەڵەبجە,50,ژمێریار,2609
551,ژیان سەعيد,سۆران,19,ژمێریار,771
552,زانا خۆشناو,ڕانیە,54,وێنەگر,451
553,کۆسار عومەر,سلێمانی,40,دیزاینەر,2985
554,سۆزان مەنگوڕی,کەرکووک,40,گەشەپێدەری سۆفتوێر,1959
555,سۆزان گەرمیانی,کۆیە,48,بازرگان,1896
556,ژیان عومەر,سلێمانی,31,مامۆستا,2827
557,ژیان عومەر,هەڵەبجە,58,مامۆستا,957
558,لەنیا خۆشناو,سلێمانی,58,گەشەپێدەری سۆفتوێر,960
559,دیار بابان,سۆران,33,ئەندازیار,742
560,هەڵکەوت عوسمان,هەڵەبجە,48,ڕۆژنامەنوس,2562
561,کاروان جاف,کۆیە,50,ئەندازیار,1854
562,کۆسار مەنگوڕی,کەرکووک,58,ئەندازیار,2038
563,کاروان ئەحمەد,کۆیە,45,دیزاینەر,2837
564,کۆسار موكری,دهۆک,18,پارێزەر,2863
565,کۆسار ئەحمەد,هەولێر,20,ئەندازیار,772
566,کاروان موكری,هەڵەبجە,45,ئەندازیار,2694
567,ئاری عومەر,دهۆک,21,ڕۆژنامەنوس,928
568,سارا مەنگوڕی,دهۆک,34,ژمێریار,1374
569,کوردستان خۆشناو,هەڵەبجە,38,وێنەگر,3300
570,ئاری مەحمود,دهۆک,41,وێنەگر,2745
571,ئاری مەنگوڕی,دهۆک,54,پارێزەر,2037
572,هاوڕێ ئەحمەد,کەرکووک,46,ڕۆژنامەنوس,869
573,پشتیوان بابان,هەڵەبجە,41,مامۆستا,2196
574,سۆران بابان,ڕانیە,26,گەشەپێدەری سۆفتوێر,2125
575,تارا بابان,هەولێر,60,پزیشک,2192
576,تارا قادر,کەرکووک,19,پارێزەر,1665
577,هاوڕێ قادر,سلێمانی,36,وێنەگر,3476
578,هێمن سەعيد,هەڵەبجە,48,وێنەگر,503
579,ژیان عوسمان,کۆیە,33,مامۆستا,2344
580,بەختیار جاف,دهۆک,27,دیزاینەر,3479
581,زانا عوسمان,سۆران,33,بازرگان,712
582,ڕێبین ئەحمەد,سلێمانی,34,بازرگان,2429
583,سۆران مەنگوڕی,کەرکووک,28,گەشەپێدەری سۆفتوێر,1303
584,ژیان حەسەن,هەڵەبجە,30,وێنەگر,738
585,شێركۆ عوسمان,کەرکووک,26,مامۆستا,2116
586,هێمن قادر,کەرکووک,51,گەشەپێدەری سۆفتوێر,1003
587,سۆزان عومەر,کەرکووک,37,ژمێریار,3355
588,پشتیوان مەحمود,کەرکووک,33,پارێزەر,1378
589,سۆزان كەریم,سلێمانی,61,بازرگان,828
590,بەرزان جاف,سۆران,41,ژمێریار,3213
591,تانیا خۆشناو,سلێمانی,41,ئەندازیار,2809
592,لەنیا مەحمود,هەڵەبجە,51,مامۆستا,2836
593,کۆسار جاف,کەرکووک,56,بازرگان,515
594,بەرزان ئەحمەد,ڕانیە,54,بازرگان,1011
595,نیشتمان مەحمود,کەرکووک,32,بازرگان,3037
596,پشتیوان عەبدوڵڵا,کەرکووک,41,پارێزەر,3355
597,نیشتمان ئەحمەد,سۆران,36,مامۆستا,3033
598,سۆزان كەریم,کۆیە,28,ژمێریار,2969
599,کوردستان سۆران,ڕانیە,65,مامۆستا,1152
600,ڕێبین موكری,کۆیە,48,مامۆستا,1330
601,هاوڕێ عومەر,کەرکووک,65,دیزاینەر,2752
602,تارا حەسەن,کەرکووک,57,دیزاینەر,2405
603,پشتیوان گەرمیانی,سلێمانی,29,ئەندازیار,2809
604,ئاری حەسەن,ڕانیە,28,ژمێریار,2665
605,سارا سەعيد,ڕانیە,64,ژمێریار,2739
606,شنۆ جاف,هەولێر,37,ئەندازیار,3032
607,بەرزان سەعيد,هەڵەبجە,42,پزیشک,2994
608,بەرزان عەبدوڵڵا,سۆران,49,پزیشک,1308
609,هێمن حەسەن,سۆران,28,پزیشک,1002
610,شێركۆ ئەحمەد,سلێمانی,36,ئەندازیار,2446
611,بەختیار عوسمان,ڕانیە,60,پارێزەر,1183
612,ڕێبین عەبدوڵڵا,ڕانیە,23,ڕۆژنامەنوس,1160
613,کاروان ئەحمەد,هەڵەبجە,40,مامۆستا,2885
614,ئاری گەرمیانی,کۆیە,57,مامۆستا,2410
615,کوردستان بابان,سلێمانی,53,مامۆستا,1195
616,تارا جاف,هەڵەبجە,33,دیزاینەر,3327
617,کۆسار مەنگوڕی,دهۆک,34,ڕۆژنامەنوس,1511
618,تارا عومەر,سلێمانی,64,پزیشک,464
619,زانا مەحمود,هەولێر,40,دیزاینەر,1838
620,هاوڕێ عوسمان,سلێمانی,42,وێنەگر,1720
621,کۆسار كەریم,هەڵەبجە,57,گەشەپێدەری سۆفتوێر,1673
622,نیشتمان حەسەن,ڕانیە,22,گەشەپێدەری سۆفتوێر,2193
623,سۆزان خۆشناو,سۆران,46,وێنەگر,887
624,ژیان قادر,کەرکووک,52,ژمێریار,735
625,تانیا حەسەن,دهۆک,22,بازرگان,1312
626,پشتیوان ئەحمەد,ڕانیە,64,مامۆستا,2796
627,تارا عومەر,کۆیە,54,گەشەپێدەری سۆفتوێر,1481
628,بەختیار سۆران,سۆران,65,وێنەگر,807
629,سارا سۆران,دهۆک,44,ئەندازیار,1305
630,بەرزان مەنگوڕی,کەرکووک,45,دیزاینەر,838
631,سارا جاف,سۆران,27,پزیشک,1260
632,زانا عوسمان,هەولێر,42,دیزاینەر,2644
633,کوردستان خۆشناو,کەرکووک,48,مامۆستا,795
634,کۆسار سۆران,سۆران,46,مامۆستا,2356
635,تانیا ئەحمەد,سلێمانی,58,پارێزەر,2209
636,نیشتمان مەنگوڕی,هەولێر,38,گەشەپێدەری سۆفتوێر,582
637,ڕێبین موكری,کۆیە,45,مامۆستا,2672
638,دیار عەبدوڵڵا,کەرکووک,54,پارێزەر,3380
639,بەرزان ئەحمەد,ڕانیە,34,پزیشک,1470
640,تارا مەحمود,ڕانیە,31,وێنەگر,2077
641,ژیان موكری,دهۆک,65,مامۆستا,2666
642,لەنیا جاف,کەرکووک,25,پزیشک,671
643,کاروان گەرمیانی,کەرکووک,31,ئەندازیار,1536
644,ئاری عومەر,دهۆک,33,پزیشک,1827
645,سارا موكری,دهۆک,61,ژمێریار,1231
646,ژینۆ عومەر,ڕانیە,52,دیزاینەر,2232
647,ژیان خۆشناو,سۆران,57,ژمێریار,3125
648,هاوڕێ عەبدوڵڵا,هەڵەبجە,32,پزیشک,2897
649,ئاری عەبدوڵڵا,هەڵەبجە,56,ڕۆژنامەنوس,2635
650,ڕێبین بابان,سلێمانی,49,دیزاینەر,3212
651,هەڵکەوت مەنگوڕی,سلێمانی,57,دیزاینەر,2807
652,سۆران عومەر,هەڵەبجە,47,پزیشک,1296
653,سۆران عەبدوڵڵا,کۆیە,38,پزیشک,814
654,بەرزان مەنگوڕی,کۆیە,44,بازرگان,3354
655,کوردستان عوسمان,سۆران,25,بازرگان,2297
656,ڕێبین سۆران,ڕانیە,57,ڕۆژنامەنوس,3061
657,بەختیار مەنگوڕی,هەڵەبجە,39,ژمێریار,1960
658,لەنیا قادر,سلێمانی,52,ئەندازیار,2753
659,کاروان گەرمیانی,کەرکووک,41,مامۆستا,2113
660,کۆسار خۆشناو,هەولێر,23,ڕۆژنامەنوس,2761
661,هێمن موكری,کەرکووک,63,مامۆستا,3447
662,بەرزان خۆشناو,هەولێر,30,بازرگان,3355
663,ژینۆ موكری,هەولێر,56,ئەندازیار,2336
664,بەرزان عومەر,ڕانیە,44,وێنەگر,2901
665,ژینۆ بابان,کۆیە,45,وێنەگر,3241
666,ڕێبین قادر,سلێمانی,64,ژمێریار,2649
667,تارا جاف,سلێمانی,27,وێنەگر,636
668,بەرزان جاف,هەولێر,27,پارێزەر,1454
669,هەڵکەوت حەسەن,کۆیە,21,ژمێریار,423
670,دیار مەحمود,سۆران,41,ژمێریار,3420
671,سۆزان عومەر,کەرکووک,54,ڕۆژنامەنوس,438
672,شنۆ عومەر,کۆیە,31,مامۆستا,2017
673,شێركۆ سەعيد,ڕانیە,27,بازرگان,3084
674,هەڵکەوت بابان,سۆران,59,ئەندازیار,1455
675,هێمن خۆشناو,هەڵەبجە,59,گەشەپێدەری سۆفتوێر,3034
676,نیشتمان مەحمود,هەڵەبجە,64,مامۆستا,805
677,نیشتمان عەبدوڵڵا,هەڵەبجە,18,ژمێریار,2910
678,کاروان جاف,هەڵەبجە,28,پزیشک,2487
679,ئاری قادر,کەرکووک,44,ژمێریار,2241
680,تارا گەرمیانی,ڕانیە,37,دیزاینەر,3249
681,ڕێبین ئەحمەد,دهۆک,45,بازرگان,1640
682,تانیا بابان,کۆیە,33,پزیشک,1534
683,شێركۆ عومەر,کۆیە,63,وێنەگر,812
684,سۆزان بابان,هەولێر,62,بازرگان,1024
685,سۆران كەریم,سلێمانی,18,وێنەگر,423
686,ژینۆ موكری,دهۆک,29,ڕۆژنامەنوس,2187
687,زانا ئەحمەد,دهۆک,65,وێنەگر,2494
688,کاروان قادر,سۆران,37,وێنەگر,2667
689,ئاری موكری,هەڵەبجە,55,ئەندازیار,712
690,ڕێبین بابان,ڕانیە,52,ژمێریار,1549
691,هێمن جاف,دهۆک,45,مامۆستا,2359
692,بەختیار بابان,سلێمانی,59,گەشەپێدەری سۆفتوێر,1034
693,ژیان بابان,سۆران,51,پزیشک,3127
694,ڕێبین جاف,ڕانیە,31,بازرگان,647
695,سۆران عوسمان,سۆران,44,پزیشک,2669
696,پشتیوان مەحمود,هەڵەبجە,65,پزیشک,3185
697,ژیان سەعيد,سلێمانی,28,ڕۆژنامەنوس,1992
698,کوردستان مەنگوڕی,هەولێر,26,وێنەگر,2957
699,بەختیار حەسەن,سۆران,65,ئەندازیار,1608
700,سارا بابان,دهۆک,61,ڕۆژنامەنوس,2384
701,ژینۆ خۆشناو,کەرکووک,65,گەشەپێدەری سۆفتوێر,2661
702,نیشتمان مەحمود,هەولێر,47,ڕۆژنامەنوس,3130
703,سارا حەسەن,سۆران,60,ژمێریار,2729
704,بەرزان كەریم,سۆران,60,پارێزەر,1665
705,نیشتمان حەسەن,هەولێر,28,دیزاینەر,567
706,ژیان مەحمود,ڕانیە,24,ئەندازیار,3226
707,تارا بابان,سلێمانی,26,وێنەگر,828
708,شنۆ خۆشناو,ڕانیە,35,ئەندازیار,975
709,سۆران ئەحمەد,سلێمانی,24,ئەندازیار,476
710,ڕێبین عوسمان,دهۆک,18,ڕۆژنامەنوس,2495
711,سۆران عەبدوڵڵا,ڕانیە,65,دیزاینەر,2085
712,کۆسار بابان,هەولێر,44,پزیشک,3312
713,نیشتمان مەنگوڕی,کۆیە,19,ڕۆژنامەنوس,2183
714,کاروان عوسمان,سۆران,36,دیزاینەر,2987
715,زانا سەعيد,ڕانیە,37,وێنەگر,1020
716,بەختیار مەنگوڕی,دهۆک,62,مامۆستا,1707
717,تارا كەریم,سۆران,58,پارێزەر,1637
718,ژینۆ عومەر,هەولێر,43,پارێزەر,1095
719,کاروان عەبدوڵڵا,سلێمانی,34,ئەندازیار,2844
720,بەرزان سەعيد,هەولێر,38,ئەندازیار,2008
721,تارا بابان,سۆران,32,مامۆستا,1746
722,سۆزان مەنگوڕی,ڕانیە,25,بازرگان,2965
723,شێركۆ كەریم,سۆران,20,پارێزەر,3185
724,دیار عوسمان,کەرکووک,41,بازرگان,2815
725,کوردستان جاف,هەولێر,63,بازرگان,1730
726,ئاری حەسەن,دهۆک,36,دیزاینەر,781
727,هەڵکەوت كەریم,سلێمانی,56,مامۆستا,3200
728,هاوڕێ حەسەن,دهۆک,35,وێنەگر,813
729,نیشتمان عوسمان,کەرکووک,40,ئەندازیار,508
730,کۆسار حەسەن,سلێمانی,28,بازرگان,2458
731,ژیان خۆشناو,هەولێر,29,ڕۆژنامەنوس,1014
732,هاوڕێ كەریم,کەرکووک,52,وێنەگر,1498
733,بەرزان سۆران,سۆران,27,مامۆستا,3117
734,هەڵکەوت مەنگوڕی,هەولێر,45,ڕۆژنامەنوس,2144
735,نیشتمان عومەر,سۆران,34,وێنەگر,658
736,سۆران خۆشناو,ڕانیە,43,ڕۆژنامەنوس,860
737,شێركۆ گەرمیانی,کەرکووک,39,مامۆستا,1029
738,دیار جاف,هەڵەبجە,53,ژمێریار,1566
739,سۆران سەعيد,سۆران,38,مامۆستا,1929
740,هێمن موكری,دهۆک,61,مامۆستا,3256
741,سارا خۆشناو,کۆیە,64,دیزاینەر,1472
742,زانا قادر,کەرکووک,59,ژمێریار,2629
743,هاوڕێ موكری,ڕانیە,30,دیزاینەر,2945
744,بەرزان خۆشناو,کەرکووک,26,بازرگان,2629
745,بەرزان قادر,سۆران,55,گەشەپێدەری سۆفتوێر,696
746,کاروان قادر,سۆران,42,ژمێریار,450
747,سۆزان سەعيد,هەڵەبجە,23,بازرگان,1854
748,بەرزان جاف,کۆیە,62,مامۆستا,2239
749,لەنیا گەرمیانی,سلێمانی,20,ئەندازیار,2369
750,شنۆ موكری,ڕانیە,47,ئەندازیار,1782
751,ژیان خۆشناو,هەولێر,53,ژمێریار,2106
752,ئاری عومەر,دهۆک,39,پارێزەر,2341
753,کاروان مەحمود,سلێمانی,60,وێنەگر,630
754,کاروان كەریم,کەرکووک,49,بازرگان,1753
755,تارا مەنگوڕی,هەڵەبجە,37,وێنەگر,2137
756,سۆران ئەحمەد,دهۆک,44,گەشەپێدەری سۆفتوێر,2558
757,کاروان مەحمود,دهۆک,21,مامۆستا,3065
758,سۆزان عەبدوڵڵا,هەولێر,33,بازرگان,1352
759,ژیان خۆشناو,هەولێر,35,گەشەپێدەری سۆفتوێر,1919
760,شێركۆ بابان,هەڵەبجە,30,گەشەپێدەری سۆفتوێر,1093
761,تانیا كەریم,هەڵەبجە,29,بازرگان,1265
762,ژینۆ جاف,هەولێر,19,پارێزەر,3084
763,نیشتمان عوسمان,کەرکووک,49,ڕۆژنامەنوس,2748
764,سۆزان سۆران,کەرکووک,25,وێنەگر,2419
765,تانیا خۆشناو,ڕانیە,38,بازرگان,1264
766,دیار بابان,هەولێر,32,دیزاینەر,2013
767,بەختیار سەعيد,ڕانیە,22,ژمێریار,2097
768,سۆران كەریم,کەرکووک,18,گەشەپێدەری سۆفتوێر,1760
769,بەرزان مەحمود,سۆران,55,گەشەپێدەری سۆفتوێر,1692
770,بەختیار حەسەن,سۆران,25,ڕۆژنامەنوس,2788
771,نیشتمان خۆشناو,هەڵەبجە,27,گەشەپێدەری سۆفتوێر,2842
772,شێركۆ عوسمان,هەولێر,30,مامۆستا,630
773,کوردستان عەبدوڵڵا,هەولێر,65,ئەندازیار,3008
774,هێمن قادر,دهۆک,58,پزیشک,1867
775,بەرزان حەسەن,سلێمانی,54,وێنەگر,2265
776,ژیان مەحمود,سلێمانی,30,پزیشک,2187
777,هەڵکەوت سۆران,هەولێر,28,گەشەپێدەری سۆفتوێر,1327
778,سارا مەنگوڕی,کەرکووک,37,ژمێریار,1751
779,زانا مەحمود,هەڵەبجە,37,مامۆستا,1852
780,بەختیار جاف,هەڵەبجە,22,مامۆستا,2258
781,ژینۆ سەعيد,سۆران,65,ڕۆژنامەنوس,2081
782,هاوڕێ عەبدوڵڵا,کۆیە,53,وێنەگر,2581
783,سارا خۆشناو,ڕانیە,22,پارێزەر,2385
784,هاوڕێ كەریم,هەڵەبجە,36,مامۆستا,1540
785,کوردستان گەرمیانی,سۆران,60,دیزاینەر,2574
786,سارا كەریم,ڕانیە,33,پزیشک,2895
787,پشتیوان سەعيد,هەولێر,50,مامۆستا,1654
788,هەڵکەوت خۆشناو,سلێمانی,24,پزیشک,1019
789,سۆران قادر,هەولێر,22,گەشەپێدەری سۆفتوێر,2130
790,سۆزان بابان,سۆران,50,ژمێریار,2980
791,شنۆ عومەر,هەولێر,44,گەشەپێدەری سۆفتوێر,3289
792,لەنیا مەنگوڕی,کەرکووک,26,مامۆستا,645
793,نیشتمان كەریم,سلێمانی,24,ئەندازیار,1528
794,سارا بابان,ڕانیە,56,وێنەگر,2271
795,تانیا كەریم,کۆیە,57,مامۆستا,1996
796,سۆران سەعيد,هەولێر,49,ئەندازیار,1086
797,شنۆ عوسمان,هەڵەبجە,55,پارێزەر,753
798,ئاری موكری,کەرکووک,49,ڕۆژنامەنوس,1799
799,سارا قادر,کەرکووک,47,ژمێریار,2506
800,نیشتمان قادر,سلێمانی,59,دیزاینەر,644
801,بەختیار جاف,هەڵەبجە,51,بازرگان,612
802,هەڵکەوت خۆشناو,کۆیە,40,پزیشک,1238
803,بەرزان قادر,ڕانیە,23,ژمێریار,1960
804,سۆران گەرمیانی,کەرکووک,23,پزیشک,412
805,هەڵکەوت موكری,هەولێر,39,گەشەپێدەری سۆفتوێر,1752
806,هێمن كەریم,دهۆک,35,ژمێریار,2823
807,سارا كەریم,کەرکووک,20,دیزاینەر,2171
808,بەرزان سەعيد,کۆیە,43,ئەندازیار,1439
809,ڕێبین مەنگوڕی,هەولێر,55,وێنەگر,1297
810,تانیا جاف,کەرکووک,40,گەشەپێدەری سۆفتوێر,2524
811,شێركۆ مەنگوڕی,سلێمانی,43,وێنەگر,1255
812,لەنیا عوسمان,سلێمانی,58,ئەندازیار,2379
813,تارا حەسەن,دهۆک,33,ئەندازیار,1189
814,کۆسار عوسمان,کۆیە,44,وێنەگر,2204
815,تانیا قادر,هەڵەبجە,28,دیزاینەر,1763
816,سارا عوسمان,هەڵەبجە,23,ڕۆژنامەنوس,3280
817,سۆزان ئەحمەد,سۆران,20,بازرگان,1232
818,ژیان گەرمیانی,کۆیە,26,بازرگان,1558
819,لەنیا ئەحمەد,کۆیە,34,مامۆستا,1681
820,ژیان سەعيد,دهۆک,44,دیزاینەر,2806
821,کاروان عوسمان,ڕانیە,39,گەشەپێدەری سۆفتوێر,2139
822,هێمن عومەر,کۆیە,42,پارێزەر,2612
823,بەختیار موكری,کۆیە,40,گەشەپێدەری سۆفتوێر,999
824,بەرزان عومەر,کەرکووک,42,ژمێریار,460
825,سۆران سەعيد,کەرکووک,41,ڕۆژنامەنوس,2047
826,ژیان عەبدوڵڵا,ڕانیە,19,پزیشک,1915
827,کۆسار عومەر,سلێمانی,28,پارێزەر,2429
828,کوردستان خۆشناو,سۆران,58,گەشەپێدەری سۆفتوێر,2935
829,ئاری مەحمود,کۆیە,59,پارێزەر,746
830,سۆزان مەنگوڕی,هەڵەبجە,33,ژمێریار,2864
831,بەرزان مەحمود,سۆران,60,مامۆستا,964
832,هەڵکەوت مەحمود,دهۆک,41,گەشەپێدەری سۆفتوێر,1220
833,ڕێبین كەریم,دهۆک,41,ئەندازیار,2292
834,سۆزان ئەحمەد,سلێمانی,63,ئەندازیار,3084
835,ژیان قادر,دهۆک,25,ڕۆژنامەنوس,2892
836,سارا سەعيد,ڕانیە,40,پزیشک,3435
837,هێمن موكری,دهۆک,35,ڕۆژنامەنوس,1354
838,کاروان عەبدوڵڵا,هەڵەبجە,48,پارێزەر,3280
839,دیار كەریم,ڕانیە,53,ئەندازیار,3400
840,سۆزان حەسەن,سۆران,28,ئەندازیار,1521
841,سۆران مەنگوڕی,هەڵەبجە,34,وێنەگر,3495
842,ئاری خۆشناو,کەرکووک,26,ڕۆژنامەنوس,2404
843,تارا قادر,هەولێر,43,دیزاینەر,513
844,هەڵکەوت حەسەن,دهۆک,41,مامۆستا,2215
845,کوردستان سەعيد,سلێمانی,28,گەشەپێدەری سۆفتوێر,2562
846,سۆزان مەنگوڕی,هەڵەبجە,38,مامۆستا,2538
847,ئاری مەنگوڕی,سلێمانی,49,ئەندازیار,1496
848,ژیان عومەر,سۆران,21,وێنەگر,944
849,تارا جاف,هەڵەبجە,29,گەشەپێدەری سۆفتوێر,2762
850,ژینۆ مەنگوڕی,سلێمانی,50,ژمێریار,2437
851,ڕێبین ئەحمەد,کەرکووک,19,مامۆستا,3325
852,نیشتمان عوسمان,هەولێر,51,پزیشک,1621
853,کاروان گەرمیانی,ڕانیە,65,وێنەگر,2078
854,بەرزان قادر,کەرکووک,32,ڕۆژنامەنوس,667
855,سۆران عومەر,سۆران,35,پارێزەر,1016
856,ژینۆ موكری,کەرکووک,42,گەشەپێدەری سۆفتوێر,1345
857,سۆزان كەریم,هەڵەبجە,59,پزیشک,1903
858,بەرزان كەریم,هەولێر,30,مامۆستا,3334
859,نیشتمان عوسمان,کۆیە,21,وێنەگر,2653
860,هێمن سۆران,ڕانیە,39,بازرگان,2128
861,بەختیار موكری,دهۆک,60,گەشەپێدەری سۆفتوێر,909
862,سارا گەرمیانی,کەرکووک,40,پزیشک,1216
863,نیشتمان خۆشناو,هەڵەبجە,54,پزیشک,882
864,سۆران كەریم,کۆیە,38,ژمێریار,2810
865,ئاری خۆشناو,سلێمانی,20,پارێزەر,1130
866,شنۆ عەبدوڵڵا,سۆران,44,ژمێریار,1274
867,تارا كەریم,کۆیە,28,بازرگان,869
868,کاروان عومەر,کۆیە,24,ژمێریار,2472
869,سۆران موكری,هەڵەبجە,60,ئەندازیار,1805
870,تانیا مەنگوڕی,کۆیە,43,پزیشک,872
871,پشتیوان جاف,هەڵەبجە,55,گەشەپێدەری سۆفتوێر,2071
872,هاوڕێ مەحمود,سلێمانی,45,پزیشک,874
873,نیشتمان عومەر,سلێمانی,49,گەشەپێدەری سۆفتوێر,535
874,تانیا خۆشناو,کەرکووک,60,ئەندازیار,2156
875,بەرزان مەنگوڕی,دهۆک,47,بازرگان,2001
876,ڕێبین خۆشناو,سۆران,65,ڕۆژنامەنوس,2198
877,ژینۆ مەحمود,هەڵەبجە,61,پارێزەر,2528
878,ڕێبین مەحمود,کۆیە,58,ڕۆژنامەنوس,3081
879,دیار بابان,سۆران,55,گەشەپێدەری سۆفتوێر,3436
880,لەنیا عوسمان,سلێمانی,30,بازرگان,1586
881,ژینۆ گەرمیانی,ڕانیە,49,پارێزەر,2308
882,دیار گەرمیانی,کۆیە,26,بازرگان,1085
883,بەختیار مەنگوڕی,هەڵەبجە,58,گەشەپێدەری سۆفتوێر,1717
884,نیشتمان ئەحمەد,ڕانیە,50,پزیشک,1898
885,ژیان عەبدوڵڵا,دهۆک,46,ڕۆژنامەنوس,2168
886,سۆران سۆران,سلێمانی,63,گەشەپێدەری سۆفتوێر,1992
887,تارا عەبدوڵڵا,سۆران,27,پزیشک,2860
888,لەنیا كەریم,هەولێر,27,ئەندازیار,1890
889,دیار خۆشناو,کۆیە,29,پزیشک,1870
890,ڕێبین ئەحمەد,ڕانیە,55,بازرگان,2919
891,ژیان سەعيد,کۆیە,29,وێنەگر,1650
892,بەرزان گەرمیانی,هەولێر,22,مامۆستا,1382
893,تارا كەریم,سلێمانی,49,پزیشک,2639
894,بەرزان موكری,ڕانیە,33,پزیشک,1170
895,تارا خۆشناو,سۆران,62,گەشەپێدەری سۆفتوێر,800
896,ئاری مەنگوڕی,کەرکووک,29,وێنەگر,1963
897,تانیا سەعيد,دهۆک,40,ژمێریار,1002
898,هەڵکەوت سەعيد,ڕانیە,31,بازرگان,1462
899,لەنیا قادر,سلێمانی,58,گەشەپێدەری سۆفتوێر,2971
900,نیشتمان خۆشناو,کۆیە,28,ئەندازیار,2247
901,کۆسار سۆران,هەولێر,48,ژمێریار,3363
902,نیشتمان جاف,ڕانیە,20,ڕۆژنامەنوس,1499
903,نیشتمان بابان,کەرکووک,63,ژمێریار,3218
904,سۆزان عومەر,سۆران,22,مامۆستا,3205
905,ژینۆ مەنگوڕی,سلێمانی,52,دیزاینەر,800
906,شنۆ عەبدوڵڵا,دهۆک,36,گەشەپێدەری سۆفتوێر,2520
907,کاروان سۆران,ڕانیە,29,وێنەگر,3385
908,بەختیار جاف,کۆیە,20,دیزاینەر,1607
909,هێمن كەریم,ڕانیە,43,بازرگان,811
910,ژینۆ سۆران,ڕانیە,29,بازرگان,1191
911,بەختیار گەرمیانی,کۆیە,36,پارێزەر,935
912,هاوڕێ عەبدوڵڵا,هەولێر,32,مامۆستا,2530
913,شێركۆ كەریم,دهۆک,58,پزیشک,1641
914,بەرزان مەحمود,سۆران,45,دیزاینەر,913
915,ژیان خۆشناو,هەڵەبجە,49,ژمێریار,859
916,نیشتمان كەریم,هەڵەبجە,45,دیزاینەر,3339
917,هەڵکەوت سۆران,هەڵەبجە,53,مامۆستا,1878
918,ژینۆ ئەحمەد,سلێمانی,19,ڕۆژنامەنوس,3448
919,شێركۆ سۆران,کۆیە,58,پزیشک,2657
920,زانا بابان,کەرکووک,35,مامۆستا,460
921,کوردستان مەحمود,دهۆک,39,ئەندازیار,1401
922,ژیان سەعيد,کۆیە,27,پارێزەر,3004
923,زانا حەسەن,دهۆک,34,پزیشک,1311
924,ئاری عوسمان,هەولێر,39,دیزاینەر,2495
925,زانا مەحمود,هەولێر,48,ژمێریار,3030
926,کۆسار ئەحمەد,کەرکووک,65,پزیشک,448
927,ئاری سەعيد,ڕانیە,36,پزیشک,1401
928,کاروان حەسەن,سلێمانی,25,ژمێریار,2685
929,هاوڕێ خۆشناو,سلێمانی,46,گەشەپێدەری سۆفتوێر,1659
930,ڕێبین گەرمیانی,کۆیە,25,بازرگان,2008
931,تارا عوسمان,سۆران,44,وێنەگر,1076
932,کاروان قادر,سۆران,31,گەشەپێدەری سۆفتوێر,3492
933,نیشتمان موكری,کەرکووک,40,مامۆستا,1692
934,شێركۆ قادر,کۆیە,27,ڕۆژنامەنوس,2610
935,زانا مەحمود,ڕانیە,60,ژمێریار,2259
936,سۆران موكری,هەولێر,36,مامۆستا,2094
937,ژیان گەرمیانی,کەرکووک,34,وێنەگر,3015
938,ژینۆ عومەر,سلێمانی,57,مامۆستا,2520
939,ڕێبین سۆران,کۆیە,32,پارێزەر,1628
940,سارا عومەر,کەرکووک,44,دیزاینەر,3200
941,شنۆ خۆشناو,کەرکووک,24,گەشەپێدەری سۆفتوێر,806
942,ڕێبین كەریم,سلێمانی,54,وێنەگر,1497
943,پشتیوان عومەر,دهۆک,42,ژمێریار,1422
944,کاروان سۆران,کۆیە,62,پارێزەر,3150
945,ژیان گەرمیانی,هەولێر,24,بازرگان,3403
946,کۆسار عوسمان,دهۆک,41,پزیشک,2897
947,کاروان گەرمیانی,سۆران,37,پارێزەر,3069
948,دیار خۆشناو,ڕانیە,47,دیزاینەر,2829
949,شێركۆ قادر,کۆیە,62,بازرگان,2744
950,بەرزان قادر,ڕانیە,53,ژمێریار,859
951,سۆزان عەبدوڵڵا,ڕانیە,20,پارێزەر,2748
952,کوردستان عومەر,کەرکووک,26,پزیشک,3324
953,هەڵکەوت قادر,سۆران,62,پارێزەر,3191
954,سۆزان گەرمیانی,ڕانیە,47,بازرگان,3197
955,شێركۆ عومەر,سلێمانی,39,مامۆستا,495
956,تارا عوسمان,سلێمانی,48,مامۆستا,3276
957,تارا حەسەن,هەڵەبجە,54,دیزاینەر,1575
958,تانیا ئەحمەد,هەڵەبجە,45,پارێزەر,1797
959,کاروان سەعيد,کۆیە,54,ژمێریار,2416
960,تارا بابان,هەولێر,37,پزیشک,1006
961,دیار قادر,هەولێر,45,پزیشک,423
962,کوردستان عومەر,دهۆک,51,بازرگان,2081
963,تارا سۆران,سلێمانی,22,ژمێریار,3436
964,نیشتمان موكری,سۆران,23,وێنەگر,3395
965,هێمن قادر,سلێمانی,64,پزیشک,2912
966,سۆزان عوسمان,هەولێر,43,ژمێریار,1517
967,تانیا جاف,سلێمانی,33,وێنەگر,3120
968,هەڵکەوت موكری,سۆران,20,پزیشک,1902
969,ژیان قادر,هەولێر,29,وێنەگر,1805
970,سارا بابان,دهۆک,20,ژمێریار,1751
971,تانیا ئەحمەد,کەرکووک,22,دیزاینەر,1902
972,کۆسار موكری,سلێمانی,52,وێنەگر,558
973,سۆزان مەحمود,کەرکووک,26,گەشەپێدەری سۆفتوێر,833
974,سۆران عوسمان,کەرکووک,24,وێنەگر,1347
975,ژیان عوسمان,سلێمانی,65,ئەندازیار,1937
976,شێركۆ مەحمود,کۆیە,55,ژمێریار,3366
977,زانا مەنگوڕی,دهۆک,31,ڕۆژنامەنوس,2013
978,دیار خۆشناو,کۆیە,37,دیزاینەر,1543
979,نیشتمان حەسەن,کەرکووک,29,ڕۆژنامەنوس,1397
980,نیشتمان ئەحمەد,هەڵەبجە,27,وێنەگر,3047
981,کۆسار عوسمان,هەولێر,65,ژمێریار,1435
982,تارا حەسەن,ڕانیە,31,وێنەگر,2806
983,لەنیا خۆشناو,دهۆک,43,دیزاینەر,2473
984,شێركۆ خۆشناو,کەرکووک,61,پزیشک,997
985,شێركۆ مەحمود,هەڵەبجە,46,دیزاینەر,3446
986,هەڵکەوت مەنگوڕی,ڕانیە,47,ڕۆژنامەنوس,810
987,سۆران عەبدوڵڵا,کەرکووک,19,وێنەگر,3061
988,ژیان موكری,کۆیە,19,ڕۆژنامەنوس,980
989,ئاری خۆشناو,سلێمانی,50,ژمێریار,3254
990,سۆران كەریم,دهۆک,41,وێنەگر,1605
991,کاروان موكری,کۆیە,65,وێنەگر,3164
992,کۆسار سەعيد,سۆران,54,گەشەپێدەری سۆفتوێر,3238
993,نیشتمان عوسمان,دهۆک,51,ئەندازیار,1585
994,تارا ئەحمەد,هەولێر,37,گەشەپێدەری سۆفتوێر,1779
995,ڕێبین عەبدوڵڵا,ڕانیە,58,مامۆستا,2331
996,ئاری عەبدوڵڵا,هەڵەبجە,53,بازرگان,879
997,هەڵکەوت عومەر,کۆیە,29,پزیشک,2983
998,کاروان حەسەن,ڕانیە,32,بازرگان,2658
999,شێركۆ مەحمود,دهۆک,22,پزیشک,1050
1000,شنۆ گەرمیانی,کۆیە,49,مامۆستا,2281
1001,لەنیا سۆران,سلێمانی,42,وێنەگر,2916
1002,کۆسار حەسەن,هەڵەبجە,43,ژمێریار,2719
1003,کوردستان مەحمود,ڕانیە,64,ژمێریار,3268
1004,کۆسار قادر,کۆیە,62,وێنەگر,2262
1005,تارا گەرمیانی,سلێمانی,64,ئەندازیار,421
1006,نیشتمان ئەحمەد,کۆیە,36,مامۆستا,2629
1007,سۆزان حەسەن,کۆیە,56,پزیشک,1013
1008,ڕێبین مەنگوڕی,سۆران,55,دیزاینەر,935
1009,کاروان ئەحمەد,کۆیە,55,ژمێریار,2784
1010,ژینۆ بابان,کۆیە,56,وێنەگر,2566
1011,شێركۆ ئەحمەد,کەرکووک,30,دیزاینەر,3476
1012,تانیا سۆران,هەڵەبجە,28,گەشەپێدەری سۆفتوێر,926
1013,کوردستان مەحمود,ڕانیە,56,پزیشک,2563
1014,کاروان مەحمود,ڕانیە,37,دیزاینەر,467
1015,ژیان قادر,کەرکووک,52,مامۆستا,2605
1016,شنۆ عومەر,ڕانیە,44,پزیشک,3030
1017,هێمن مەحمود,کۆیە,49,ڕۆژنامەنوس,3323
1018,بەختیار سەعيد,ڕانیە,22,بازرگان,1168
1019,تارا عەبدوڵڵا,دهۆک,38,وێنەگر,430
1020,هاوڕێ مەحمود,دهۆک,55,ڕۆژنامەنوس,2686
1021,شنۆ سۆران,سۆران,34,گەشەپێدەری سۆفتوێر,2749
1022,دیار كەریم,کۆیە,27,ژمێریار,2425
1023,دیار قادر,دهۆک,30,دیزاینەر,2470
1024,سۆران كەریم,هەولێر,32,ڕۆژنامەنوس,2061
1025,هاوڕێ عەبدوڵڵا,کەرکووک,27,ڕۆژنامەنوس,3476
1026,سارا عومەر,هەڵەبجە,53,وێنەگر,1004
1027,بەرزان حەسەن,هەولێر,55,ئەندازیار,2106
1028,بەختیار حەسەن,ڕانیە,27,پارێزەر,2251
1029,زانا عەبدوڵڵا,هەڵەبجە,30,پارێزەر,3192
1030,تانیا موكری,هەڵەبجە,55,ڕۆژنامەنوس,1852
1031,تارا موكری,هەولێر,39,دیزاینەر,3423
1032,لەنیا گەرمیانی,سۆران,30,پارێزەر,1986
1033,تارا ئەحمەد,کۆیە,63,وێنەگر,3024
1034,شێركۆ بابان,سلێمانی,18,پارێزەر,2893
1035,سارا جاف,سلێمانی,35,ڕۆژنامەنوس,3158
1036,بەرزان عوسمان,ڕانیە,28,پارێزەر,868
1037,نیشتمان جاف,دهۆک,44,ژمێریار,2522
1038,سۆران عوسمان,ڕانیە,56,پزیشک,2020
1039,هێمن كەریم,کۆیە,54,مامۆستا,1185
1040,شێركۆ موكری,هەڵەبجە,45,گەشەپێدەری سۆفتوێر,1909
1041,بەرزان خۆشناو,سلێمانی,40,پزیشک,1828
1042,ئاری ئەحمەد,هەولێر,38,دیزاینەر,2749
1043,تانیا عوسمان,دهۆک,54,بازرگان,2120
1044,ژینۆ موكری,کۆیە,36,گەشەپێدەری سۆفتوێر,3445
1045,کاروان مەحمود,کۆیە,18,ئەندازیار,818
1046,هێمن مەنگوڕی,کەرکووک,31,ئەندازیار,3076
1047,نیشتمان خۆشناو,کەرکووک,53,ژمێریار,445
1048,ئاری سەعيد,سۆران,63,پارێزەر,1477
1049,بەختیار ئەحمەد,کۆیە,33,وێنەگر,1027
1050,هێمن عومەر,کەرکووک,41,مامۆستا,2048
1051,کۆسار عەبدوڵڵا,دهۆک,50,بازرگان,2278
1052,سارا جاف,هەڵەبجە,38,ئەندازیار,2285
1053,بەرزان سەعيد,سلێمانی,54,پزیشک,3073
1054,بەختیار بابان,هەڵەبجە,41,پارێزەر,3425
1055,کاروان كەریم,کۆیە,27,مامۆستا,1012
1056,کاروان موكری,سلێمانی,49,پارێزەر,1563
1057,ژیان خۆشناو,کۆیە,36,دیزاینەر,1729
1058,شێركۆ عوسمان,دهۆک,47,مامۆستا,3318
1059,تانیا بابان,سلێمانی,30,پزیشک,1660
1060,دیار حەسەن,دهۆک,20,بازرگان,2468
1061,لەنیا عوسمان,سۆران,24,مامۆستا,2791
1062,شنۆ مەحمود,سلێمانی,59,پارێزەر,580
1063,هەڵکەوت مەحمود,سلێمانی,52,ڕۆژنامەنوس,780
1064,بەرزان جاف,هەڵەبجە,55,ژمێریار,1650
1065,بەرزان قادر,سلێمانی,41,ژمێریار,1377
1066,سۆران مەنگوڕی,سلێمانی,52,بازرگان,2822
1067,کوردستان مەحمود,دهۆک,52,دیزاینەر,2408
1068,تانیا قادر,ڕانیە,63,ژمێریار,1358
1069,دیار موكری,کەرکووک,49,ئەندازیار,1371
1070,سارا عەبدوڵڵا,هەولێر,63,دیزاینەر,849
1071,کاروان كەریم,کەرکووک,34,مامۆستا,1522
1072,شنۆ حەسەن,سلێمانی,49,ئەندازیار,3114
1073,لەنیا قادر,هەڵەبجە,46,پزیشک,2173
1074,تانیا كەریم,هەولێر,36,دیزاینەر,2764
1075,لەنیا خۆشناو,ڕانیە,47,پارێزەر,2822
1076,کاروان حەسەن,کەرکووک,48,پارێزەر,2077
1077,هاوڕێ موكری,هەولێر,51,ئەندازیار,2543
1078,ژیان بابان,کۆیە,63,پارێزەر,2447
1079,کۆسار بابان,ڕانیە,49,گەشەپێدەری سۆفتوێر,1637
1080,کۆسار سۆران,کەرکووک,40,دیزاینەر,2470
1081,ژیان مەنگوڕی,کۆیە,22,وێنەگر,1226
1082,سۆران سۆران,سلێمانی,19,دیزاینەر,1628
1083,ئاری گەرمیانی,هەڵەبجە,64,دیزاینەر,1211
1084,ژیان عومەر,سۆران,44,دیزاینەر,2730
1085,تارا سەعيد,هەڵەبجە,44,پارێزەر,3295
1086,لەنیا عومەر,ڕانیە,38,ڕۆژنامەنوس,2739
1087,ئاری جاف,ڕانیە,65,گەشەپێدەری سۆفتوێر,1878
1088,پشتیوان عوسمان,کەرکووک,37,دیزاینەر,2058
1089,تارا حەسەن,هەڵەبجە,31,ڕۆژنامەنوس,2296
1090,هاوڕێ كەریم,کۆیە,43,ژمێریار,731
1091,ڕێبین حەسەن,دهۆک,59,مامۆستا,470
1092,شنۆ بابان,ڕانیە,28,ئەندازیار,1650
1093,کوردستان عومەر,کەرکووک,35,دیزاینەر,2908
1094,لەنیا عەبدوڵڵا,دهۆک,46,پزیشک,2069
1095,سۆران مەنگوڕی,کۆیە,20,گەشەپێدەری سۆفتوێر,2534
1096,زانا مەنگوڕی,ڕانیە,25,ئەندازیار,2707
1097,ئاری قادر,کۆیە,45,پارێزەر,2679
1098,کاروان موكری,هەولێر,56,گەشەپێدەری سۆفتوێر,1897
1099,هاوڕێ مەحمود,سۆران,34,پارێزەر,3253
1100,کوردستان سۆران,ڕانیە,33,پزیشک,1302
1101,دیار عوسمان,کۆیە,47,دیزاینەر,454
1102,دیار حەسەن,سلێمانی,22,پارێزەر,2855
1103,ژیان موكری,سلێمانی,46,دیزاینەر,1448
1104,سۆران سۆران,سلێمانی,32,مامۆستا,1466
1105,ژیان گەرمیانی,کەرکووک,21,ڕۆژنامەنوس,1519
1106,ژینۆ سەعيد,کەرکووک,26,پارێزەر,1913
1107,نیشتمان عوسمان,هەولێر,65,پارێزەر,3273
1108,تانیا ئەحمەد,سۆران,53,مامۆستا,986
1109,نیشتمان مەنگوڕی,هەولێر,46,پزیشک,1763
1110,شنۆ سۆران,سلێمانی,52,ئەندازیار,1568
1111,ڕێبین حەسەن,دهۆک,28,ئەندازیار,1191
1112,ژیان حەسەن,سلێمانی,37,ڕۆژنامەنوس,2562
1113,ڕێبین موكری,هەولێر,33,گەشەپێدەری سۆفتوێر,1857
1114,ژینۆ مەحمود,دهۆک,62,دیزاینەر,2407
1115,زانا حەسەن,سلێمانی,62,بازرگان,1195
1116,ئاری موكری,کۆیە,49,مامۆستا,1562
1117,لەنیا مەنگوڕی,هەڵەبجە,62,وێنەگر,2736
1118,تارا مەحمود,هەولێر,33,وێنەگر,457
1119,هێمن عومەر,سلێمانی,28,ژمێریار,2894
1120,ژیان بابان,هەولێر,31,وێنەگر,2538
1121,ئاری مەنگوڕی,ڕانیە,60,بازرگان,1012
1122,تارا كەریم,کۆیە,21,ئەندازیار,1392
1123,سۆزان خۆشناو,کۆیە,22,پزیشک,855
1124,هێمن گەرمیانی,سلێمانی,55,دیزاینەر,1769
1125,هەڵکەوت سەعيد,سۆران,40,مامۆستا,619
1126,سۆران حەسەن,هەڵەبجە,41,گەشەپێدەری سۆفتوێر,510
1127,هەڵکەوت مەنگوڕی,سلێمانی,62,دیزاینەر,1851
1128,لەنیا كەریم,سلێمانی,35,مامۆستا,2699
1129,ژیان خۆشناو,هەولێر,58,پزیشک,2358
1130,تانیا قادر,کۆیە,48,پارێزەر,2095
1131,ئاری موكری,دهۆک,61,مامۆستا,2256
1132,کوردستان خۆشناو,دهۆک,35,مامۆستا,939
1133,ڕێبین سەعيد,کەرکووک,60,مامۆستا,750
1134,بەرزان سەعيد,سۆران,27,پارێزەر,1282
1135,پشتیوان كەریم,کەرکووک,44,پزیشک,866
1136,ئاری مەحمود,سلێمانی,22,بازرگان,2937
1137,ژیان خۆشناو,هەڵەبجە,33,دیزاینەر,2953
1138,زانا سەعيد,هەولێر,65,ڕۆژنامەنوس,888
1139,هاوڕێ عوسمان,کۆیە,34,ئەندازیار,1947
1140,زانا مەنگوڕی,سلێمانی,50,وێنەگر,1291
1141,سارا موكری,دهۆک,37,ئەندازیار,954
1142,کۆسار موكری,ڕانیە,52,ڕۆژنامەنوس,3053
1143,نیشتمان سۆران,سلێمانی,63,پزیشک,2975
1144,بەختیار سەعيد,کۆیە,26,گەشەپێدەری سۆفتوێر,1956
1145,ژیان سەعيد,کۆیە,54,ژمێریار,605
1146,نیشتمان بابان,کەرکووک,27,دیزاینەر,1674
1147,زانا سەعيد,هەڵەبجە,57,پارێزەر,624
1148,هێمن موكری,سۆران,29,ئەندازیار,906
1149,هێمن خۆشناو,کەرکووک,42,بازرگان,2859
1150,کاروان قادر,کەرکووک,49,وێنەگر,2523
1151,هاوڕێ سۆران,کۆیە,56,پارێزەر,3034
1152,کوردستان ئەحمەد,سۆران,65,مامۆستا,3481
1153,دیار سۆران,سلێمانی,57,پارێزەر,812
1154,کوردستان قادر,کەرکووک,33,ئەندازیار,2632
1155,سارا مەحمود,کەرکووک,28,ژمێریار,1928
1156,هەڵکەوت حەسەن,سلێمانی,26,گەشەپێدەری سۆفتوێر,2465
1157,لەنیا گەرمیانی,هەولێر,35,ژمێریار,1007
1158,کاروان عومەر,هەڵەبجە,39,پزیشک,3018
1159,سارا عەبدوڵڵا,سلێمانی,51,ڕۆژنامەنوس,728
1160,کۆسار عەبدوڵڵا,کەرکووک,41,گەشەپێدەری سۆفتوێر,533
1161,سارا سۆران,دهۆک,33,دیزاینەر,1930
1162,تانیا موكری,کۆیە,43,مامۆستا,2117
1163,بەرزان عومەر,سلێمانی,45,دیزاینەر,2016
1164,ئاری سۆران,کۆیە,45,دیزاینەر,1075
1165,تارا خۆشناو,هەڵەبجە,39,مامۆستا,2927
1166,پشتیوان حەسەن,دهۆک,43,بازرگان,2390
1167,سۆران حەسەن,سۆران,62,بازرگان,1522
1168,سۆزان سەعيد,سلێمانی,25,گەشەپێدەری سۆفتوێر,2599
1169,سۆزان خۆشناو,کەرکووک,61,ڕۆژنامەنوس,2076
1170,سۆران عەبدوڵڵا,دهۆک,36,پارێزەر,2863
1171,ڕێبین سەعيد,دهۆک,40,گەشەپێدەری سۆفتوێر,747
1172,نیشتمان خۆشناو,ڕانیە,30,وێنەگر,2315
1173,زانا موكری,سۆران,53,گەشەپێدەری سۆفتوێر,2952
1174,دیار عەبدوڵڵا,هەڵەبجە,18,ئەندازیار,2687
1175,کۆسار جاف,هەولێر,45,پارێزەر,663
1176,ژینۆ عومەر,کەرکووک,36,دیزاینەر,769
1177,نیشتمان كەریم,کەرکووک,46,مامۆستا,2564
1178,هێمن مەنگوڕی,دهۆک,43,ژمێریار,2020
1179,بەختیار بابان,هەولێر,27,ئەندازیار,2237
1180,دیار مەحمود,ڕانیە,36,وێنەگر,1669
1181,شنۆ بابان,کۆیە,27,ئەندازیار,2206
1182,ئاری مەنگوڕی,دهۆک,52,ئەندازیار,2139
1183,نیشتمان عوسمان,ڕانیە,43,ڕۆژنامەنوس,2424
1184,نیشتمان جاف,هەڵەبجە,26,مامۆستا,2713
1185,نیشتمان مەنگوڕی,هەولێر,60,گەشەپێدەری سۆفتوێر,897
1186,هاوڕێ كەریم,ڕانیە,31,گەشەپێدەری سۆفتوێر,2024
1187,لەنیا ئەحمەد,هەڵەبجە,65,پارێزەر,2605
1188,کوردستان مەحمود,سۆران,27,بازرگان,1198
1189,هاوڕێ قادر,هەڵەبجە,55,ژمێریار,1296
1190,بەختیار مەحمود,هەولێر,41,پزیشک,1020
1191,ڕێبین كەریم,دهۆک,39,بازرگان,1141
1192,تارا كەریم,ڕانیە,31,گەشەپێدەری سۆفتوێر,1032
1193,ژیان عوسمان,هەڵەبجە,23,گەشەپێدەری سۆفتوێر,1958
1194,تانیا مەنگوڕی,کۆیە,27,گەشەپێدەری سۆفتوێر,406
1195,سۆران حەسەن,هەولێر,39,دیزاینەر,1397
1196,بەرزان مەنگوڕی,کەرکووک,57,دیزاینەر,2633
1197,پشتیوان سەعيد,کۆیە,48,ژمێریار,2687
1198,زانا موكری,هەولێر,26,ئەندازیار,1216
1199,ژیان بابان,کەرکووک,58,پارێزەر,890
1200,کوردستان عوسمان,ڕانیە,62,وێنەگر,3293
1201,ڕێبین بابان,هەڵەبجە,40,پارێزەر,953
1202,هێمن جاف,ڕانیە,30,وێنەگر,673
1203,کۆسار خۆشناو,دهۆک,49,پارێزەر,714
1204,پشتیوان عومەر,ڕانیە,46,وێنەگر,1854
1205,کۆسار مەنگوڕی,کۆیە,34,گەشەپێدەری سۆفتوێر,1533
1206,شنۆ ئەحمەد,کۆیە,56,مامۆستا,1241
1207,هێمن عومەر,کەرکووک,65,مامۆستا,2130
1208,دیار جاف,ڕانیە,55,دیزاینەر,1302
1209,ژینۆ سۆران,سلێمانی,49,وێنەگر,965
1210,بەرزان مەنگوڕی,هەولێر,57,ژمێریار,962
1211,تارا عومەر,کۆیە,46,وێنەگر,2430
1212,دیار خۆشناو,ڕانیە,33,بازرگان,3083
1213,هێمن مەنگوڕی,دهۆک,51,پزیشک,3075
1214,دیار جاف,کەرکووک,48,ئەندازیار,963
1215,زانا مەنگوڕی,سلێمانی,56,ئەندازیار,3242
1216,پشتیوان مەنگوڕی,دهۆک,44,ڕۆژنامەنوس,847
1217,سۆزان عومەر,ڕانیە,62,ڕۆژنامەنوس,2433
1218,هێمن جاف,سلێمانی,43,دیزاینەر,2400
1219,کوردستان سەعيد,کۆیە,24,وێنەگر,1285
1220,شنۆ كەریم,کۆیە,57,پزیشک,643
1221,شێركۆ خۆشناو,کۆیە,60,پزیشک,1449
1222,کوردستان جاف,هەڵەبجە,42,وێنەگر,3265
1223,سۆران بابان,کۆیە,25,ژمێریار,3349
1224,کوردستان موكری,سلێمانی,53,ڕۆژنامەنوس,3039
1225,ڕێبین سەعيد,ڕانیە,26,گەشەپێدەری سۆفتوێر,2777
1226,لەنیا سەعيد,دهۆک,26,دیزاینەر,915
1227,زانا عەبدوڵڵا,کەرکووک,21,دیزاینەر,1745
1228,هێمن موكری,دهۆک,35,دیزاینەر,2110
1229,ڕێبین كەریم,هەڵەبجە,48,پارێزەر,2163
1230,سۆران سەعيد,هەڵەبجە,19,دیزاینەر,947
1231,سۆران گەرمیانی,کۆیە,57,گەشەپێدەری سۆفتوێر,2714
1232,بەرزان كەریم,کەرکووک,33,دیزاینەر,478
1233,هاوڕێ جاف,دهۆک,52,گەشەپێدەری سۆفتوێر,431
1234,کاروان عوسمان,سۆران,46,ئەندازیار,2648
1235,بەرزان كەریم,سۆران,31,دیزاینەر,2771
1236,بەختیار گەرمیانی,کەرکووک,61,وێنەگر,2942
1237,تانیا گەرمیانی,سلێمانی,37,ژمێریار,3199
1238,کۆسار مەنگوڕی,ڕانیە,22,ئەندازیار,2512
1239,لەنیا سەعيد,کەرکووک,35,پارێزەر,509
1240,ئاری مەحمود,ڕانیە,18,گەشەپێدەری سۆفتوێر,1093
1241,سۆزان گەرمیانی,سلێمانی,33,ئەندازیار,2419
1242,نیشتمان ئەحمەد,سلێمانی,34,ڕۆژنامەنوس,1103
1243,زانا جاف,ڕانیە,54,دیزاینەر,1556
1244,هەڵکەوت مەنگوڕی,هەڵەبجە,37,ژمێریار,1448
1245,ڕێبین سەعيد,هەڵەبجە,55,وێنەگر,2425
1246,هاوڕێ سۆران,هەڵەبجە,60,وێنەگر,1357
1247,شنۆ بابان,کۆیە,42,بازرگان,2559
1248,هاوڕێ حەسەن,هەولێر,47,مامۆستا,1766
1249,سۆزان عەبدوڵڵا,کەرکووک,48,وێنەگر,1118
1250,زانا عومەر,ڕانیە,32,وێنەگر,1626
1251,سۆران سۆران,دهۆک,31,بازرگان,2400
1252,هەڵکەوت كەریم,دهۆک,45,پارێزەر,2210
1253,ئاری سەعيد,کۆیە,35,گەشەپێدەری سۆفتوێر,2982
1254,زانا سەعيد,کەرکووک,61,بازرگان,3134
1255,هێمن عوسمان,هەڵەبجە,61,پزیشک,1662
1256,زانا مەحمود,ڕانیە,36,دیزاینەر,2664
1257,تارا بابان,کۆیە,21,پزیشک,1670
1258,نیشتمان مەحمود,هەڵەبجە,56,پزیشک,3043
1259,نیشتمان مەنگوڕی,هەڵەبجە,39,بازرگان,2154
1260,سارا عومەر,سۆران,42,ڕۆژنامەنوس,1212
1261,سارا عەبدوڵڵا,ڕانیە,27,ڕۆژنامەنوس,2394
1262,بەختیار موكری,دهۆک,52,بازرگان,3121
1263,هەڵکەوت قادر,کۆیە,18,ژمێریار,1811
1264,هەڵکەوت عومەر,کەرکووک,52,مامۆستا,681
1265,هێمن بابان,سلێمانی,63,وێنەگر,3382
1266,زانا حەسەن,سلێمانی,21,وێنەگر,1187
1267,شێركۆ مەحمود,سلێمانی,53,ژمێریار,635
1268,کوردستان ئەحمەد,ڕانیە,49,ژمێریار,3079
1269,سۆران بابان,کەرکووک,33,ئەندازیار,3431
1270,هاوڕێ جاف,سلێمانی,65,پارێزەر,630
1271,سارا سۆران,هەڵەبجە,64,بازرگان,1325
1272,سۆران بابان,سۆران,44,پزیشک,1606
1273,ئاری بابان,سۆران,24,گەشەپێدەری سۆفتوێر,1975
1274,سارا كەریم,سۆران,22,پزیشک,872
1275,سارا سۆران,کەرکووک,38,بازرگان,541
1276,بەرزان ئەحمەد,کۆیە,42,وێنەگر,1792
1277,سۆزان عوسمان,هەولێر,50,دیزاینەر,2127
1278,هەڵکەوت موكری,هەڵەبجە,49,دیزاینەر,2304
1279,زانا سەعيد,دهۆک,40,ژمێریار,1279
1280,کوردستان مەنگوڕی,کۆیە,51,بازرگان,1574
1281,نیشتمان عومەر,ڕانیە,24,پزیشک,645
1282,سۆزان خۆشناو,ڕانیە,61,ژمێریار,552
1283,کۆسار عومەر,ڕانیە,51,ڕۆژنامەنوس,2815
1284,تارا موكری,دهۆک,22,گەشەپێدەری سۆفتوێر,2152
1285,شێركۆ مەحمود,کۆیە,63,بازرگان,2997
1286,شێركۆ بابان,سلێمانی,18,مامۆستا,1271
1287,لەنیا مەحمود,ڕانیە,38,پارێزەر,964
1288,لەنیا جاف,کۆیە,57,ئەندازیار,3457
1289,زانا موكری,هەڵەبجە,28,دیزاینەر,2108
1290,سۆزان حەسەن,کۆیە,63,بازرگان,948
1291,ژینۆ مەنگوڕی,کەرکووک,33,پزیشک,802
1292,زانا موكری,سۆران,46,پزیشک,2440
1293,ڕێبین بابان,هەولێر,65,ڕۆژنامەنوس,2458
1294,هێمن موكری,هەڵەبجە,49,پزیشک,1427
1295,نیشتمان خۆشناو,سلێمانی,19,بازرگان,1725
1296,دیار عەبدوڵڵا,هەڵەبجە,48,ئەندازیار,614
1297,ئاری حەسەن,دهۆک,35,بازرگان,1529
1298,ژیان مەحمود,ڕانیە,40,بازرگان,2723
1299,پشتیوان مەنگوڕی,ڕانیە,21,ڕۆژنامەنوس,1330
1300,ڕێبین سۆران,دهۆک,58,ژمێریار,3425
1301,سارا جاف,سلێمانی,37,مامۆستا,1275
1302,بەختیار خۆشناو,ڕانیە,32,ئەندازیار,936
1303,بەختیار عوسمان,هەولێر,23,ڕۆژنامەنوس,2351
1304,سۆران سەعيد,کەرکووک,30,وێنەگر,2705
1305,هێمن موكری,دهۆک,30,پزیشک,1580
1306,سۆران عوسمان,سۆران,65,دیزاینەر,3430
1307,سۆزان گەرمیانی,ڕانیە,36,وێنەگر,2903
1308,کۆسار كەریم,کەرکووک,31,ڕۆژنامەنوس,1168
1309,ئاری عەبدوڵڵا,دهۆک,55,ئەندازیار,1299
1310,تانیا سۆران,کەرکووک,56,دیزاینەر,855
1311,لەنیا كەریم,سۆران,46,ئەندازیار,2509
1312,ژینۆ بابان,کەرکووک,28,بازرگان,1197
1313,هاوڕێ قادر,کۆیە,33,ئەندازیار,2588
1314,ژیان خۆشناو,کەرکووک,58,ژمێریار,3188
1315,هەڵکەوت قادر,کەرکووک,33,دیزاینەر,1198
1316,هاوڕێ قادر,هەولێر,19,بازرگان,2003
1317,ژیان بابان,هەولێر,53,پزیشک,3319
1318,کۆسار بابان,سلێمانی,59,بازرگان,2098
1319,دیار كەریم,هەولێر,31,گەشەپێدەری سۆفتوێر,743
1320,هەڵکەوت گەرمیانی,سۆران,47,گەشەپێدەری سۆفتوێر,2491
1321,کاروان گەرمیانی,کەرکووک,56,بازرگان,2136
1322,ژیان قادر,کۆیە,43,ژمێریار,2138
1323,سارا عومەر,ڕانیە,26,وێنەگر,3138
1324,هێمن گەرمیانی,کۆیە,59,ژمێریار,1563
1325,سۆران ئەحمەد,ڕانیە,25,مامۆستا,547
1326,سۆران ئەحمەد,سۆران,57,پارێزەر,2142
1327,شێركۆ سۆران,هەڵەبجە,58,ژمێریار,690
1328,نیشتمان مەحمود,هەڵەبجە,39,ڕۆژنامەنوس,1118
1329,زانا بابان,سۆران,29,مامۆستا,2536
1330,دیار سۆران,دهۆک,19,ژمێریار,2125
1331,ئاری عومەر,سلێمانی,62,ئەندازیار,2885
1332,بەرزان موكری,کۆیە,35,پارێزەر,3369
1333,نیشتمان گەرمیانی,ڕانیە,49,بازرگان,1890
1334,سۆران جاف,کەرکووک,40,وێنەگر,910
1335,سارا سۆران,سلێمانی,20,دیزاینەر,2620
1336,شنۆ مەنگوڕی,سۆران,50,وێنەگر,3008
1337,ژیان گەرمیانی,کەرکووک,32,پارێزەر,2346
1338,ژینۆ سۆران,کەرکووک,54,دیزاینەر,550
1339,زانا سۆران,کەرکووک,36,گەشەپێدەری سۆفتوێر,1480
1340,پشتیوان كەریم,سلێمانی,42,ڕۆژنامەنوس,3209
1341,کاروان عەبدوڵڵا,ڕانیە,31,ژمێریار,2055
1342,بەختیار ئەحمەد,سۆران,28,بازرگان,2169
1343,زانا بابان,کەرکووک,30,دیزاینەر,1464
1344,شێركۆ مەحمود,سلێمانی,65,ژمێریار,3146
1345,ژینۆ گەرمیانی,کۆیە,57,پزیشک,3263
1346,هێمن عوسمان,هەولێر,28,پزیشک,1875
1347,پشتیوان سەعيد,سۆران,31,بازرگان,2394
1348,سۆزان مەحمود,ڕانیە,58,ئەندازیار,737
1349,شنۆ حەسەن,کەرکووک,39,ئەندازیار,1742
1350,شنۆ قادر,دهۆک,60,گەشەپێدەری سۆفتوێر,497
1351,ئاری ئەحمەد,سلێمانی,57,ئەندازیار,1965
1352,پشتیوان حەسەن,کەرکووک,30,پارێزەر,420
1353,سۆزان بابان,سلێمانی,51,گەشەپێدەری سۆفتوێر,1386
1354,لەنیا قادر,دهۆک,51,ژمێریار,1428
1355,دیار كەریم,کەرکووک,49,پزیشک,434
1356,کاروان عوسمان,هەولێر,65,پارێزەر,2655
1357,کوردستان عوسمان,هەولێر,42,ئەندازیار,2285
1358,دیار سەعيد,سلێمانی,62,وێنەگر,2207
1359,پشتیوان جاف,کەرکووک,59,مامۆستا,817
1360,شێركۆ عومەر,ڕانیە,36,ئەندازیار,1462
1361,نیشتمان مەنگوڕی,دهۆک,22,گەشەپێدەری سۆفتوێر,1677
1362,کوردستان ئەحمەد,سلێمانی,53,دیزاینەر,3128
1363,هێمن قادر,سۆران,36,ژمێریار,595
1364,ژینۆ قادر,دهۆک,40,ڕۆژنامەنوس,2295
1365,شێركۆ بابان,هەولێر,25,ڕۆژنامەنوس,3342
1366,نیشتمان مەنگوڕی,کەرکووک,41,بازرگان,1858
1367,ڕێبین سۆران,کەرکووک,56,ژمێریار,2747
1368,هاوڕێ سۆران,ڕانیە,51,بازرگان,3244
1369,پشتیوان عەبدوڵڵا,کەرکووک,51,پارێزەر,3498
1370,ژیان مەنگوڕی,کەرکووک,24,بازرگان,2126
1371,شێركۆ مەحمود,دهۆک,21,بازرگان,1480
1372,سۆزان گەرمیانی,ڕانیە,37,گەشەپێدەری سۆفتوێر,2564
1373,شنۆ موكری,کەرکووک,62,وێنەگر,2246
1374,ژیان سەعيد,کەرکووک,51,بازرگان,2858
1375,کۆسار جاف,کۆیە,39,دیزاینەر,1852
1376,ئاری گەرمیانی,هەولێر,48,دیزاینەر,1445
1377,لەنیا عەبدوڵڵا,هەڵەبجە,48,گەشەپێدەری سۆفتوێر,676
1378,کاروان ئەحمەد,سلێمانی,28,وێنەگر,2662
1379,ژیان سۆران,هەڵەبجە,24,بازرگان,3432
1380,تانیا حەسەن,ڕانیە,63,ڕۆژنامەنوس,1739
1381,بەرزان گەرمیانی,دهۆک,22,گەشەپێدەری سۆفتوێر,1939
1382,لەنیا حەسەن,کۆیە,60,مامۆستا,2722
1383,کوردستان جاف,سۆران,31,پزیشک,720
1384,بەرزان مەحمود,ڕانیە,54,پزیشک,569
1385,شنۆ گەرمیانی,دهۆک,38,پزیشک,2088
1386,ژیان قادر,دهۆک,36,ژمێریار,1101
1387,هاوڕێ خۆشناو,کۆیە,58,گەشەپێدەری سۆفتوێر,639
1388,هاوڕێ عومەر,ڕانیە,48,ڕۆژنامەنوس,2113
1389,زانا ئەحمەد,کەرکووک,24,ئەندازیار,968
1390,بەختیار عەبدوڵڵا,ڕانیە,29,ژمێریار,3167
1391,تارا مەنگوڕی,هەڵەبجە,20,وێنەگر,655
1392,ئاری خۆشناو,سۆران,46,وێنەگر,1964
1393,ئاری سەعيد,سۆران,65,پارێزەر,740
1394,هاوڕێ مەنگوڕی,سلێمانی,29,پارێزەر,1933
1395,شێركۆ گەرمیانی,کۆیە,19,پارێزەر,700
1396,هاوڕێ بابان,کەرکووک,36,بازرگان,964
1397,کۆسار سۆران,سلێمانی,39,مامۆستا,1517
1398,ژینۆ ئەحمەد,هەولێر,24,وێنەگر,2301
1399,تارا حەسەن,ڕانیە,23,ئەندازیار,1108
1400,پشتیوان گەرمیانی,کەرکووک,44,دیزاینەر,2794
1401,شێركۆ حەسەن,دهۆک,37,ئەندازیار,1054
1402,کۆسار گەرمیانی,سۆران,51,دیزاینەر,539
1403,سارا عەبدوڵڵا,کەرکووک,33,دیزاینەر,520
1404,سۆزان سۆران,کەرکووک,30,ئەندازیار,3349
1405,لەنیا مەنگوڕی,دهۆک,54,گەشەپێدەری سۆفتوێر,3005
1406,تارا مەنگوڕی,هەولێر,24,مامۆستا,2472
1407,کوردستان سۆران,ڕانیە,58,ڕۆژنامەنوس,2093
1408,پشتیوان ئەحمەد,دهۆک,47,ڕۆژنامەنوس,513
1409,تارا حەسەن,ڕانیە,27,دیزاینەر,3377
1410,ئاری ئەحمەد,کەرکووک,64,پارێزەر,1114
1411,ژینۆ خۆشناو,سلێمانی,58,پارێزەر,747
1412,ژیان موكری,کەرکووک,62,پارێزەر,2775
1413,هاوڕێ گەرمیانی,سۆران,43,وێنەگر,3015
1414,بەرزان سەعيد,کۆیە,49,وێنەگر,2183
1415,زانا جاف,سۆران,19,پزیشک,1328
1416,ڕێبین عوسمان,کۆیە,38,پزیشک,2890
1417,سارا عوسمان,دهۆک,42,دیزاینەر,3468
1418,شنۆ ئەحمەد,دهۆک,19,بازرگان,991
1419,کاروان عوسمان,کۆیە,62,پارێزەر,2053
1420,کوردستان عومەر,هەولێر,39,پزیشک,2603
1421,ژیان عومەر,سلێمانی,50,پزیشک,722
1422,ژیان موكری,دهۆک,50,بازرگان,623
1423,زانا خۆشناو,هەڵەبجە,26,ڕۆژنامەنوس,1161
1424,شێركۆ جاف,سۆران,34,ژمێریار,2736
1425,ڕێبین سۆران,ڕانیە,50,دیزاینەر,1759
1426,دیار عومەر,هەولێر,29,ژمێریار,2948
1427,سۆزان عومەر,سلێمانی,21,دیزاینەر,1968
1428,ڕێبین سۆران,دهۆک,65,ئەندازیار,3277
1429,لەنیا جاف,کەرکووک,34,پارێزەر,2480
1430,بەختیار عەبدوڵڵا,هەڵەبجە,55,ئەندازیار,2463
1431,ژیان عوسمان,هەڵەبجە,45,پزیشک,1724
1432,سۆزان مەنگوڕی,ڕانیە,61,دیزاینەر,1461
1433,کوردستان حەسەن,کۆیە,35,ئەندازیار,2732
1434,بەرزان كەریم,هەولێر,45,پزیشک,3197
1435,پشتیوان ئەحمەد,هەڵەبجە,37,ژمێریار,2961
1436,کوردستان گەرمیانی,ڕانیە,55,ژمێریار,1794
1437,سۆران عوسمان,کەرکووک,30,مامۆستا,2378
1438,بەرزان سەعيد,هەولێر,30,پزیشک,1341
1439,تارا سەعيد,سۆران,31,ڕۆژنامەنوس,1851
1440,کۆسار موكری,ڕانیە,62,ڕۆژنامەنوس,900
1441,تارا كەریم,هەولێر,64,ژمێریار,1199
1442,ژیان كەریم,سلێمانی,28,ڕۆژنامەنوس,1385
1443,تارا موكری,دهۆک,31,ژمێریار,2178
1444,سۆران قادر,کەرکووک,20,بازرگان,2003
1445,کاروان سەعيد,سلێمانی,58,بازرگان,3500
1446,کاروان كەریم,کەرکووک,63,مامۆستا,667
1447,دیار ئەحمەد,هەڵەبجە,46,ژمێریار,2857
1448,ڕێبین سەعيد,سۆران,31,ژمێریار,2731
1449,سۆران گەرمیانی,کەرکووک,42,دیزاینەر,3426
1450,زانا قادر,کەرکووک,39,دیزاینەر,3250
1451,ژیان قادر,دهۆک,39,ڕۆژنامەنوس,956
1452,شێركۆ مەحمود,کەرکووک,25,ئەندازیار,2450
1453,کاروان سەعيد,کۆیە,46,وێنەگر,3018
1454,کۆسار سەعيد,هەڵەبجە,44,وێنەگر,2226
1455,لەنیا كەریم,کەرکووک,25,بازرگان,1297
1456,تارا قادر,کۆیە,29,ژمێریار,426
1457,نیشتمان گەرمیانی,سلێمانی,58,بازرگان,2775
1458,نیشتمان مەحمود,سلێمانی,47,پارێزەر,1135
1459,ڕێبین عەبدوڵڵا,ڕانیە,18,پزیشک,1668
1460,بەختیار سەعيد,سۆران,30,بازرگان,2797
1461,ئاری حەسەن,هەڵەبجە,23,پزیشک,2306
1462,نیشتمان ئەحمەد,سۆران,48,مامۆستا,827
1463,هێمن ئەحمەد,سلێمانی,27,دیزاینەر,1713
1464,تارا بابان,هەولێر,23,ژمێریار,2018
1465,هاوڕێ مەنگوڕی,هەڵەبجە,62,پارێزەر,459
1466,ئاری كەریم,کەرکووک,39,دیزاینەر,3355
1467,سۆران عومەر,کەرکووک,34,ئەندازیار,1816
1468,ئاری مەنگوڕی,ڕانیە,54,ڕۆژنامەنوس,2242
1469,کۆسار عوسمان,کۆیە,39,گەشەپێدەری سۆفتوێر,2531
1470,سۆران عەبدوڵڵا,کۆیە,41,دیزاینەر,3391
1471,سۆران سۆران,دهۆک,20,ئەندازیار,1756
1472,پشتیوان سۆران,سلێمانی,32,مامۆستا,1590
1473,شنۆ كەریم,سۆران,21,پارێزەر,1933
1474,دیار حەسەن,دهۆک,63,بازرگان,3497
1475,سۆزان مەنگوڕی,سۆران,24,دیزاینەر,2956
1476,هەڵکەوت عەبدوڵڵا,هەولێر,36,ئەندازیار,3003
1477,هێمن گەرمیانی,ڕانیە,64,مامۆستا,3459
1478,کوردستان سۆران,کەرکووک,45,ئەندازیار,1373
1479,شنۆ عەبدوڵڵا,هەولێر,53,ڕۆژنامەنوس,2880
1480,هێمن مەحمود,دهۆک,42,پزیشک,2236
1481,دیار مەنگوڕی,هەڵەبجە,61,پارێزەر,2579
1482,سارا عومەر,سۆران,41,ڕۆژنامەنوس,650
1483,ئاری جاف,سلێمانی,55,ژمێریار,969
1484,ژینۆ مەنگوڕی,کۆیە,30,پارێزەر,2256
1485,سۆزان عومەر,هەڵەبجە,21,پارێزەر,1913
1486,سۆزان سەعيد,کەرکووک,59,پارێزەر,1165
1487,شنۆ موكری,سلێمانی,61,مامۆستا,1241
1488,لەنیا سۆران,کۆیە,61,ژمێریار,2805
1489,سۆران كەریم,ڕانیە,34,بازرگان,3459
1490,هێمن خۆشناو,ڕانیە,30,ئەندازیار,2504
1491,سۆزان قادر,دهۆک,24,ژمێریار,2323
1492,کۆسار عوسمان,سلێمانی,51,گەشەپێدەری سۆفتوێر,626
1493,هەڵکەوت عەبدوڵڵا,هەڵەبجە,46,پزیشک,2725
1494,کۆسار بابان,دهۆک,41,دیزاینەر,1740
1495,ژیان سەعيد,دهۆک,23,پزیشک,3202
1496,نیشتمان مەنگوڕی,سلێمانی,32,گەشەپێدەری سۆفتوێر,1081
1497,کاروان عومەر,سۆران,50,مامۆستا,3500
1498,سۆران كەریم,کەرکووک,26,ئەندازیار,2323
1499,کوردستان قادر,کۆیە,39,ئەندازیار,2534
1500,هاوڕێ حەسەن,هەڵەبجە,48,ئەندازیار,441
1501,دیار مەنگوڕی,کەرکووک,37,وێنەگر,742
1502,سارا ئەحمەد,هەولێر,51,بازرگان,3160
1503,کوردستان مەنگوڕی,سۆران,18,پارێزەر,1751
1504,کاروان سۆران,سلێمانی,32,ڕۆژنامەنوس,3146
1505,زانا عومەر,ڕانیە,31,پارێزەر,2199
1506,تارا قادر,کۆیە,20,پارێزەر,2364
1507,بەرزان جاف,کەرکووک,31,وێنەگر,404
1508,بەختیار عوسمان,دهۆک,40,گەشەپێدەری سۆفتوێر,1685
1509,ڕێبین سۆران,ڕانیە,35,وێنەگر,1194
1510,بەختیار سۆران,هەولێر,48,ڕۆژنامەنوس,1622
1511,هێمن سەعيد,ڕانیە,19,ئەندازیار,3373
1512,سۆزان گەرمیانی,دهۆک,19,ژمێریار,1964
1513,هەڵکەوت عومەر,هەولێر,45,ئەندازیار,662
1514,کوردستان بابان,ڕانیە,18,بازرگان,2238
1515,هاوڕێ عوسمان,ڕانیە,22,وێنەگر,3154
1516,سۆزان مەحمود,ڕانیە,25,بازرگان,1900
1517,هەڵکەوت گەرمیانی,دهۆک,23,مامۆستا,1154
1518,هەڵکەوت موكری,سلێمانی,50,گەشەپێدەری سۆفتوێر,1166
1519,پشتیوان خۆشناو,سلێمانی,44,مامۆستا,1119
1520,هێمن گەرمیانی,سلێمانی,48,پارێزەر,1473
1521,تانیا قادر,هەڵەبجە,39,ژمێریار,617
1522,سۆران سەعيد,هەڵەبجە,20,ڕۆژنامەنوس,682
1523,تارا جاف,سلێمانی,63,ژمێریار,2866
1524,شێركۆ ئەحمەد,کۆیە,35,بازرگان,2438
1525,سۆران گەرمیانی,کۆیە,25,ژمێریار,2114
1526,ژیان گەرمیانی,ڕانیە,22,مامۆستا,2912
1527,پشتیوان عوسمان,سۆران,52,پارێزەر,3028
1528,کوردستان عوسمان,سلێمانی,46,ژمێریار,1859
1529,دیار گەرمیانی,هەڵەبجە,59,پزیشک,1488
1530,تارا موكری,سۆران,55,پزیشک,2045
1531,شنۆ مەنگوڕی,سلێمانی,52,پزیشک,1621
1532,کوردستان سەعيد,سلێمانی,52,ئەندازیار,3463
1533,پشتیوان حەسەن,هەڵەبجە,54,ژمێریار,1364
1534,هاوڕێ خۆشناو,کەرکووک,35,وێنەگر,1901
1535,ژیان مەنگوڕی,دهۆک,20,ڕۆژنامەنوس,1717
1536,هەڵکەوت كەریم,هەولێر,34,مامۆستا,1312
1537,هەڵکەوت جاف,سلێمانی,46,وێنەگر,3430
1538,هێمن سەعيد,ڕانیە,61,ژمێریار,3276
1539,بەرزان مەحمود,هەولێر,31,بازرگان,1181
1540,شنۆ عوسمان,کۆیە,50,بازرگان,1541
1541,تارا مەحمود,دهۆک,46,ڕۆژنامەنوس,654
1542,پشتیوان كەریم,هەولێر,37,پارێزەر,419
1543,کۆسار موكری,کەرکووک,43,پزیشک,1210
1544,ئاری عوسمان,سلێمانی,28,ئەندازیار,2117
1545,هەڵکەوت قادر,کۆیە,38,دیزاینەر,678
1546,تانیا خۆشناو,دهۆک,43,ڕۆژنامەنوس,731
1547,شێركۆ سۆران,ڕانیە,55,پزیشک,735
1548,کاروان ئەحمەد,هەڵەبجە,43,گەشەپێدەری سۆفتوێر,2467
1549,ژینۆ ئەحمەد,سلێمانی,37,ئەندازیار,1441
1550,سارا موكری,سلێمانی,34,دیزاینەر,529
1551,سۆران خۆشناو,کۆیە,34,پارێزەر,1730
1552,بەختیار مەنگوڕی,دهۆک,61,پزیشک,2609
1553,سۆزان عوسمان,ڕانیە,37,بازرگان,843
1554,کۆسار قادر,کۆیە,33,دیزاینەر,1685
1555,هێمن عەبدوڵڵا,کەرکووک,28,پزیشک,2285
1556,سارا عوسمان,دهۆک,32,ژمێریار,2325
1557,هێمن سەعيد,دهۆک,29,ژمێریار,3418
1558,شنۆ مەحمود,ڕانیە,35,پارێزەر,905
1559,تارا حەسەن,سلێمانی,24,پزیشک,1440
1560,هێمن خۆشناو,کەرکووک,18,دیزاینەر,3093
1561,زانا بابان,ڕانیە,19,ژمێریار,3447
1562,ڕێبین بابان,هەڵەبجە,30,پزیشک,2638
1563,شنۆ گەرمیانی,کۆیە,18,بازرگان,3077
1564,نیشتمان عوسمان,هەڵەبجە,20,ژمێریار,1123
1565,ژینۆ مەحمود,هەڵەبجە,39,ژمێریار,612
1566,تانیا كەریم,هەڵەبجە,30,پارێزەر,1141
1567,کوردستان قادر,سۆران,59,ئەندازیار,3082
1568,نیشتمان سۆران,کەرکووک,57,ژمێریار,3463
1569,ژینۆ موكری,کەرکووک,38,بازرگان,798
1570,ئاری عوسمان,هەڵەبجە,35,پارێزەر,2796
1571,هێمن موكری,دهۆک,31,دیزاینەر,1223
1572,ژیان قادر,سلێمانی,37,ڕۆژنامەنوس,2943
1573,سۆران قادر,هەولێر,34,ژمێریار,2902
1574,شێركۆ سۆران,کەرکووک,42,مامۆستا,2509
1575,سۆران قادر,سلێمانی,32,مامۆستا,1488
1576,زانا موكری,سلێمانی,44,وێنەگر,2643
1577,تارا عومەر,کۆیە,51,گەشەپێدەری سۆفتوێر,1939
1578,ژیان سەعيد,هەڵەبجە,50,وێنەگر,1527
1579,ئاری موكری,کۆیە,60,پارێزەر,2651
1580,هاوڕێ ئەحمەد,سۆران,30,دیزاینەر,472
1581,سۆزان بابان,هەڵەبجە,42,مامۆستا,2970
1582,تارا بابان,سلێمانی,32,پارێزەر,2877
1583,کاروان عوسمان,ڕانیە,46,ژمێریار,1027
1584,سۆزان بابان,سۆران,42,پزیشک,1289
1585,لەنیا مەحمود,دهۆک,44,وێنەگر,1914
1586,تارا عەبدوڵڵا,هەولێر,41,ژمێریار,1607
1587,کاروان ئەحمەد,ڕانیە,35,پارێزەر,1731
1588,هێمن عوسمان,ڕانیە,28,پزیشک,1283
1589,هاوڕێ قادر,هەولێر,61,پزیشک,1564
1590,شنۆ كەریم,سلێمانی,60,ژمێریار,788
1591,دیار مەنگوڕی,دهۆک,57,ئەندازیار,2746
1592,ژینۆ موكری,کەرکووک,53,پزیشک,947
1593,سۆران بابان,سۆران,36,بازرگان,3277
1594,هاوڕێ بابان,کۆیە,50,پارێزەر,2711
1595,زانا مەحمود,هەڵەبجە,25,پارێزەر,551
1596,هاوڕێ كەریم,کۆیە,35,مامۆستا,1480
1597,نیشتمان ئەحمەد,کۆیە,40,بازرگان,3260
1598,ژیان جاف,هەولێر,53,پارێزەر,2494
1599,کۆسار عەبدوڵڵا,سلێمانی,22,وێنەگر,1023
1600,لەنیا جاف,هەڵەبجە,43,گەشەپێدەری سۆفتوێر,3047
1601,هێمن بابان,ڕانیە,61,مامۆستا,1413
1602,ڕێبین خۆشناو,سۆران,61,ئەندازیار,1060
1603,بەرزان موكری,ڕانیە,35,دیزاینەر,2675
1604,نیشتمان سەعيد,دهۆک,65,وێنەگر,3253
1605,شنۆ قادر,دهۆک,24,ژمێریار,2172
1606,ژیان بابان,هەڵەبجە,62,وێنەگر,695
1607,شنۆ عوسمان,سۆران,51,پزیشک,2979
1608,شنۆ ئەحمەد,سلێمانی,48,گەشەپێدەری سۆفتوێر,3480
1609,ڕێبین خۆشناو,هەولێر,33,وێنەگر,1024
1610,تارا موكری,دهۆک,42,مامۆستا,2752
1611,سۆران عوسمان,سۆران,26,وێنەگر,2100
1612,هێمن كەریم,سۆران,63,ژمێریار,2226
1613,هاوڕێ موكری,کۆیە,56,پارێزەر,3106
1614,ژیان گەرمیانی,سلێمانی,33,بازرگان,3252
1615,ژیان موكری,سۆران,62,پارێزەر,3434
1616,شنۆ مەنگوڕی,هەولێر,44,گەشەپێدەری سۆفتوێر,1473
1617,کۆسار مەنگوڕی,کۆیە,61,پزیشک,3327
1618,بەرزان حەسەن,سلێمانی,64,پارێزەر,948
1619,تانیا گەرمیانی,کۆیە,36,گەشەپێدەری سۆفتوێر,968
1620,لەنیا عومەر,کەرکووک,54,ژمێریار,2603
1621,شنۆ ئەحمەد,سلێمانی,18,پارێزەر,2161
1622,شنۆ حەسەن,هەولێر,28,ئەندازیار,1283
1623,سارا قادر,کۆیە,24,دیزاینەر,1309
1624,سارا كەریم,سۆران,41,مامۆستا,977
1625,پشتیوان بابان,کۆیە,39,دیزاینەر,1529
1626,تارا حەسەن,ڕانیە,51,ئەندازیار,1621
1627,بەختیار قادر,دهۆک,26,دیزاینەر,2325
1628,هێمن سەعيد,کۆیە,22,ئەندازیار,3377
1629,ڕێبین ئەحمەد,ڕانیە,44,ژمێریار,3160
1630,شێركۆ گەرمیانی,کۆیە,51,بازرگان,620
1631,شنۆ عومەر,کۆیە,43,بازرگان,3279
1632,شێركۆ عوسمان,هەڵەبجە,20,ئەندازیار,2014
1633,ئاری قادر,سۆران,61,پزیشک,658
1634,ژیان عومەر,کۆیە,40,ڕۆژنامەنوس,1453
1635,ژینۆ قادر,سۆران,52,پزیشک,3494
1636,کاروان قادر,هەڵەبجە,24,پارێزەر,3134
1637,ژیان مەحمود,سۆران,28,دیزاینەر,621
1638,لەنیا خۆشناو,کۆیە,38,ژمێریار,2614
1639,سارا عومەر,دهۆک,20,دیزاینەر,2112
1640,سارا عومەر,سلێمانی,60,ڕۆژنامەنوس,2082
1641,بەختیار سۆران,سلێمانی,32,پارێزەر,1636
1642,ژینۆ موكری,هەڵەبجە,55,پارێزەر,1941
1643,کۆسار سەعيد,سلێمانی,23,گەشەپێدەری سۆفتوێر,1885
1644,ژینۆ مەنگوڕی,ڕانیە,60,مامۆستا,1610
1645,تارا گەرمیانی,سلێمانی,27,ڕۆژنامەنوس,2393
1646,دیار حەسەن,ڕانیە,52,دیزاینەر,2483
1647,تانیا عومەر,هەولێر,26,دیزاینەر,3084
1648,تانیا عومەر,سلێمانی,27,گەشەپێدەری سۆفتوێر,2077
1649,کوردستان جاف,کۆیە,46,مامۆستا,1059
1650,کۆسار كەریم,سلێمانی,62,بازرگان,1498
1651,ئاری عەبدوڵڵا,کەرکووک,55,وێنەگر,2456
1652,سۆزان گەرمیانی,کەرکووک,61,گەشەپێدەری سۆفتوێر,3221
1653,کۆسار عوسمان,ڕانیە,29,وێنەگر,2943
1654,کوردستان سۆران,سۆران,60,دیزاینەر,2253
1655,نیشتمان كەریم,دهۆک,47,دیزاینەر,1337
1656,پشتیوان عەبدوڵڵا,دهۆک,59,بازرگان,2069
1657,زانا عوسمان,سۆران,42,ژمێریار,1263
1658,شێركۆ حەسەن,هەولێر,49,پزیشک,3423
1659,هێمن مەنگوڕی,سلێمانی,42,پزیشک,1098
1660,هاوڕێ خۆشناو,دهۆک,24,پارێزەر,1034
1661,لەنیا حەسەن,کۆیە,64,دیزاینەر,2934
1662,ڕێبین قادر,دهۆک,36,دیزاینەر,462
1663,زانا عومەر,ڕانیە,40,ئەندازیار,2914
1664,کاروان بابان,ڕانیە,26,گەشەپێدەری سۆفتوێر,3362
1665,کاروان سەعيد,دهۆک,29,ئەندازیار,2511
1666,کاروان موكری,کەرکووک,30,وێنەگر,2782
1667,ژیان مەحمود,هەڵەبجە,51,وێنەگر,3293
1668,بەرزان جاف,سۆران,19,پارێزەر,544
1669,سۆران مەنگوڕی,کۆیە,48,وێنەگر,3468
1670,ئاری سۆران,هەڵەبجە,41,دیزاینەر,2703
1671,کوردستان موكری,کۆیە,48,ڕۆژنامەنوس,2529
1672,بەرزان مەحمود,سلێمانی,58,دیزاینەر,990
1673,شنۆ ئەحمەد,دهۆک,65,ڕۆژنامەنوس,989
1674,لەنیا ئەحمەد,سلێمانی,30,بازرگان,970
1675,سۆزان سەعيد,کەرکووک,54,گەشەپێدەری سۆفتوێر,2802
1676,دیار قادر,هەولێر,45,مامۆستا,2979
1677,نیشتمان خۆشناو,هەولێر,60,پارێزەر,2087
1678,ڕێبین جاف,کەرکووک,55,گەشەپێدەری سۆفتوێر,482
1679,ئاری كەریم,هەولێر,59,ژمێریار,1505
1680,کاروان حەسەن,دهۆک,29,ژمێریار,2885
1681,بەرزان عومەر,سۆران,37,مامۆستا,1773
1682,شنۆ عومەر,دهۆک,61,گەشەپێدەری سۆفتوێر,844
1683,تانیا مەنگوڕی,کەرکووک,37,مامۆستا,1402
1684,تانیا موكری,ڕانیە,44,ڕۆژنامەنوس,2667
1685,ژینۆ موكری,هەڵەبجە,58,پارێزەر,1993
1686,کوردستان قادر,سۆران,52,بازرگان,400
1687,هەڵکەوت قادر,سلێمانی,41,ئەندازیار,2000
1688,شنۆ جاف,سۆران,35,پارێزەر,1322
1689,سارا خۆشناو,ڕانیە,53,مامۆستا,2412
1690,شێركۆ جاف,ڕانیە,42,ڕۆژنامەنوس,1001
1691,ئاری مەنگوڕی,کەرکووک,64,پارێزەر,936
1692,زانا قادر,دهۆک,49,وێنەگر,1908
1693,بەختیار عومەر,کەرکووک,20,دیزاینەر,2259
1694,تانیا عوسمان,ڕانیە,49,بازرگان,1295
1695,پشتیوان سەعيد,ڕانیە,58,ژمێریار,1980
1696,نیشتمان عومەر,سلێمانی,30,وێنەگر,3373
1697,دیار سۆران,کۆیە,26,دیزاینەر,2269
1698,تانیا حەسەن,ڕانیە,36,ڕۆژنامەنوس,3249
1699,تانیا ئەحمەد,دهۆک,59,دیزاینەر,2695
1700,زانا عەبدوڵڵا,دهۆک,49,مامۆستا,3384
1701,کۆسار عەبدوڵڵا,دهۆک,65,ژمێریار,617
1702,سارا مەحمود,سۆران,25,بازرگان,422
1703,نیشتمان عوسمان,سلێمانی,44,ڕۆژنامەنوس,1108
1704,ئاری خۆشناو,ڕانیە,50,ژمێریار,503
1705,ئاری عومەر,ڕانیە,41,ئەندازیار,2722
1706,سۆران مەحمود,سلێمانی,29,وێنەگر,1847
1707,کوردستان جاف,دهۆک,28,ئەندازیار,3162
1708,ژینۆ گەرمیانی,هەڵەبجە,62,گەشەپێدەری سۆفتوێر,2240
1709,نیشتمان مەنگوڕی,هەڵەبجە,62,مامۆستا,1302
1710,بەرزان موكری,هەڵەبجە,45,پزیشک,964
1711,ڕێبین كەریم,دهۆک,24,وێنەگر,1455
1712,هێمن مەحمود,ڕانیە,63,دیزاینەر,554
1713,سۆران قادر,هەڵەبجە,35,بازرگان,3299
1714,شێركۆ كەریم,سلێمانی,63,ژمێریار,2947
1715,کوردستان بابان,کۆیە,31,وێنەگر,2463
1716,بەرزان سۆران,کۆیە,41,گەشەپێدەری سۆفتوێر,1638
1717,تارا عوسمان,سلێمانی,49,گەشەپێدەری سۆفتوێر,2394
1718,شێركۆ بابان,کەرکووک,30,ڕۆژنامەنوس,532
1719,ژینۆ كەریم,ڕانیە,61,پزیشک,1202
1720,ژینۆ مەنگوڕی,هەولێر,49,ڕۆژنامەنوس,1969
1721,سۆزان سەعيد,سلێمانی,31,گەشەپێدەری سۆفتوێر,2983
1722,ڕێبین بابان,هەولێر,61,ڕۆژنامەنوس,999
1723,سۆران خۆشناو,هەڵەبجە,52,وێنەگر,3017
1724,بەرزان موكری,کۆیە,54,بازرگان,3239
1725,کۆسار عوسمان,دهۆک,39,پزیشک,3145
1726,سۆزان كەریم,هەڵەبجە,59,دیزاینەر,3452
1727,کوردستان بابان,دهۆک,26,ڕۆژنامەنوس,491
1728,ڕێبین عومەر,کۆیە,38,پارێزەر,2692
1729,پشتیوان خۆشناو,کەرکووک,39,دیزاینەر,2944
1730,زانا خۆشناو,سلێمانی,44,ڕۆژنامەنوس,2035
1731,بەرزان جاف,ڕانیە,18,مامۆستا,2589
1732,تارا عومەر,کۆیە,53,وێنەگر,756
1733,بەختیار بابان,کۆیە,46,پارێزەر,833
1734,دیار قادر,هەولێر,63,ئەندازیار,2885
1735,سارا بابان,سلێمانی,25,دیزاینەر,728
1736,شنۆ سۆران,هەڵەبجە,33,وێنەگر,1062
1737,تارا سەعيد,سلێمانی,34,پزیشک,3158
1738,شنۆ حەسەن,سۆران,25,بازرگان,2845
1739,تانیا ئەحمەد,سۆران,46,ژمێریار,2774
1740,کۆسار جاف,کۆیە,63,گەشەپێدەری سۆفتوێر,1826
1741,هەڵکەوت خۆشناو,هەولێر,48,بازرگان,2129
1742,بەختیار مەنگوڕی,دهۆک,19,گەشەپێدەری سۆفتوێر,2935
1743,دیار مەحمود,دهۆک,50,بازرگان,2254
1744,ژیان گەرمیانی,کەرکووک,59,ژمێریار,1395
1745,هاوڕێ عەبدوڵڵا,دهۆک,45,دیزاینەر,2715
1746,تارا خۆشناو,ڕانیە,21,مامۆستا,3185
1747,ژیان موكری,کۆیە,20,بازرگان,1109
1748,ژیان سۆران,کۆیە,42,ئەندازیار,717
1749,تانیا گەرمیانی,کەرکووک,61,گەشەپێدەری سۆفتوێر,573
1750,هاوڕێ حەسەن,کەرکووک,20,بازرگان,712
1751,دیار موكری,هەڵەبجە,63,وێنەگر,464
1752,کۆسار كەریم,هەڵەبجە,36,دیزاینەر,1900
1753,پشتیوان حەسەن,ڕانیە,38,ڕۆژنامەنوس,1726
1754,زانا ئەحمەد,ڕانیە,31,ئەندازیار,1074
1755,تانیا مەحمود,هەڵەبجە,20,پارێزەر,3066
1756,هاوڕێ مەحمود,دهۆک,31,بازرگان,764
1757,ڕێبین سۆران,هەڵەبجە,23,ژمێریار,2618
1758,دیار موكری,هەڵەبجە,64,دیزاینەر,2745
1759,ژیان سەعيد,سۆران,36,گەشەپێدەری سۆفتوێر,879
1760,تارا كەریم,سۆران,62,بازرگان,780
1761,لەنیا گەرمیانی,کۆیە,18,ئەندازیار,2114
1762,شنۆ جاف,کۆیە,31,ڕۆژنامەنوس,2112
1763,بەختیار بابان,سلێمانی,56,بازرگان,2062
1764,تانیا سۆران,هەولێر,25,ژمێریار,2855
1765,تانیا مەنگوڕی,هەڵەبجە,35,گەشەپێدەری سۆفتوێر,2568
1766,تانیا عوسمان,هەڵەبجە,65,بازرگان,1136
1767,دیار جاف,هەولێر,42,پارێزەر,585
1768,کاروان جاف,سۆران,55,وێنەگر,2211
1769,بەختیار ئەحمەد,سۆران,53,ئەندازیار,484
1770,هەڵکەوت كەریم,دهۆک,45,وێنەگر,2346
1771,پشتیوان مەنگوڕی,سۆران,57,بازرگان,788
1772,کوردستان عەبدوڵڵا,هەولێر,56,ئەندازیار,3356
1773,هەڵکەوت عومەر,کەرکووک,60,گەشەپێدەری سۆفتوێر,825
1774,ژیان گەرمیانی,هەڵەبجە,35,بازرگان,3123
1775,سۆزان موكری,ڕانیە,58,ڕۆژنامەنوس,2444
1776,زانا موكری,سلێمانی,34,وێنەگر,751
1777,تانیا عومەر,کەرکووک,58,پارێزەر,743
1778,کۆسار عومەر,کەرکووک,38,ئەندازیار,729
1779,تانیا سەعيد,کەرکووک,49,ئەندازیار,1688
1780,نیشتمان سەعيد,سۆران,19,گەشەپێدەری سۆفتوێر,2913
1781,کۆسار جاف,کەرکووک,64,دیزاینەر,2967
1782,ژیان خۆشناو,سلێمانی,39,ژمێریار,2516
1783,زانا حەسەن,کەرکووک,28,پزیشک,1403
1784,لەنیا مەحمود,هەولێر,41,ژمێریار,1873
1785,بەرزان سۆران,دهۆک,54,پزیشک,1072
1786,تارا عوسمان,ڕانیە,55,وێنەگر,1330
1787,ژینۆ گەرمیانی,هەڵەبجە,45,ژمێریار,1344
1788,ئاری بابان,کەرکووک,54,مامۆستا,3371
1789,بەختیار قادر,ڕانیە,57,گەشەپێدەری سۆفتوێر,2840
1790,سارا موكری,ڕانیە,64,مامۆستا,2136
1791,هەڵکەوت حەسەن,هەولێر,25,وێنەگر,498
1792,ڕێبین كەریم,سلێمانی,60,پزیشک,683
1793,پشتیوان عومەر,کەرکووک,61,بازرگان,1202
1794,نیشتمان بابان,سۆران,53,ئەندازیار,3192
1795,شێركۆ جاف,هەولێر,49,مامۆستا,1598
1796,سۆران عومەر,دهۆک,35,ژمێریار,728
1797,ژیان مەحمود,سلێمانی,56,ژمێریار,2544
1798,بەرزان خۆشناو,سلێمانی,24,ڕۆژنامەنوس,1296
1799,ڕێبین قادر,دهۆک,64,پزیشک,2851
1800,سۆزان بابان,سۆران,65,ژمێریار,2211
1801,ئاری عوسمان,هەولێر,24,پزیشک,1831
1802,هاوڕێ عەبدوڵڵا,سلێمانی,42,وێنەگر,863
1803,کاروان قادر,کۆیە,65,گەشەپێدەری سۆفتوێر,873
1804,زانا كەریم,کۆیە,35,پزیشک,660
1805,ڕێبین عەبدوڵڵا,هەولێر,44,بازرگان,783
1806,کوردستان بابان,ڕانیە,63,پارێزەر,834
1807,کوردستان مەنگوڕی,ڕانیە,32,پزیشک,1711
1808,هێمن عومەر,دهۆک,53,گەشەپێدەری سۆفتوێر,1968
1809,بەرزان سەعيد,هەڵەبجە,23,پزیشک,3065
1810,تارا گەرمیانی,هەڵەبجە,22,وێنەگر,1545
1811,کوردستان سەعيد,کەرکووک,21,دیزاینەر,1069
1812,سۆزان خۆشناو,کەرکووک,25,پزیشک,2573
1813,ڕێبین عومەر,دهۆک,61,بازرگان,1148
1814,بەختیار جاف,هەڵەبجە,65,پزیشک,1663
1815,تارا كەریم,ڕانیە,47,پارێزەر,522
1816,زانا قادر,کۆیە,35,پزیشک,2436
1817,پشتیوان قادر,سلێمانی,35,ئەندازیار,3420
1818,بەختیار خۆشناو,کۆیە,31,گەشەپێدەری سۆفتوێر,1041
1819,هاوڕێ مەنگوڕی,هەڵەبجە,54,وێنەگر,595
1820,پشتیوان عومەر,سۆران,37,ئەندازیار,1353
1821,شنۆ سەعيد,کەرکووک,36,پارێزەر,2781
1822,نیشتمان عەبدوڵڵا,هەولێر,45,وێنەگر,950
1823,تانیا مەنگوڕی,هەولێر,47,ئەندازیار,3286
1824,تانیا عوسمان,هەڵەبجە,47,گەشەپێدەری سۆفتوێر,1720
1825,ڕێبین قادر,هەڵەبجە,41,دیزاینەر,783
1826,سۆران عومەر,سلێمانی,56,ئەندازیار,3390
1827,ڕێبین خۆشناو,دهۆک,49,مامۆستا,2419
1828,ژینۆ موكری,کۆیە,42,بازرگان,3248
1829,ڕێبین جاف,هەڵەبجە,21,پزیشک,2202
1830,هاوڕێ قادر,هەڵەبجە,24,بازرگان,472
1831,زانا موكری,سۆران,33,ئەندازیار,1288
1832,سۆران حەسەن,کەرکووک,32,ڕۆژنامەنوس,472
1833,کۆسار جاف,هەولێر,52,دیزاینەر,879
1834,کۆسار حەسەن,ڕانیە,39,پارێزەر,1344
1835,سۆران سەعيد,کۆیە,39,پارێزەر,1566
1836,سۆزان عومەر,کەرکووک,48,گەشەپێدەری سۆفتوێر,3219
1837,تانیا موكری,هەولێر,61,وێنەگر,1032
1838,پشتیوان ئەحمەد,ڕانیە,18,دیزاینەر,1410
1839,سۆزان ئەحمەد,سۆران,65,ئەندازیار,1210
1840,هێمن خۆشناو,هەڵەبجە,26,ڕۆژنامەنوس,596
1841,کۆسار عومەر,کەرکووک,23,پزیشک,2110
1842,تانیا موكری,سلێمانی,63,ڕۆژنامەنوس,3105
1843,سۆزان موكری,هەولێر,50,مامۆستا,2086
1844,لەنیا حەسەن,هەڵەبجە,64,مامۆستا,3097
1845,بەختیار سەعيد,کۆیە,40,پارێزەر,2806
1846,کاروان عەبدوڵڵا,هەڵەبجە,32,وێنەگر,3496
1847,کاروان كەریم,سلێمانی,46,وێنەگر,531
1848,بەرزان سۆران,کەرکووک,41,دیزاینەر,2881
1849,کۆسار سەعيد,ڕانیە,61,ڕۆژنامەنوس,482
1850,کوردستان خۆشناو,کۆیە,33,پزیشک,2691
1851,سارا بابان,دهۆک,22,پارێزەر,3236
1852,دیار كەریم,کۆیە,41,وێنەگر,2325
1853,کاروان جاف,کەرکووک,59,وێنەگر,1115
1854,هەڵکەوت بابان,هەڵەبجە,22,ئەندازیار,2795
1855,ژینۆ بابان,دهۆک,52,ئەندازیار,3435
1856,بەختیار سەعيد,دهۆک,19,ئەندازیار,2680
1857,بەرزان مەحمود,دهۆک,51,وێنەگر,1607
1858,سۆزان گەرمیانی,هەولێر,58,گەشەپێدەری سۆفتوێر,2612
1859,کۆسار مەنگوڕی,هەڵەبجە,38,ژمێریار,1275
1860,کوردستان بابان,سلێمانی,64,ڕۆژنامەنوس,3203
1861,سارا ئەحمەد,هەولێر,33,دیزاینەر,2295
1862,زانا موكری,دهۆک,49,پارێزەر,705
1863,ژینۆ سۆران,دهۆک,30,ژمێریار,782
1864,هەڵکەوت بابان,سۆران,54,دیزاینەر,1345
1865,تانیا قادر,هەڵەبجە,34,ئەندازیار,1578
1866,کۆسار عەبدوڵڵا,دهۆک,26,پارێزەر,783
1867,هەڵکەوت ئەحمەد,کۆیە,61,دیزاینەر,1087
1868,بەرزان مەحمود,هەولێر,50,ئەندازیار,2182
1869,پشتیوان عومەر,سلێمانی,45,گەشەپێدەری سۆفتوێر,2797
1870,کاروان جاف,هەولێر,39,بازرگان,2551
1871,نیشتمان خۆشناو,سلێمانی,45,پزیشک,2500
1872,سۆزان گەرمیانی,سۆران,24,بازرگان,3387
1873,تارا مەحمود,دهۆک,37,ژمێریار,1940
1874,ژیان جاف,کۆیە,37,مامۆستا,3114
1875,زانا جاف,ڕانیە,24,ژمێریار,2583
1876,سۆزان مەنگوڕی,کۆیە,52,ئەندازیار,2834
1877,زانا سەعيد,هەڵەبجە,50,پارێزەر,2690
1878,ژینۆ مەحمود,کەرکووک,44,مامۆستا,2373
1879,ئاری كەریم,هەڵەبجە,41,بازرگان,2213
1880,ئاری مەنگوڕی,هەڵەبجە,53,پارێزەر,2899
1881,هاوڕێ مەحمود,سۆران,52,پزیشک,1268
1882,تانیا جاف,هەولێر,37,وێنەگر,3429
1883,کوردستان مەحمود,سلێمانی,41,ڕۆژنامەنوس,3052
1884,ئاری سۆران,سلێمانی,21,بازرگان,2375
1885,ڕێبین جاف,هەڵەبجە,38,مامۆستا,2546
1886,زانا كەریم,سۆران,50,ئەندازیار,789
1887,نیشتمان حەسەن,ڕانیە,34,پزیشک,1118
1888,بەختیار گەرمیانی,کەرکووک,33,پزیشک,1774
1889,دیار كەریم,دهۆک,26,پزیشک,3304
1890,سارا عوسمان,دهۆک,38,بازرگان,2652
1891,هەڵکەوت سەعيد,کۆیە,45,وێنەگر,3203
1892,سۆزان كەریم,سۆران,44,مامۆستا,2786
1893,سۆزان كەریم,کۆیە,51,وێنەگر,2427
1894,دیار خۆشناو,ڕانیە,23,ژمێریار,1061
1895,تانیا گەرمیانی,هەولێر,37,مامۆستا,2331
1896,ژینۆ سۆران,هەولێر,41,گەشەپێدەری سۆفتوێر,2383
1897,ئاری عومەر,دهۆک,25,مامۆستا,1432
1898,تانیا سەعيد,سۆران,33,دیزاینەر,2386
1899,نیشتمان مەحمود,کەرکووک,41,گەشەپێدەری سۆفتوێر,3360
1900,ژیان حەسەن,هەڵەبجە,48,دیزاینەر,1439
1901,هێمن موكری,کۆیە,27,وێنەگر,2615
1902,شێركۆ كەریم,کەرکووک,35,گەشەپێدەری سۆفتوێر,1111
1903,تانیا سەعيد,کەرکووک,37,بازرگان,2306
1904,شنۆ گەرمیانی,دهۆک,54,پارێزەر,2660
1905,هاوڕێ عوسمان,کەرکووک,48,بازرگان,3311
1906,ژیان كەریم,دهۆک,61,مامۆستا,3105
1907,کۆسار كەریم,کۆیە,35,ژمێریار,1974
1908,ژیان سەعيد,هەولێر,39,ژمێریار,2835
1909,سارا ئەحمەد,کۆیە,35,گەشەپێدەری سۆفتوێر,405
1910,دیار موكری,دهۆک,54,پزیشک,3352
1911,کۆسار گەرمیانی,سۆران,62,گەشەپێدەری سۆفتوێر,2663
1912,ژینۆ بابان,سۆران,57,ڕۆژنامەنوس,3121
1913,لەنیا سەعيد,کۆیە,35,پزیشک,2683
1914,سۆران حەسەن,سۆران,64,گەشەپێدەری سۆفتوێر,3053
1915,شێركۆ مەحمود,سۆران,52,ژمێریار,2491
1916,بەرزان گەرمیانی,کەرکووک,58,ژمێریار,1631
1917,کۆسار سەعيد,هەولێر,33,ڕۆژنامەنوس,737
1918,ئاری خۆشناو,ڕانیە,53,بازرگان,2198
1919,کۆسار سۆران,کەرکووک,19,ڕۆژنامەنوس,2266
1920,نیشتمان قادر,ڕانیە,47,بازرگان,1165
1921,بەختیار موكری,ڕانیە,40,مامۆستا,534
1922,لەنیا سۆران,ڕانیە,57,گەشەپێدەری سۆفتوێر,3399
1923,کاروان عوسمان,ڕانیە,39,ئەندازیار,1773
1924,دیار خۆشناو,دهۆک,61,ئەندازیار,2007
1925,تارا عەبدوڵڵا,سۆران,44,ژمێریار,1607
1926,ژینۆ عەبدوڵڵا,ڕانیە,26,وێنەگر,895
1927,کوردستان بابان,سلێمانی,32,مامۆستا,3238
1928,شنۆ حەسەن,هەولێر,24,ژمێریار,2073
1929,هەڵکەوت مەنگوڕی,سلێمانی,41,پارێزەر,2903
1930,کاروان خۆشناو,هەڵەبجە,29,بازرگان,814
1931,سارا جاف,کەرکووک,64,مامۆستا,917
1932,لەنیا جاف,هەڵەبجە,54,ڕۆژنامەنوس,1001
1933,کوردستان عومەر,سۆران,32,دیزاینەر,3103
1934,ڕێبین خۆشناو,کەرکووک,60,گەشەپێدەری سۆفتوێر,2191
1935,سۆران مەحمود,سۆران,49,بازرگان,938
1936,بەرزان ئەحمەد,کەرکووک,24,بازرگان,1647
1937,شنۆ حەسەن,هەڵەبجە,44,دیزاینەر,1529
1938,ڕێبین عەبدوڵڵا,کۆیە,44,ژمێریار,1900
1939,هەڵکەوت ئەحمەد,کۆیە,41,پزیشک,751
1940,سۆزان حەسەن,هەڵەبجە,31,ڕۆژنامەنوس,458
1941,ڕێبین بابان,هەولێر,64,وێنەگر,2566
1942,سۆران سۆران,کۆیە,59,ئەندازیار,1110
1943,کاروان كەریم,سلێمانی,53,پزیشک,1442
1944,دیار سەعيد,هەولێر,61,دیزاینەر,1783
1945,هێمن عومەر,ڕانیە,38,بازرگان,1887
1946,ژیان خۆشناو,ڕانیە,29,وێنەگر,1925
1947,هێمن مەنگوڕی,سۆران,64,مامۆستا,1085
1948,کوردستان مەحمود,کەرکووک,58,مامۆستا,2793
1949,کوردستان بابان,کەرکووک,59,گەشەپێدەری سۆفتوێر,737
1950,ژینۆ قادر,کەرکووک,35,گەشەپێدەری سۆفتوێر,2305
1951,لەنیا جاف,هەولێر,20,پارێزەر,2161
1952,لەنیا مەحمود,سلێمانی,61,مامۆستا,3115
1953,پشتیوان بابان,سۆران,65,گەشەپێدەری سۆفتوێر,597
1954,هێمن گەرمیانی,هەڵەبجە,45,ئەندازیار,2613
1955,کۆسار مەحمود,دهۆک,18,ئەندازیار,1764
1956,ڕێبین عەبدوڵڵا,دهۆک,41,دیزاینەر,2334
1957,ئاری مەحمود,سلێمانی,57,ژمێریار,2490
1958,هەڵکەوت كەریم,هەولێر,40,پزیشک,1354
1959,هاوڕێ سۆران,کەرکووک,22,ئەندازیار,2310
1960,هێمن مەنگوڕی,دهۆک,25,گەشەپێدەری سۆفتوێر,1340
1961,بەختیار بابان,هەولێر,46,گەشەپێدەری سۆفتوێر,3018
1962,لەنیا قادر,ڕانیە,43,دیزاینەر,2503
1963,دیار بابان,کۆیە,58,بازرگان,559
1964,لەنیا ئەحمەد,کۆیە,65,پارێزەر,1969
1965,کاروان عومەر,ڕانیە,59,مامۆستا,2914
1966,نیشتمان مەحمود,سۆران,20,مامۆستا,3187
1967,هێمن عەبدوڵڵا,کەرکووک,43,مامۆستا,3213
1968,زانا سەعيد,سلێمانی,61,وێنەگر,3264
1969,بەرزان ئەحمەد,هەڵەبجە,32,ژمێریار,3303
1970,سارا ئەحمەد,سلێمانی,27,پارێزەر,1734
1971,کاروان موكری,کۆیە,41,پارێزەر,2621
1972,کۆسار عەبدوڵڵا,هەولێر,59,مامۆستا,3388
1973,کۆسار مەنگوڕی,کۆیە,57,پارێزەر,1715
1974,تارا ئەحمەد,سلێمانی,65,ڕۆژنامەنوس,3167
1975,سۆران مەحمود,کۆیە,37,ئەندازیار,3390
1976,ڕێبین موكری,هەڵەبجە,50,گەشەپێدەری سۆفتوێر,1865
1977,تارا حەسەن,هەولێر,46,وێنەگر,3469
1978,کوردستان عومەر,سۆران,51,ژمێریار,1365
1979,زانا سەعيد,هەڵەبجە,52,پزیشک,3361
1980,بەرزان موكری,سلێمانی,23,ڕۆژنامەنوس,949
1981,پشتیوان ئەحمەد,سۆران,61,بازرگان,2698
1982,هێمن مەحمود,سۆران,45,ئەندازیار,1351
1983,ڕێبین خۆشناو,دهۆک,24,ژمێریار,3324
1984,هەڵکەوت عوسمان,دهۆک,31,ڕۆژنامەنوس,1800
1985,هەڵکەوت قادر,سۆران,32,گەشەپێدەری سۆفتوێر,1790
1986,کوردستان عەبدوڵڵا,سۆران,54,ئەندازیار,1134
1987,کوردستان مەنگوڕی,ڕانیە,27,گەشەپێدەری سۆفتوێر,1162
1988,دیار ئەحمەد,کۆیە,28,بازرگان,2156
1989,ئاری گەرمیانی,کەرکووک,56,ڕۆژنامەنوس,1060
1990,کۆسار گەرمیانی,سۆران,51,بازرگان,2200
1991,پشتیوان حەسەن,هەڵەبجە,33,ئەندازیار,1173
1992,شنۆ جاف,هەولێر,18,پزیشک,2097
1993,سۆران سۆران,هەولێر,30,پزیشک,3186
1994,زانا عوسمان,کەرکووک,65,وێنەگر,2503
1995,کاروان سەعيد,هەڵەبجە,41,مامۆستا,2487
1996,تارا مەحمود,کەرکووک,48,گەشەپێدەری سۆفتوێر,1760
1997,نیشتمان ئەحمەد,سلێمانی,60,پزیشک,765
1998,ئاری بابان,کەرکووک,59,پزیشک,903
1999,ڕێبین عەبدوڵڵا,ڕانیە,63,پزیشک,541
2000,دیار عوسمان,هەڵەبجە,44,گەشەپێدەری سۆفتوێر,2533
2001,دیار موكری,ڕانیە,25,دیزاینەر,2378
2002,ئاری سۆران,کۆیە,54,پزیشک,2068
2003,کوردستان بابان,کەرکووک,47,وێنەگر,2401
2004,بەرزان عوسمان,کەرکووک,21,بازرگان,3052
2005,دیار عومەر,هەولێر,36,وێنەگر,512
2006,هێمن خۆشناو,کۆیە,44,ژمێریار,1197
2007,تارا موكری,سلێمانی,24,ژمێریار,2866
2008,شێركۆ جاف,هەولێر,26,بازرگان,2035
2009,کوردستان ئەحمەد,هەولێر,49,پارێزەر,501
2010,کاروان عەبدوڵڵا,سۆران,55,مامۆستا,2003
2011,شێركۆ قادر,کەرکووک,53,ئەندازیار,790
2012,هێمن موكری,هەولێر,46,وێنەگر,642
2013,شێركۆ قادر,سلێمانی,35,پارێزەر,1983
2014,ئاری مەنگوڕی,سلێمانی,22,ڕۆژنامەنوس,2970
2015,شێركۆ عومەر,هەڵەبجە,62,پزیشک,1418
2016,ئاری سەعيد,سلێمانی,33,بازرگان,3070
2017,دیار جاف,کەرکووک,32,مامۆستا,756
2018,ژینۆ موكری,سۆران,28,دیزاینەر,1867
2019,ڕێبین قادر,ڕانیە,57,ژمێریار,1588
2020,لەنیا كەریم,سلێمانی,34,پزیشک,2432
2021,شنۆ عوسمان,سۆران,31,وێنەگر,3493
2022,کاروان قادر,هەڵەبجە,32,ئەندازیار,3011
2023,ڕێبین كەریم,ڕانیە,50,ژمێریار,2554
2024,پشتیوان گەرمیانی,ڕانیە,22,پارێزەر,879
2025,شنۆ كەریم,هەڵەبجە,27,وێنەگر,3177
2026,بەختیار عوسمان,هەولێر,54,وێنەگر,2180
2027,هێمن عەبدوڵڵا,سلێمانی,63,پارێزەر,3338
2028,ئاری عەبدوڵڵا,کۆیە,56,دیزاینەر,1820
2029,کوردستان عومەر,دهۆک,56,بازرگان,1987
2030,هاوڕێ مەنگوڕی,کۆیە,30,ڕۆژنامەنوس,3245
2031,ژینۆ عومەر,هەڵەبجە,37,ئەندازیار,3157
2032,پشتیوان قادر,هەڵەبجە,50,ئەندازیار,2674
2033,کۆسار عوسمان,سۆران,46,ئەندازیار,442
2034,سۆزان كەریم,کۆیە,24,گەشەپێدەری سۆفتوێر,1198
2035,بەرزان موكری,سۆران,47,دیزاینەر,2313
2036,دیار گەرمیانی,کەرکووک,62,وێنەگر,2020
2037,ژیان جاف,کۆیە,57,وێنەگر,581
2038,شنۆ ئەحمەد,کەرکووک,20,ژمێریار,3183
2039,ژیان مەحمود,کۆیە,18,وێنەگر,3334
2040,ژیان جاف,هەڵەبجە,39,ژمێریار,2834
2041,لەنیا جاف,دهۆک,22,دیزاینەر,2159
2042,لەنیا بابان,هەڵەبجە,23,ئەندازیار,2144
2043,سۆزان موكری,سۆران,39,ڕۆژنامەنوس,1222
2044,نیشتمان ئەحمەد,کەرکووک,20,ژمێریار,1772
2045,ژینۆ گەرمیانی,کەرکووک,65,گەشەپێدەری سۆفتوێر,1003
2046,زانا موكری,سلێمانی,45,پارێزەر,951
2047,زانا سۆران,کەرکووک,56,پارێزەر,2889
2048,سۆزان عەبدوڵڵا,هەڵەبجە,50,بازرگان,2864
2049,سۆزان مەحمود,سلێمانی,22,پارێزەر,2553
2050,لەنیا عەبدوڵڵا,ڕانیە,55,دیزاینەر,3449
2051,کوردستان گەرمیانی,هەولێر,64,پارێزەر,3077
2052,بەرزان كەریم,کەرکووک,48,پارێزەر,1482
2053,ژیان كەریم,سۆران,40,وێنەگر,2722
2054,ڕێبین گەرمیانی,کەرکووک,40,ئەندازیار,641
2055,بەختیار خۆشناو,کەرکووک,57,وێنەگر,1992
2056,کۆسار موكری,هەولێر,28,پزیشک,2651
2057,شێركۆ سەعيد,کۆیە,53,گەشەپێدەری سۆفتوێر,1865
2058,هێمن عەبدوڵڵا,کەرکووک,27,پزیشک,3051
2059,نیشتمان موكری,سلێمانی,54,دیزاینەر,543
2060,پشتیوان ئەحمەد,سۆران,25,ئەندازیار,1761
2061,هەڵکەوت سۆران,هەڵەبجە,30,ئەندازیار,453
2062,کاروان سەعيد,هەولێر,27,بازرگان,1253
2063,ژینۆ خۆشناو,سلێمانی,44,وێنەگر,3241
2064,شنۆ گەرمیانی,سۆران,62,گەشەپێدەری سۆفتوێر,1706
2065,پشتیوان بابان,سلێمانی,47,وێنەگر,1395
2066,شنۆ سەعيد,هەڵەبجە,20,پزیشک,2090
2067,بەختیار مەنگوڕی,ڕانیە,30,مامۆستا,1329
2068,پشتیوان موكری,دهۆک,51,پزیشک,3213
2069,سۆران عومەر,ڕانیە,54,ڕۆژنامەنوس,1415
2070,هەڵکەوت عەبدوڵڵا,دهۆک,36,پارێزەر,2238
2071,تارا حەسەن,کەرکووک,33,گەشەپێدەری سۆفتوێر,1871
2072,تانیا سۆران,سۆران,61,پارێزەر,2914
2073,تانیا موكری,کۆیە,37,ئەندازیار,2567
2074,کوردستان موكری,هەڵەبجە,46,بازرگان,1130
2075,نیشتمان ئەحمەد,هەڵەبجە,20,پارێزەر,2211
2076,بەرزان عەبدوڵڵا,کەرکووک,41,دیزاینەر,2783
2077,ڕێبین عوسمان,دهۆک,23,بازرگان,2760
2078,تانیا خۆشناو,دهۆک,53,پارێزەر,1371
2079,دیار جاف,ڕانیە,21,بازرگان,1970
2080,سۆران قادر,سلێمانی,54,ئەندازیار,582
2081,ئاری كەریم,هەولێر,31,مامۆستا,2557
2082,هاوڕێ عەبدوڵڵا,کۆیە,46,ئەندازیار,680
2083,سۆران ئەحمەد,ڕانیە,34,دیزاینەر,1459
2084,هێمن عومەر,سۆران,56,بازرگان,3258
2085,لەنیا گەرمیانی,هەڵەبجە,62,پزیشک,1666
2086,هێمن بابان,هەڵەبجە,65,بازرگان,2040
2087,شنۆ مەنگوڕی,ڕانیە,52,وێنەگر,1594
2088,ڕێبین خۆشناو,سلێمانی,54,پارێزەر,2304
2089,تانیا سەعيد,هەولێر,53,ژمێریار,821
2090,هەڵکەوت عومەر,هەڵەبجە,62,وێنەگر,598
2091,ڕێبین ئەحمەد,هەڵەبجە,46,ئەندازیار,2909
2092,ئاری عومەر,سۆران,19,ڕۆژنامەنوس,3492
2093,سۆزان سەعيد,هەڵەبجە,33,پارێزەر,1811
2094,هێمن عەبدوڵڵا,سلێمانی,39,وێنەگر,3127
2095,شێركۆ مەنگوڕی,سلێمانی,30,پزیشک,1040
2096,تانیا بابان,سلێمانی,18,وێنەگر,2102
2097,سارا عومەر,کەرکووک,49,پزیشک,2139
2098,سۆزان سەعيد,ڕانیە,34,ئەندازیار,1324
2099,لەنیا جاف,هەولێر,42,وێنەگر,2996
2100,کاروان عەبدوڵڵا,کۆیە,39,ئەندازیار,800
2101,بەرزان حەسەن,هەولێر,24,ژمێریار,1109
2102,بەختیار عومەر,دهۆک,20,ژمێریار,1801
2103,نیشتمان جاف,کەرکووک,58,وێنەگر,2730
2104,تانیا كەریم,کۆیە,55,مامۆستا,1875
2105,ژینۆ كەریم,دهۆک,30,ئەندازیار,2717
2106,بەختیار سەعيد,ڕانیە,52,گەشەپێدەری سۆفتوێر,1162
2107,هێمن عومەر,هەولێر,30,وێنەگر,1631
2108,دیار عومەر,سۆران,54,پزیشک,2391
2109,کوردستان موكری,سلێمانی,19,بازرگان,2426
2110,تانیا عوسمان,سۆران,39,مامۆستا,758
2111,کاروان عوسمان,دهۆک,38,گەشەپێدەری سۆفتوێر,2165
2112,شێركۆ بابان,سۆران,61,ئەندازیار,2687
2113,لەنیا مەنگوڕی,هەولێر,31,ژمێریار,1472
2114,تانیا بابان,دهۆک,39,پزیشک,1319
2115,دیار حەسەن,دهۆک,51,دیزاینەر,568
2116,سۆران قادر,کۆیە,64,پارێزەر,3351
2117,هەڵکەوت بابان,کەرکووک,62,ژمێریار,2071
2118,هاوڕێ عومەر,دهۆک,21,ژمێریار,497
2119,کۆسار عومەر,سۆران,40,پارێزەر,814
2120,ژینۆ عەبدوڵڵا,ڕانیە,58,گەشەپێدەری سۆفتوێر,2531
2121,شێركۆ گەرمیانی,ڕانیە,30,گەشەپێدەری سۆفتوێر,2341
2122,ژیان عەبدوڵڵا,سۆران,45,پزیشک,1659
2123,سۆران سۆران,دهۆک,59,ئەندازیار,1449
2124,هاوڕێ بابان,ڕانیە,49,پارێزەر,2244
2125,لەنیا عومەر,سلێمانی,60,مامۆستا,3487
2126,کۆسار عەبدوڵڵا,هەڵەبجە,52,دیزاینەر,1792
2127,ئاری جاف,سلێمانی,49,پارێزەر,3381
2128,سۆران جاف,کەرکووک,36,مامۆستا,2389
2129,ئاری جاف,هەڵەبجە,42,پارێزەر,1311
2130,شنۆ حەسەن,سلێمانی,65,پزیشک,1650
2131,ڕێبین عوسمان,ڕانیە,47,ئەندازیار,2737
2132,زانا گەرمیانی,هەولێر,61,ژمێریار,3116
2133,تارا مەنگوڕی,سلێمانی,27,پزیشک,2339
2134,لەنیا گەرمیانی,سۆران,18,بازرگان,3147
2135,زانا بابان,هەولێر,25,مامۆستا,549
2136,ژیان ئەحمەد,هەولێر,61,بازرگان,882
2137,تارا عەبدوڵڵا,کەرکووک,37,مامۆستا,1869
2138,لەنیا كەریم,سۆران,44,بازرگان,1602
2139,سۆزان حەسەن,ڕانیە,19,وێنەگر,924
2140,کاروان موكری,سۆران,55,وێنەگر,2705
2141,سارا عومەر,کۆیە,25,بازرگان,788
2142,بەختیار بابان,هەڵەبجە,32,ژمێریار,1469
2143,کۆسار عوسمان,دهۆک,40,پارێزەر,824
2144,شێركۆ عومەر,سۆران,32,ڕۆژنامەنوس,3273
2145,بەرزان سۆران,سۆران,48,پزیشک,3488
2146,سارا قادر,هەولێر,25,بازرگان,1332
2147,کاروان خۆشناو,هەولێر,27,ئەندازیار,3037
2148,تارا كەریم,هەولێر,33,ڕۆژنامەنوس,660
2149,ژیان جاف,کۆیە,39,بازرگان,1537
2150,کاروان عومەر,سلێمانی,45,دیزاینەر,478
2151,پشتیوان عوسمان,دهۆک,51,بازرگان,2487
2152,دیار سۆران,ڕانیە,23,پارێزەر,2156
2153,تانیا جاف,کۆیە,27,گەشەپێدەری سۆفتوێر,1553
2154,شێركۆ عەبدوڵڵا,دهۆک,60,گەشەپێدەری سۆفتوێر,457
2155,ژینۆ قادر,ڕانیە,34,ژمێریار,2475
2156,ئاری موكری,سۆران,51,ڕۆژنامەنوس,987
2157,ڕێبین مەحمود,هەولێر,21,ڕۆژنامەنوس,3073
2158,ئاری جاف,ڕانیە,27,مامۆستا,1525
2159,سۆران بابان,هەڵەبجە,45,بازرگان,1874
2160,نیشتمان جاف,ڕانیە,36,مامۆستا,3396
2161,کۆسار حەسەن,کەرکووک,46,ڕۆژنامەنوس,1997
2162,شنۆ سۆران,کۆیە,44,ڕۆژنامەنوس,1284
2163,زانا مەحمود,کەرکووک,23,گەشەپێدەری سۆفتوێر,421
2164,ڕێبین كەریم,دهۆک,59,ئەندازیار,1455
2165,بەختیار موكری,هەولێر,25,وێنەگر,1198
2166,دیار قادر,ڕانیە,19,بازرگان,749
2167,ئاری ئەحمەد,کۆیە,21,وێنەگر,2503
2168,کۆسار ئەحمەد,سلێمانی,65,ئەندازیار,1966
2169,هێمن سۆران,دهۆک,58,گەشەپێدەری سۆفتوێر,440
2170,بەرزان قادر,سۆران,30,مامۆستا,1013
2171,ژینۆ بابان,سۆران,48,ڕۆژنامەنوس,1852
2172,ژینۆ كەریم,کەرکووک,37,گەشەپێدەری سۆفتوێر,3034
2173,ئاری مەحمود,سۆران,61,دیزاینەر,1615
2174,زانا سەعيد,کۆیە,20,وێنەگر,2193
2175,تارا قادر,ڕانیە,46,وێنەگر,2503
2176,هێمن كەریم,هەولێر,22,پارێزەر,1515
2177,کاروان قادر,سۆران,39,دیزاینەر,634
2178,کۆسار عەبدوڵڵا,سۆران,41,مامۆستا,560
2179,پشتیوان مەنگوڕی,هەولێر,33,ڕۆژنامەنوس,3232
2180,تانیا جاف,سلێمانی,48,بازرگان,2686
2181,زانا بابان,سلێمانی,32,پزیشک,1934
2182,بەختیار حەسەن,ڕانیە,28,وێنەگر,1942
2183,ئاری سۆران,هەولێر,48,ڕۆژنامەنوس,2676
2184,تانیا قادر,کەرکووک,59,ڕۆژنامەنوس,2743
2185,زانا مەحمود,ڕانیە,46,بازرگان,730
2186,ژیان خۆشناو,کەرکووک,21,دیزاینەر,793
2187,ڕێبین جاف,هەڵەبجە,45,پارێزەر,1280
2188,سۆزان حەسەن,هەڵەبجە,28,دیزاینەر,1298
2189,ژینۆ قادر,دهۆک,43,بازرگان,1395
2190,پشتیوان موكری,ڕانیە,59,مامۆستا,2542
2191,سارا سۆران,کەرکووک,58,بازرگان,3098
2192,سۆزان سەعيد,دهۆک,22,ئەندازیار,1728
2193,هاوڕێ عەبدوڵڵا,کۆیە,57,وێنەگر,1178
2194,کاروان حەسەن,هەولێر,32,پارێزەر,3021
2195,سۆزان عەبدوڵڵا,دهۆک,21,پزیشک,1000
2196,سۆزان سۆران,کەرکووک,19,ڕۆژنامەنوس,616
2197,سارا كەریم,سۆران,18,ڕۆژنامەنوس,1358
2198,سۆزان كەریم,کۆیە,38,وێنەگر,2237
2199,شێركۆ سۆران,سۆران,21,مامۆستا,2977
2200,ڕێبین كەریم,سلێمانی,33,ژمێریار,1055
2201,سارا مەحمود,سلێمانی,43,پارێزەر,1236
2202,هەڵکەوت كەریم,ڕانیە,46,پارێزەر,2672
2203,لەنیا سەعيد,هەولێر,43,دیزاینەر,1466
2204,پشتیوان موكری,هەڵەبجە,50,ئەندازیار,1106
2205,کۆسار مەنگوڕی,سلێمانی,34,بازرگان,1452
2206,سۆران سەعيد,ڕانیە,28,ڕۆژنامەنوس,3347
2207,لەنیا موكری,کۆیە,19,پزیشک,2505
2208,کوردستان مەحمود,سۆران,65,دیزاینەر,744
2209,هەڵکەوت عەبدوڵڵا,کۆیە,54,پزیشک,805
2210,شێركۆ سەعيد,دهۆک,37,پزیشک,2534
2211,زانا حەسەن,سلێمانی,40,مامۆستا,2921
2212,نیشتمان ئەحمەد,کەرکووک,24,ژمێریار,1624
2213,هەڵکەوت حەسەن,هەولێر,58,گەشەپێدەری سۆفتوێر,3182
2214,ئاری حەسەن,کەرکووک,33,وێنەگر,1183
2215,هاوڕێ مەحمود,هەولێر,48,پزیشک,2166
2216,شنۆ گەرمیانی,سلێمانی,33,مامۆستا,2943
2217,لەنیا عوسمان,هەولێر,33,ڕۆژنامەنوس,600
2218,دیار مەحمود,کۆیە,25,مامۆستا,491
2219,کوردستان قادر,سۆران,59,دیزاینەر,3148
2220,بەختیار مەنگوڕی,ڕانیە,64,پارێزەر,797
2221,لەنیا موكری,هەڵەبجە,27,مامۆستا,1857
2222,سۆزان خۆشناو,کەرکووک,38,بازرگان,2544
2223,پشتیوان سەعيد,کەرکووک,63,وێنەگر,906
2224,سۆزان كەریم,کۆیە,65,مامۆستا,1311
2225,زانا عومەر,هەولێر,49,بازرگان,3160
2226,لەنیا جاف,کەرکووک,48,دیزاینەر,3021
2227,ڕێبین مەحمود,دهۆک,33,ئەندازیار,518
2228,کوردستان عەبدوڵڵا,ڕانیە,37,ڕۆژنامەنوس,3182
2229,هێمن حەسەن,ڕانیە,59,ئەندازیار,2494
2230,شێركۆ موكری,سلێمانی,47,ژمێریار,3349
2231,لەنیا عەبدوڵڵا,هەولێر,33,ژمێریار,496
2232,شنۆ عومەر,سلێمانی,20,پزیشک,1380
2233,بەختیار مەنگوڕی,سلێمانی,30,پزیشک,1936
2234,پشتیوان موكری,سۆران,31,ئەندازیار,1321
2235,کوردستان موكری,کەرکووک,27,مامۆستا,505
2236,شنۆ بابان,کەرکووک,63,ژمێریار,1667
2237,بەرزان مەنگوڕی,ڕانیە,45,ئەندازیار,2568
2238,هاوڕێ خۆشناو,سۆران,58,پزیشک,1710
2239,زانا مەحمود,کەرکووک,48,ژمێریار,2563
2240,کاروان مەحمود,دهۆک,40,وێنەگر,1007
2241,کۆسار موكری,کەرکووک,50,پزیشک,963
2242,نیشتمان موكری,کەرکووک,54,پارێزەر,2750
2243,شنۆ ئەحمەد,ڕانیە,30,ڕۆژنامەنوس,2609
2244,کاروان سەعيد,کەرکووک,63,ژمێریار,2150
2245,بەرزان ئەحمەد,دهۆک,56,پزیشک,2741
2246,شنۆ خۆشناو,هەولێر,24,بازرگان,2376
2247,سۆران جاف,هەولێر,64,بازرگان,1209
2248,هێمن كەریم,کەرکووک,48,پارێزەر,1837
2249,نیشتمان عومەر,دهۆک,37,ئەندازیار,2652
2250,ژینۆ جاف,سۆران,29,گەشەپێدەری سۆفتوێر,3032
2251,شێركۆ عوسمان,سلێمانی,18,بازرگان,2896
2252,هەڵکەوت عەبدوڵڵا,سلێمانی,42,دیزاینەر,2047
2253,ژینۆ موكری,کەرکووک,28,گەشەپێدەری سۆفتوێر,2469
2254,پشتیوان عومەر,سلێمانی,52,پارێزەر,2450
2255,دیار كەریم,کەرکووک,45,مامۆستا,3009
2256,ژینۆ سەعيد,هەولێر,51,بازرگان,1703
2257,سۆزان گەرمیانی,دهۆک,35,وێنەگر,1999
2258,بەختیار جاف,سۆران,50,ژمێریار,2164
2259,نیشتمان خۆشناو,هەڵەبجە,61,ڕۆژنامەنوس,1853
2260,ئاری گەرمیانی,هەولێر,28,دیزاینەر,1630
2261,سۆران سۆران,سۆران,63,بازرگان,407
2262,ڕێبین ئەحمەد,ڕانیە,44,وێنەگر,633
2263,هەڵکەوت سەعيد,سلێمانی,29,ژمێریار,729
2264,سارا سۆران,دهۆک,27,وێنەگر,3148
2265,بەختیار مەحمود,ڕانیە,65,پزیشک,1854
2266,زانا سەعيد,سۆران,28,پزیشک,2343
2267,کۆسار حەسەن,هەولێر,44,مامۆستا,3233
2268,ژینۆ حەسەن,هەڵەبجە,50,بازرگان,2322
2269,بەرزان مەنگوڕی,هەڵەبجە,20,ئەندازیار,3142
2270,نیشتمان ئەحمەد,سۆران,43,پارێزەر,2373
2271,ئاری بابان,کەرکووک,29,دیزاینەر,520
2272,ڕێبین سەعيد,سۆران,53,مامۆستا,1950
2273,کوردستان گەرمیانی,کەرکووک,59,بازرگان,1423
2274,بەختیار عوسمان,ڕانیە,18,دیزاینەر,2089
2275,زانا مەحمود,ڕانیە,32,پارێزەر,687
2276,دیار عەبدوڵڵا,ڕانیە,28,بازرگان,1750
2277,شێركۆ ئەحمەد,سۆران,25,دیزاینەر,3475
2278,هەڵکەوت حەسەن,سۆران,41,دیزاینەر,1983
2279,ئاری عومەر,کۆیە,26,ڕۆژنامەنوس,960
2280,زانا سەعيد,هەولێر,37,پزیشک,2696
2281,ژیان عەبدوڵڵا,کۆیە,58,پزیشک,759
2282,ئاری مەحمود,کۆیە,22,ڕۆژنامەنوس,3104
2283,تانیا عەبدوڵڵا,هەولێر,34,مامۆستا,2396
2284,بەرزان ئەحمەد,هەڵەبجە,41,گەشەپێدەری سۆفتوێر,2352
2285,بەختیار مەحمود,سلێمانی,63,گەشەپێدەری سۆفتوێر,2650
2286,سۆران مەنگوڕی,دهۆک,25,ڕۆژنامەنوس,1888
2287,پشتیوان عومەر,سلێمانی,64,ڕۆژنامەنوس,3002
2288,تارا سۆران,دهۆک,32,وێنەگر,2683
2289,لەنیا مەحمود,سۆران,38,وێنەگر,2384
2290,دیار كەریم,هەولێر,27,گەشەپێدەری سۆفتوێر,1116
2291,زانا جاف,ڕانیە,62,پزیشک,3453
2292,شنۆ بابان,کەرکووک,37,پارێزەر,2582
2293,کۆسار سەعيد,سلێمانی,50,بازرگان,754
2294,لەنیا عومەر,کۆیە,27,ژمێریار,736
2295,شنۆ بابان,کەرکووک,27,پزیشک,1492
2296,هەڵکەوت سۆران,سۆران,54,ئەندازیار,2754
2297,بەرزان حەسەن,سلێمانی,54,ژمێریار,1439
2298,ژیان سۆران,دهۆک,59,دیزاینەر,2086
2299,دیار كەریم,هەولێر,36,ژمێریار,3000
2300,لەنیا عەبدوڵڵا,کەرکووک,24,بازرگان,2458
2301,کوردستان ئەحمەد,سلێمانی,50,بازرگان,1646
2302,سۆزان گەرمیانی,سۆران,19,ئەندازیار,1642
2303,ژینۆ قادر,هەڵەبجە,36,گەشەپێدەری سۆفتوێر,2731
2304,بەرزان خۆشناو,هەڵەبجە,48,پارێزەر,2938
2305,کوردستان جاف,کەرکووک,49,بازرگان,2334
2306,ڕێبین خۆشناو,کۆیە,40,ڕۆژنامەنوس,501
2307,بەرزان جاف,کەرکووک,54,ئەندازیار,1928
2308,شنۆ جاف,هەولێر,33,ژمێریار,2777
2309,سارا سەعيد,ڕانیە,55,مامۆستا,1246
2310,سۆزان موكری,کەرکووک,50,بازرگان,2969
2311,تارا موكری,سلێمانی,47,بازرگان,715
2312,شنۆ قادر,دهۆک,42,پزیشک,2868
2313,شێركۆ خۆشناو,سلێمانی,26,وێنەگر,3069
2314,سارا خۆشناو,هەڵەبجە,28,گەشەپێدەری سۆفتوێر,1590
2315,هێمن بابان,سۆران,35,ژمێریار,3225
2316,هەڵکەوت سۆران,کۆیە,62,ئەندازیار,3005
2317,پشتیوان قادر,ڕانیە,44,وێنەگر,1079
2318,سۆزان مەنگوڕی,دهۆک,55,پزیشک,2208
2319,کۆسار مەحمود,کۆیە,22,ڕۆژنامەنوس,3089
2320,نیشتمان سەعيد,سۆران,57,پزیشک,2254
2321,سۆزان بابان,کۆیە,65,ژمێریار,1644
2322,کاروان سەعيد,کەرکووک,62,پزیشک,460
2323,زانا عوسمان,دهۆک,22,پزیشک,1555
2324,هاوڕێ بابان,ڕانیە,19,پزیشک,1227
2325,هاوڕێ مەنگوڕی,سلێمانی,26,گەشەپێدەری سۆفتوێر,2116
2326,کاروان قادر,کەرکووک,65,گەشەپێدەری سۆفتوێر,1800
2327,لەنیا مەحمود,کۆیە,42,ڕۆژنامەنوس,3218
2328,پشتیوان سەعيد,ڕانیە,44,پارێزەر,2469
2329,ژینۆ عومەر,سۆران,42,ئەندازیار,1037
2330,بەختیار بابان,سلێمانی,62,وێنەگر,1471
2331,نیشتمان موكری,کۆیە,49,ژمێریار,1805
2332,پشتیوان مەحمود,سۆران,53,ژمێریار,3023
2333,دیار عوسمان,سۆران,38,دیزاینەر,2336
2334,کاروان مەحمود,هەولێر,42,مامۆستا,562
2335,سۆزان موكری,سلێمانی,55,ئەندازیار,1297
2336,دیار خۆشناو,کۆیە,26,پزیشک,579
2337,هێمن ئەحمەد,هەولێر,53,بازرگان,2754
2338,بەختیار سۆران,هەڵەبجە,39,وێنەگر,1977
2339,ژیان سەعيد,کۆیە,54,ژمێریار,2608
2340,نیشتمان كەریم,سلێمانی,53,مامۆستا,653
2341,سۆران سەعيد,هەڵەبجە,23,ژمێریار,526
2342,ژیان كەریم,کەرکووک,38,ڕۆژنامەنوس,941
2343,شێركۆ بابان,هەولێر,26,ئەندازیار,1561
2344,کوردستان عەبدوڵڵا,ڕانیە,41,پزیشک,2950
2345,بەرزان حەسەن,سۆران,39,گەشەپێدەری سۆفتوێر,1447
2346,زانا حەسەن,ڕانیە,33,ئەندازیار,2223
2347,تانیا ئەحمەد,ڕانیە,55,ڕۆژنامەنوس,3039
2348,سارا كەریم,هەڵەبجە,37,گەشەپێدەری سۆفتوێر,2873
2349,ژیان قادر,دهۆک,46,گەشەپێدەری سۆفتوێر,1580
2350,تارا عەبدوڵڵا,کۆیە,22,ئەندازیار,2222
2351,سۆزان عومەر,ڕانیە,47,پزیشک,1942
2352,پشتیوان قادر,هەڵەبجە,47,دیزاینەر,1864
2353,ئاری سۆران,هەڵەبجە,31,ڕۆژنامەنوس,2234
2354,بەرزان مەحمود,دهۆک,27,بازرگان,2658
2355,بەرزان حەسەن,کەرکووک,25,ئەندازیار,3310
2356,تارا خۆشناو,هەڵەبجە,21,مامۆستا,2199
2357,هێمن مەحمود,هەڵەبجە,54,پارێزەر,3303
2358,ژیان سۆران,دهۆک,22,پارێزەر,2047
2359,زانا كەریم,سلێمانی,25,بازرگان,1083
2360,بەرزان كەریم,کەرکووک,42,وێنەگر,1282
2361,سۆران مەنگوڕی,ڕانیە,50,پزیشک,689
2362,شێركۆ مەنگوڕی,سۆران,26,ژمێریار,2971
2363,دیار خۆشناو,کەرکووک,31,وێنەگر,1653
2364,کاروان قادر,دهۆک,42,ژمێریار,2301
2365,پشتیوان كەریم,کەرکووک,61,ڕۆژنامەنوس,3208
2366,کوردستان موكری,کەرکووک,21,بازرگان,3016
2367,کاروان سەعيد,هەڵەبجە,43,دیزاینەر,421
2368,تارا سەعيد,هەولێر,49,پارێزەر,1347
2369,نیشتمان كەریم,کەرکووک,29,وێنەگر,1047
2370,ئاری بابان,کۆیە,65,مامۆستا,3077
2371,ژینۆ عومەر,سلێمانی,65,پارێزەر,1886
2372,ژیان جاف,هەڵەبجە,30,دیزاینەر,2006
2373,کوردستان حەسەن,کۆیە,20,ئەندازیار,745
2374,دیار جاف,کۆیە,49,پارێزەر,472
2375,پشتیوان بابان,سۆران,20,پزیشک,467
2376,پشتیوان موكری,سۆران,46,وێنەگر,2783
2377,پشتیوان حەسەن,سۆران,43,ڕۆژنامەنوس,1836
2378,لەنیا خۆشناو,کەرکووک,35,ڕۆژنامەنوس,1137
2379,بەختیار خۆشناو,ڕانیە,49,ئەندازیار,2381
2380,کاروان قادر,هەڵەبجە,39,وێنەگر,2597
2381,سارا سۆران,ڕانیە,38,پزیشک,2958
2382,هەڵکەوت مەنگوڕی,کۆیە,49,پزیشک,1388
2383,بەختیار مەنگوڕی,کەرکووک,26,وێنەگر,1123
2384,کاروان مەنگوڕی,کەرکووک,24,وێنەگر,2117
2385,هاوڕێ خۆشناو,سۆران,31,مامۆستا,1102
2386,شنۆ سەعيد,ڕانیە,27,ژمێریار,2758
2387,نیشتمان سۆران,هەولێر,48,ئەندازیار,1012
2388,کۆسار گەرمیانی,سۆران,34,پارێزەر,615
2389,سۆزان خۆشناو,هەڵەبجە,21,ئەندازیار,2315
2390,هێمن حەسەن,هەولێر,51,ژمێریار,3324
2391,هاوڕێ مەنگوڕی,سلێمانی,62,پارێزەر,2306
2392,بەختیار قادر,سۆران,20,پزیشک,2359
2393,سۆران جاف,هەڵەبجە,44,پارێزەر,2429
2394,دیار مەنگوڕی,سلێمانی,44,بازرگان,2246
2395,ڕێبین قادر,هەولێر,30,پزیشک,2913
2396,نیشتمان مەحمود,هەڵەبجە,19,ئەندازیار,805
2397,بەختیار بابان,سلێمانی,24,پزیشک,2469
2398,ئاری خۆشناو,کۆیە,45,دیزاینەر,2412
2399,بەختیار جاف,ڕانیە,61,پزیشک,3081
2400,بەرزان خۆشناو,سۆران,46,پزیشک,603
2401,کوردستان مەنگوڕی,دهۆک,57,ژمێریار,733
2402,هەڵکەوت قادر,کەرکووک,63,وێنەگر,1726
2403,ئاری عوسمان,هەولێر,29,وێنەگر,866
2404,کوردستان خۆشناو,سۆران,56,دیزاینەر,1263
2405,لەنیا گەرمیانی,ڕانیە,35,ئەندازیار,713
2406,هاوڕێ كەریم,دهۆک,31,ڕۆژنامەنوس,2374
2407,بەختیار مەحمود,ڕانیە,54,دیزاینەر,494
2408,سارا عوسمان,دهۆک,24,پارێزەر,2020
2409,سۆران سۆران,سلێمانی,57,دیزاینەر,691
2410,هێمن موكری,سلێمانی,39,ڕۆژنامەنوس,2282
2411,کاروان سەعيد,هەولێر,51,ڕۆژنامەنوس,1628
2412,هێمن عومەر,هەڵەبجە,39,دیزاینەر,2197
2413,هێمن مەنگوڕی,سلێمانی,47,وێنەگر,2571
2414,ڕێبین مەحمود,ڕانیە,54,ڕۆژنامەنوس,2063
2415,کاروان بابان,هەڵەبجە,65,وێنەگر,726
2416,شنۆ مەنگوڕی,سلێمانی,43,ئەندازیار,960
2417,کاروان سەعيد,سلێمانی,51,ئەندازیار,469
2418,ژیان مەحمود,دهۆک,35,ژمێریار,758
2419,لەنیا مەنگوڕی,دهۆک,65,ڕۆژنامەنوس,1187
2420,هەڵکەوت كەریم,هەولێر,32,پارێزەر,1954
2421,سارا سۆران,سلێمانی,63,گەشەپێدەری سۆفتوێر,2798
2422,بەختیار عەبدوڵڵا,دهۆک,54,مامۆستا,2565
2423,ژیان حەسەن,سۆران,39,ژمێریار,571
2424,بەرزان حەسەن,هەولێر,34,ئەندازیار,3377
2425,تانیا كەریم,سلێمانی,31,وێنەگر,2133
2426,کاروان ئەحمەد,کۆیە,21,پزیشک,2498
2427,هاوڕێ خۆشناو,هەڵەبجە,20,دیزاینەر,2934
2428,بەرزان كەریم,سۆران,60,پارێزەر,1878
2429,پشتیوان جاف,کەرکووک,58,مامۆستا,2232
2430,شنۆ سەعيد,هەولێر,47,دیزاینەر,2752
2431,شێركۆ كەریم,سلێمانی,29,ژمێریار,1612
2432,سۆزان جاف,هەولێر,40,پارێزەر,628
2433,نیشتمان مەنگوڕی,کەرکووک,51,پزیشک,1125
2434,بەرزان عوسمان,هەولێر,49,بازرگان,476
2435,لەنیا سۆران,سۆران,60,گەشەپێدەری سۆفتوێر,1544
2436,کوردستان مەنگوڕی,کۆیە,31,ژمێریار,583
2437,بەختیار گەرمیانی,سۆران,63,مامۆستا,2432
2438,بەختیار جاف,هەڵەبجە,39,ڕۆژنامەنوس,2883
2439,پشتیوان قادر,سلێمانی,27,گەشەپێدەری سۆفتوێر,1334
2440,ئاری مەنگوڕی,هەولێر,51,گەشەپێدەری سۆفتوێر,3104
2441,شێركۆ موكری,هەڵەبجە,54,گەشەپێدەری سۆفتوێر,2405
2442,هەڵکەوت عومەر,ڕانیە,22,ژمێریار,2137
2443,کوردستان ئەحمەد,کەرکووک,38,پزیشک,2825
2444,زانا مەنگوڕی,سلێمانی,55,وێنەگر,515
2445,بەختیار ئەحمەد,دهۆک,21,دیزاینەر,1805
2446,هێمن حەسەن,ڕانیە,37,بازرگان,1650
2447,ژینۆ ئەحمەد,سۆران,54,ئەندازیار,3142
2448,بەختیار موكری,هەڵەبجە,27,وێنەگر,2893
2449,هێمن جاف,ڕانیە,47,بازرگان,1688
2450,هێمن عەبدوڵڵا,هەڵەبجە,34,بازرگان,549
2451,لەنیا ئەحمەد,کەرکووک,20,دیزاینەر,3335
2452,ڕێبین عومەر,سلێمانی,49,وێنەگر,1372
2453,شێركۆ قادر,سلێمانی,52,وێنەگر,1636
2454,تانیا موكری,ڕانیە,57,گەشەپێدەری سۆفتوێر,2477
2455,نیشتمان مەنگوڕی,ڕانیە,53,ژمێریار,3476
2456,نیشتمان بابان,سۆران,21,پزیشک,1807
2457,زانا ئەحمەد,سۆران,36,وێنەگر,1146
2458,تانیا ئەحمەد,ڕانیە,23,مامۆستا,2408
2459,بەرزان قادر,کەرکووک,44,گەشەپێدەری سۆفتوێر,3001
2460,تانیا گەرمیانی,کەرکووک,55,وێنەگر,2133
2461,کاروان عومەر,ڕانیە,20,مامۆستا,2589
2462,پشتیوان خۆشناو,ڕانیە,28,پارێزەر,1577
2463,شێركۆ سەعيد,ڕانیە,35,پزیشک,1363
2464,ژیان ئەحمەد,هەولێر,21,دیزاینەر,3080
2465,زانا سۆران,کەرکووک,50,ژمێریار,2919
2466,پشتیوان جاف,هەڵەبجە,24,وێنەگر,2228
2467,کوردستان جاف,کۆیە,61,پزیشک,1015
2468,نیشتمان سۆران,کۆیە,52,بازرگان,1325
2469,لەنیا گەرمیانی,سۆران,64,ئەندازیار,2567
2470,هێمن سەعيد,هەولێر,30,وێنەگر,2514
2471,هاوڕێ مەحمود,سۆران,50,ژمێریار,542
2472,تانیا قادر,سۆران,47,وێنەگر,1467
2473,کاروان كەریم,هەولێر,50,پارێزەر,2950
2474,ڕێبین موكری,هەولێر,49,گەشەپێدەری سۆفتوێر,1520
2475,زانا كەریم,هەولێر,45,ڕۆژنامەنوس,2450
2476,پشتیوان عەبدوڵڵا,سۆران,50,گەشەپێدەری سۆفتوێر,1759
2477,سارا كەریم,کەرکووک,52,پارێزەر,2968
2478,سارا مەحمود,دهۆک,33,وێنەگر,3286
2479,دیار مەنگوڕی,سلێمانی,32,ژمێریار,2473
2480,سۆزان جاف,دهۆک,22,دیزاینەر,502
2481,شێركۆ قادر,هەڵەبجە,40,پارێزەر,1245
2482,زانا ئەحمەد,هەولێر,29,گەشەپێدەری سۆفتوێر,743
2483,زانا كەریم,ڕانیە,49,ڕۆژنامەنوس,1004
2484,ڕێبین گەرمیانی,سۆران,30,ئەندازیار,2758
2485,لەنیا عوسمان,کۆیە,54,مامۆستا,1139
2486,تانیا موكری,هەڵەبجە,33,پزیشک,1549
2487,ژیان گەرمیانی,ڕانیە,18,بازرگان,3089
2488,کۆسار عوسمان,کۆیە,39,بازرگان,1508
2489,شێركۆ سۆران,ڕانیە,25,دیزاینەر,1562
2490,کاروان خۆشناو,کەرکووک,62,پزیشک,3430
2491,ڕێبین سۆران,کۆیە,61,ئەندازیار,2302
2492,شێركۆ حەسەن,هەڵەبجە,54,وێنەگر,832
2493,دیار سۆران,هەولێر,34,پارێزەر,3157
2494,تانیا جاف,سۆران,63,مامۆستا,2201
2495,ژیان كەریم,هەولێر,39,ژمێریار,519
2496,پشتیوان خۆشناو,سلێمانی,62,ئەندازیار,914
2497,کاروان مەحمود,ڕانیە,44,وێنەگر,2564
2498,ڕێبین گەرمیانی,کەرکووک,18,ژمێریار,1460
2499,بەرزان بابان,هەولێر,18,پزیشک,2842
2500,نیشتمان سۆران,کەرکووک,63,ئەندازیار,2301
2501,ژینۆ مەنگوڕی,دهۆک,26,ژمێریار,2748
2502,هەڵکەوت كەریم,کەرکووک,38,گەشەپێدەری سۆفتوێر,1379
2503,ژینۆ خۆشناو,سلێمانی,65,وێنەگر,2988
2504,سارا سۆران,کەرکووک,28,ڕۆژنامەنوس,3044
2505,لەنیا سۆران,سۆران,47,ئەندازیار,2734
2506,هەڵکەوت سەعيد,کۆیە,24,گەشەپێدەری سۆفتوێر,2702
2507,تارا قادر,ڕانیە,31,پارێزەر,1803
2508,شێركۆ خۆشناو,هەڵەبجە,18,بازرگان,3477
2509,کۆسار ئەحمەد,دهۆک,52,ڕۆژنامەنوس,2969
2510,شنۆ سۆران,هەولێر,51,پزیشک,3489
2511,هەڵکەوت عوسمان,سلێمانی,37,مامۆستا,1675
2512,ژیان گەرمیانی,ڕانیە,34,پزیشک,1858
2513,کوردستان عەبدوڵڵا,هەولێر,57,پارێزەر,2461
2514,زانا مەنگوڕی,هەولێر,23,دیزاینەر,2268
2515,زانا خۆشناو,کۆیە,40,وێنەگر,1564
2516,زانا عوسمان,کەرکووک,57,ڕۆژنامەنوس,2303
2517,بەختیار مەنگوڕی,کۆیە,56,پزیشک,1516
2518,کوردستان عەبدوڵڵا,سلێمانی,26,گەشەپێدەری سۆفتوێر,1319
2519,ڕێبین ئەحمەد,کەرکووک,46,ڕۆژنامەنوس,541
2520,لەنیا مەحمود,کەرکووک,39,پارێزەر,643
2521,کوردستان مەنگوڕی,هەولێر,57,وێنەگر,3096
2522,پشتیوان قادر,هەڵەبجە,52,وێنەگر,1229
2523,لەنیا حەسەن,هەڵەبجە,36,بازرگان,3361
2524,ژینۆ ئەحمەد,هەڵەبجە,42,وێنەگر,604
2525,تارا كەریم,سلێمانی,25,بازرگان,2270
2526,نیشتمان ئەحمەد,سلێمانی,35,گەشەپێدەری سۆفتوێر,2234
2527,دیار حەسەن,سۆران,35,مامۆستا,2600
2528,هاوڕێ مەحمود,هەولێر,38,پزیشک,1757
2529,کوردستان عوسمان,هەڵەبجە,50,مامۆستا,2460
2530,بەختیار بابان,سلێمانی,27,ژمێریار,1828
2531,ژینۆ عەبدوڵڵا,هەولێر,60,پارێزەر,2820
2532,سارا عوسمان,کەرکووک,63,دیزاینەر,2871
2533,بەختیار موكری,هەولێر,59,پزیشک,1373
2534,ژیان ئەحمەد,هەولێر,33,ئەندازیار,452
2535,کۆسار سەعيد,دهۆک,42,ژمێریار,1452
2536,پشتیوان جاف,سۆران,62,دیزاینەر,3418
2537,تارا بابان,سۆران,48,مامۆستا,2673
2538,ڕێبین جاف,ڕانیە,55,دیزاینەر,923
2539,بەرزان ئەحمەد,کەرکووک,30,بازرگان,2670
2540,هەڵکەوت جاف,کۆیە,51,دیزاینەر,1568
2541,ئاری عومەر,هەڵەبجە,56,بازرگان,1722
2542,هاوڕێ بابان,سلێمانی,19,ژمێریار,1530
2543,تارا جاف,کۆیە,49,ژمێریار,612
2544,کوردستان بابان,سۆران,51,ژمێریار,2935
2545,دیار جاف,سۆران,50,ژمێریار,2483
2546,تارا خۆشناو,هەڵەبجە,45,وێنەگر,2118
2547,هەڵکەوت ئەحمەد,دهۆک,41,وێنەگر,1815
2548,هێمن ئەحمەد,کۆیە,41,وێنەگر,557
2549,سۆران عومەر,سلێمانی,39,ڕۆژنامەنوس,3082
2550,ژینۆ مەحمود,دهۆک,39,وێنەگر,2841
2551,هێمن بابان,ڕانیە,45,ژمێریار,458
2552,زانا مەنگوڕی,دهۆک,19,ڕۆژنامەنوس,2320
2553,سارا جاف,سلێمانی,53,پزیشک,1545
2554,شێركۆ عومەر,سلێمانی,46,دیزاینەر,1033
2555,دیار سۆران,کۆیە,65,ژمێریار,2773
2556,نیشتمان حەسەن,کۆیە,65,ئەندازیار,2494
2557,بەرزان بابان,کۆیە,32,ئەندازیار,812
2558,لەنیا موكری,هەولێر,58,ژمێریار,2872
2559,کوردستان عوسمان,دهۆک,47,پزیشک,720
2560,شێركۆ گەرمیانی,ڕانیە,25,مامۆستا,2061
2561,سۆران مەحمود,کەرکووک,45,ئەندازیار,2906
2562,پشتیوان گەرمیانی,سلێمانی,47,بازرگان,920
2563,ژیان عەبدوڵڵا,سلێمانی,24,پزیشک,757
2564,هەڵکەوت قادر,هەڵەبجە,35,وێنەگر,974
2565,ژیان سۆران,دهۆک,21,ئەندازیار,1361
2566,ڕێبین قادر,هەولێر,24,دیزاینەر,3109
2567,نیشتمان كەریم,هەولێر,33,ژمێریار,2465
2568,کاروان عەبدوڵڵا,هەولێر,48,ژمێریار,3043
2569,دیار مەنگوڕی,سلێمانی,38,گەشەپێدەری سۆفتوێر,3301
2570,هێمن مەحمود,هەولێر,60,پزیشک,1833
2571,هاوڕێ سۆران,دهۆک,25,وێنەگر,3104
2572,تارا موكری,کەرکووک,56,گەشەپێدەری سۆفتوێر,2170
2573,سۆزان عومەر,ڕانیە,60,دیزاینەر,1939
2574,ژینۆ قادر,کەرکووک,44,گەشەپێدەری سۆفتوێر,3440
2575,لەنیا موكری,کۆیە,49,گەشەپێدەری سۆفتوێر,1147
2576,بەختیار قادر,هەڵەبجە,35,بازرگان,2264
2577,ژینۆ عوسمان,دهۆک,28,وێنەگر,1585
2578,زانا سەعيد,کەرکووک,33,گەشەپێدەری سۆفتوێر,2519
2579,تارا عوسمان,هەولێر,54,وێنەگر,1183
2580,لەنیا عومەر,کۆیە,34,وێنەگر,3068
2581,ژیان حەسەن,ڕانیە,56,گەشەپێدەری سۆفتوێر,3454
2582,سۆزان سۆران,سۆران,65,بازرگان,3224
2583,زانا بابان,کەرکووک,23,وێنەگر,3432
2584,تارا كەریم,دهۆک,61,مامۆستا,3261
2585,دیار سەعيد,هەڵەبجە,60,ژمێریار,732
2586,لەنیا گەرمیانی,سلێمانی,23,دیزاینەر,2674
2587,هاوڕێ مەنگوڕی,سلێمانی,59,ئەندازیار,3116
2588,لەنیا جاف,دهۆک,63,دیزاینەر,3001
2589,سۆزان گەرمیانی,ڕانیە,33,پزیشک,894
2590,بەختیار موكری,هەڵەبجە,63,دیزاینەر,798
2591,هێمن عەبدوڵڵا,هەڵەبجە,41,پارێزەر,2091
2592,سارا بابان,هەولێر,20,ڕۆژنامەنوس,2036
2593,دیار مەنگوڕی,هەڵەبجە,44,گەشەپێدەری سۆفتوێر,3429
2594,کاروان بابان,سلێمانی,31,مامۆستا,2780
2595,نیشتمان خۆشناو,دهۆک,55,گەشەپێدەری سۆفتوێر,824
2596,تارا جاف,سلێمانی,63,ژمێریار,2532
2597,سۆزان عەبدوڵڵا,هەولێر,25,ئەندازیار,3453
2598,ژینۆ موكری,ڕانیە,28,وێنەگر,2002
2599,سۆران جاف,سۆران,31,ژمێریار,1697
2600,شێركۆ مەنگوڕی,هەڵەبجە,30,بازرگان,3097
2601,کوردستان خۆشناو,سلێمانی,62,پزیشک,1310
2602,سارا سۆران,کەرکووک,31,ژمێریار,1990
2603,زانا مەحمود,ڕانیە,21,مامۆستا,942
2604,دیار مەحمود,ڕانیە,28,ئەندازیار,1933
2605,تارا سۆران,سۆران,52,پزیشک,2949
2606,نیشتمان گەرمیانی,کەرکووک,24,پارێزەر,976
2607,تانیا قادر,دهۆک,61,ژمێریار,3327
2608,بەختیار عوسمان,هەڵەبجە,51,پزیشک,3369
2609,هەڵکەوت گەرمیانی,هەولێر,40,ڕۆژنامەنوس,1463
2610,تانیا حەسەن,سۆران,34,مامۆستا,1055
2611,نیشتمان خۆشناو,دهۆک,42,پزیشک,919
2612,لەنیا سەعيد,ڕانیە,44,پزیشک,1111
2613,شێركۆ بابان,سۆران,25,ڕۆژنامەنوس,3354
2614,سۆزان بابان,سلێمانی,50,بازرگان,1851
2615,بەرزان سەعيد,سۆران,36,دیزاینەر,2990
2616,دیار كەریم,کۆیە,53,ئەندازیار,689
2617,تانیا سەعيد,هەڵەبجە,19,ڕۆژنامەنوس,1051
2618,ژینۆ عومەر,هەولێر,18,ئەندازیار,1100
2619,تارا بابان,هەڵەبجە,39,ڕۆژنامەنوس,415
2620,تارا مەنگوڕی,کۆیە,63,پزیشک,2731
2621,زانا قادر,هەولێر,37,ڕۆژنامەنوس,1327
2622,هەڵکەوت عوسمان,هەولێر,44,بازرگان,1884
2623,کوردستان ئەحمەد,ڕانیە,33,ڕۆژنامەنوس,1462
2624,بەختیار خۆشناو,کەرکووک,44,ئەندازیار,737
2625,کۆسار مەحمود,کۆیە,44,بازرگان,1816
2626,دیار عومەر,ڕانیە,44,وێنەگر,3332
2627,نیشتمان گەرمیانی,دهۆک,51,دیزاینەر,539
2628,هەڵکەوت موكری,کەرکووک,65,پارێزەر,3120
2629,نیشتمان ئەحمەد,سلێمانی,40,ڕۆژنامەنوس,3085
2630,دیار گەرمیانی,دهۆک,62,ژمێریار,2999
2631,سۆران كەریم,هەڵەبجە,30,ڕۆژنامەنوس,666
2632,سۆران جاف,کۆیە,24,پارێزەر,3234
2633,بەرزان عەبدوڵڵا,هەولێر,35,ئەندازیار,2754
2634,ڕێبین عومەر,هەولێر,25,وێنەگر,2974
2635,کۆسار عومەر,هەڵەبجە,48,بازرگان,2122
2636,ڕێبین جاف,هەڵەبجە,30,ئەندازیار,1825
2637,بەرزان عوسمان,ڕانیە,59,ژمێریار,3222
2638,پشتیوان سۆران,هەولێر,45,وێنەگر,1750
2639,ئاری عومەر,سۆران,40,پارێزەر,1823
2640,ژیان عوسمان,هەڵەبجە,64,دیزاینەر,2615
2641,هاوڕێ حەسەن,هەولێر,56,ژمێریار,1879
2642,تانیا ئەحمەد,هەولێر,25,ڕۆژنامەنوس,3388
2643,بەختیار عوسمان,هەڵەبجە,30,ژمێریار,685
2644,ژینۆ مەحمود,کۆیە,39,ئەندازیار,3245
2645,هێمن حەسەن,دهۆک,21,مامۆستا,2595
2646,سۆزان عوسمان,کەرکووک,52,وێنەگر,545
2647,تارا جاف,کەرکووک,31,پارێزەر,2741
2648,زانا كەریم,دهۆک,45,ئەندازیار,1960
2649,تانیا حەسەن,سلێمانی,34,پارێزەر,921
2650,سۆران كەریم,هەولێر,46,بازرگان,2623
2651,کۆسار عومەر,کەرکووک,57,پزیشک,511
2652,بەرزان ئەحمەد,سۆران,40,ژمێریار,1085
2653,سارا قادر,سلێمانی,62,وێنەگر,499
2654,پشتیوان عوسمان,سۆران,22,پزیشک,412
2655,ژیان خۆشناو,سۆران,31,ژمێریار,2824
2656,ژیان گەرمیانی,هەڵەبجە,26,گەشەپێدەری سۆفتوێر,833
2657,کۆسار بابان,سلێمانی,19,ئەندازیار,2984
2658,زانا عەبدوڵڵا,هەولێر,23,وێنەگر,2085
2659,تارا بابان,کەرکووک,50,گەشەپێدەری سۆفتوێر,3368
2660,زانا ئەحمەد,هەڵەبجە,45,دیزاینەر,2524
2661,بەرزان عومەر,دهۆک,18,پارێزەر,3138
2662,سارا جاف,کەرکووک,53,گەشەپێدەری سۆفتوێر,2154
2663,کوردستان قادر,هەڵەبجە,44,ئەندازیار,607
2664,شنۆ سەعيد,دهۆک,19,پارێزەر,473
2665,ژینۆ بابان,سلێمانی,64,وێنەگر,1527
2666,هێمن خۆشناو,دهۆک,64,وێنەگر,1478
2667,ڕێبین سۆران,دهۆک,36,وێنەگر,467
2668,کوردستان عەبدوڵڵا,هەڵەبجە,27,پزیشک,530
2669,هێمن ئەحمەد,کۆیە,22,بازرگان,927
2670,ئاری موكری,هەولێر,53,گەشەپێدەری سۆفتوێر,3304
2671,هەڵکەوت ئەحمەد,سۆران,57,پارێزەر,2269
2672,هەڵکەوت مەحمود,ڕانیە,29,مامۆستا,2317
2673,تارا جاف,سلێمانی,48,ژمێریار,1167
2674,ئاری خۆشناو,سلێمانی,44,مامۆستا,2145
2675,سۆران قادر,هەولێر,60,پزیشک,1182
2676,بەرزان عوسمان,سلێمانی,24,وێنەگر,1669
2677,کۆسار سەعيد,دهۆک,65,وێنەگر,3033
2678,کاروان خۆشناو,کەرکووک,48,بازرگان,3050
2679,بەختیار عەبدوڵڵا,هەولێر,60,ڕۆژنامەنوس,2504
2680,نیشتمان حەسەن,کەرکووک,44,گەشەپێدەری سۆفتوێر,3166
2681,هێمن گەرمیانی,کەرکووک,58,دیزاینەر,813
2682,تارا حەسەن,سۆران,31,دیزاینەر,1885
2683,ئاری كەریم,ڕانیە,30,پزیشک,1355
2684,شێركۆ سۆران,سۆران,28,گەشەپێدەری سۆفتوێر,2657
2685,دیار سەعيد,سلێمانی,65,گەشەپێدەری سۆفتوێر,1161
2686,شێركۆ سۆران,سۆران,21,وێنەگر,2561
2687,کۆسار عوسمان,ڕانیە,57,پارێزەر,434
2688,پشتیوان گەرمیانی,سۆران,59,پارێزەر,1467
2689,کوردستان سۆران,هەولێر,64,پزیشک,3443
2690,دیار خۆشناو,ڕانیە,45,وێنەگر,2307
2691,کاروان سەعيد,هەڵەبجە,58,گەشەپێدەری سۆفتوێر,708
2692,پشتیوان سۆران,ڕانیە,60,پارێزەر,2314
2693,هەڵکەوت مەنگوڕی,سلێمانی,22,پزیشک,1735
2694,ژیان عوسمان,هەڵەبجە,53,گەشەپێدەری سۆفتوێر,2820
2695,هاوڕێ ئەحمەد,ڕانیە,58,گەشەپێدەری سۆفتوێر,1886
2696,لەنیا سەعيد,هەولێر,46,وێنەگر,2174
2697,شێركۆ موكری,سلێمانی,57,پزیشک,1233
2698,دیار گەرمیانی,کۆیە,62,پزیشک,1803
2699,ئاری سەعيد,هەڵەبجە,35,گەشەپێدەری سۆفتوێر,2707
2700,لەنیا عومەر,هەڵەبجە,32,بازرگان,408
2701,کۆسار كەریم,ڕانیە,42,مامۆستا,2177
2702,سارا عەبدوڵڵا,هەولێر,48,بازرگان,552
2703,پشتیوان گەرمیانی,ڕانیە,34,وێنەگر,3007
2704,بەرزان حەسەن,سۆران,60,ژمێریار,3186
2705,بەختیار سۆران,دهۆک,41,ڕۆژنامەنوس,3321
2706,هێمن خۆشناو,سۆران,63,پزیشک,2734
2707,سارا قادر,سلێمانی,31,ئەندازیار,2425
2708,لەنیا مەنگوڕی,هەڵەبجە,18,پزیشک,2517
2709,سۆزان جاف,دهۆک,65,پزیشک,2512
2710,سۆزان عوسمان,ڕانیە,31,گەشەپێدەری سۆفتوێر,968
2711,بەختیار عوسمان,کەرکووک,20,ژمێریار,2051
2712,ژینۆ سۆران,سۆران,18,پارێزەر,722
2713,سارا عومەر,سلێمانی,34,ڕۆژنامەنوس,2213
2714,پشتیوان بابان,سۆران,64,بازرگان,2590
2715,شێركۆ موكری,دهۆک,46,ژمێریار,3383
2716,زانا گەرمیانی,سلێمانی,42,ڕۆژنامەنوس,1180
2717,شنۆ ئەحمەد,سلێمانی,31,پزیشک,1736
2718,سۆران عوسمان,سۆران,20,دیزاینەر,2178
2719,سۆران حەسەن,هەولێر,26,دیزاینەر,1014
2720,کوردستان عوسمان,هەولێر,34,پزیشک,1324
2721,تانیا عوسمان,کۆیە,30,مامۆستا,2552
2722,بەختیار عومەر,ڕانیە,55,ئەندازیار,1846
2723,هەڵکەوت بابان,هەڵەبجە,61,دیزاینەر,1462
2724,کاروان مەحمود,کەرکووک,40,وێنەگر,3467
2725,سۆزان گەرمیانی,کۆیە,23,گەشەپێدەری سۆفتوێر,1001
2726,کاروان خۆشناو,سۆران,34,ڕۆژنامەنوس,821
2727,سۆران مەحمود,هەولێر,32,مامۆستا,2784
2728,سۆزان عەبدوڵڵا,هەولێر,53,گەشەپێدەری سۆفتوێر,762
2729,تانیا سۆران,سلێمانی,52,ڕۆژنامەنوس,2610
2730,شێركۆ قادر,سلێمانی,37,مامۆستا,2062
2731,هەڵکەوت بابان,دهۆک,43,بازرگان,1904
2732,ڕێبین كەریم,سلێمانی,38,ئەندازیار,1308
2733,سارا مەنگوڕی,کۆیە,41,پارێزەر,1042
2734,دیار خۆشناو,هەڵەبجە,35,مامۆستا,884
2735,کۆسار قادر,سلێمانی,57,دیزاینەر,2751
2736,ڕێبین جاف,سلێمانی,52,وێنەگر,1652
2737,سۆران مەنگوڕی,کەرکووک,44,گەشەپێدەری سۆفتوێر,3494
2738,لەنیا سۆران,سۆران,62,گەشەپێدەری سۆفتوێر,1597
2739,نیشتمان عوسمان,هەولێر,19,گەشەپێدەری سۆفتوێر,2552
2740,تانیا خۆشناو,ڕانیە,21,ڕۆژنامەنوس,1745
2741,سۆران مەحمود,هەولێر,37,بازرگان,869
2742,پشتیوان قادر,ڕانیە,40,ڕۆژنامەنوس,2120
2743,کاروان خۆشناو,دهۆک,54,گەشەپێدەری سۆفتوێر,1234
2744,بەختیار عەبدوڵڵا,ڕانیە,45,پزیشک,3235
2745,کاروان بابان,دهۆک,53,پزیشک,1484
2746,کۆسار مەنگوڕی,سۆران,63,گەشەپێدەری سۆفتوێر,645
2747,کۆسار بابان,ڕانیە,25,دیزاینەر,1792
2748,ئاری كەریم,هەڵەبجە,35,مامۆستا,1885
2749,تانیا سۆران,دهۆک,19,ڕۆژنامەنوس,2671
2750,بەرزان قادر,سۆران,49,پزیشک,1352
2751,زانا بابان,کەرکووک,33,پارێزەر,1139
2752,کوردستان حەسەن,کۆیە,37,پزیشک,1095
2753,کوردستان جاف,دهۆک,49,وێنەگر,3050
2754,ئاری عوسمان,هەڵەبجە,22,بازرگان,1699
2755,سۆران عومەر,کەرکووک,20,دیزاینەر,486
2756,سۆران موكری,کەرکووک,27,مامۆستا,2376
2757,نیشتمان عوسمان,کۆیە,27,وێنەگر,1203
2758,دیار عومەر,سۆران,40,پزیشک,1174
2759,کوردستان جاف,کۆیە,32,مامۆستا,2957
2760,بەرزان كەریم,ڕانیە,57,ئەندازیار,2394
2761,ژیان سۆران,ڕانیە,50,گەشەپێدەری سۆفتوێر,1330
2762,هاوڕێ گەرمیانی,هەولێر,56,پارێزەر,1641
2763,هەڵکەوت مەحمود,سلێمانی,25,پارێزەر,3449
2764,سۆران گەرمیانی,سلێمانی,64,ڕۆژنامەنوس,3461
2765,کاروان سەعيد,سلێمانی,43,مامۆستا,2677
2766,شنۆ گەرمیانی,هەڵەبجە,52,مامۆستا,1563
2767,کوردستان گەرمیانی,ڕانیە,22,ژمێریار,2178
2768,ئاری كەریم,سلێمانی,39,دیزاینەر,3098
2769,بەختیار كەریم,سۆران,34,دیزاینەر,1789
2770,کاروان قادر,هەڵەبجە,30,گەشەپێدەری سۆفتوێر,2342
2771,شنۆ عومەر,ڕانیە,58,ئەندازیار,1990
2772,دیار مەحمود,دهۆک,18,ئەندازیار,3052
2773,ئاری عوسمان,کۆیە,49,وێنەگر,1565
2774,هاوڕێ كەریم,هەولێر,39,ژمێریار,420
2775,بەختیار خۆشناو,کەرکووک,38,ڕۆژنامەنوس,571
2776,سۆران عومەر,کۆیە,41,ڕۆژنامەنوس,1846
2777,لەنیا جاف,هەولێر,36,گەشەپێدەری سۆفتوێر,1623
2778,ئاری سەعيد,کەرکووک,28,پارێزەر,1051
2779,هەڵکەوت بابان,کۆیە,34,بازرگان,421
2780,شنۆ عومەر,سلێمانی,35,وێنەگر,2244
2781,بەرزان قادر,دهۆک,48,پارێزەر,2986
2782,شنۆ سەعيد,سۆران,59,پزیشک,2638
2783,تانیا گەرمیانی,هەولێر,42,گەشەپێدەری سۆفتوێر,1594
2784,هێمن مەنگوڕی,ڕانیە,49,مامۆستا,1086
2785,سۆزان مەنگوڕی,دهۆک,50,ڕۆژنامەنوس,1332
2786,سۆزان سۆران,هەڵەبجە,32,بازرگان,2390
2787,کۆسار خۆشناو,دهۆک,47,ڕۆژنامەنوس,2094
2788,تارا بابان,هەولێر,49,ڕۆژنامەنوس,2736
2789,ڕێبین عوسمان,هەڵەبجە,60,بازرگان,2015
2790,هێمن عەبدوڵڵا,سۆران,47,گەشەپێدەری سۆفتوێر,2888
2791,ڕێبین جاف,سۆران,59,ئەندازیار,1055
2792,هاوڕێ بابان,ڕانیە,18,ژمێریار,2846
2793,شێركۆ ئەحمەد,دهۆک,58,دیزاینەر,1362
2794,شێركۆ بابان,ڕانیە,38,پارێزەر,3062
2795,تانیا مەحمود,کۆیە,32,پارێزەر,2637
2796,پشتیوان موكری,هەڵەبجە,25,پارێزەر,2305
2797,سۆزان موكری,سلێمانی,55,وێنەگر,2516
2798,ژیان عومەر,دهۆک,32,بازرگان,1190
2799,سارا ئەحمەد,هەولێر,39,ئەندازیار,2707
2800,کوردستان عوسمان,کۆیە,43,ئەندازیار,905
2801,هاوڕێ خۆشناو,کەرکووک,43,بازرگان,1979
2802,تانیا موكری,دهۆک,41,ژمێریار,457
2803,نیشتمان بابان,هەولێر,61,وێنەگر,2510
2804,ڕێبین خۆشناو,هەولێر,62,گەشەپێدەری سۆفتوێر,621
2805,هاوڕێ سەعيد,کەرکووک,56,دیزاینەر,1329
2806,تانیا سۆران,دهۆک,51,ئەندازیار,1038
2807,شێركۆ بابان,کەرکووک,44,ژمێریار,3377
2808,سۆران خۆشناو,هەڵەبجە,26,ڕۆژنامەنوس,598
2809,سارا مەنگوڕی,کۆیە,24,دیزاینەر,2738
2810,شنۆ سۆران,کەرکووک,61,دیزاینەر,493
2811,سۆران كەریم,دهۆک,47,ڕۆژنامەنوس,1018
2812,ژینۆ عەبدوڵڵا,کەرکووک,54,ئەندازیار,2817
2813,پشتیوان ئەحمەد,ڕانیە,42,پارێزەر,2850
2814,شێركۆ حەسەن,دهۆک,59,پزیشک,504
2815,بەختیار عومەر,ڕانیە,20,پزیشک,3391
2816,هەڵکەوت موكری,کەرکووک,55,ئەندازیار,1075
2817,کاروان قادر,کەرکووک,28,گەشەپێدەری سۆفتوێر,889
2818,شنۆ بابان,دهۆک,34,بازرگان,2617
2819,ئاری قادر,دهۆک,36,مامۆستا,513
2820,هێمن مەنگوڕی,سۆران,42,ڕۆژنامەنوس,1508
2821,سارا عومەر,ڕانیە,38,وێنەگر,3265
2822,ڕێبین بابان,دهۆک,30,پارێزەر,2381
2823,لەنیا عومەر,کەرکووک,24,پارێزەر,1535
2824,کۆسار ئەحمەد,کەرکووک,43,گەشەپێدەری سۆفتوێر,2544
2825,شێركۆ كەریم,ڕانیە,41,ئەندازیار,3306
2826,زانا كەریم,کەرکووک,39,ئەندازیار,488
2827,هێمن خۆشناو,سلێمانی,30,پزیشک,3455
2828,لەنیا سۆران,سۆران,34,دیزاینەر,3306
2829,کوردستان قادر,هەڵەبجە,61,مامۆستا,776
2830,سۆران حەسەن,کەرکووک,58,پارێزەر,1383
2831,لەنیا عومەر,ڕانیە,57,بازرگان,897
2832,کۆسار جاف,سۆران,35,گەشەپێدەری سۆفتوێر,1879
2833,کۆسار بابان,سۆران,26,بازرگان,1851
2834,ژینۆ عەبدوڵڵا,سۆران,20,ئەندازیار,677
2835,تانیا سۆران,دهۆک,52,وێنەگر,869
2836,تارا حەسەن,کۆیە,46,مامۆستا,3248
2837,کاروان خۆشناو,سۆران,22,پارێزەر,815
2838,شێركۆ عوسمان,کۆیە,60,بازرگان,2487
2839,کاروان سۆران,سلێمانی,22,گەشەپێدەری سۆفتوێر,2077
2840,لەنیا بابان,سلێمانی,39,بازرگان,945
2841,لەنیا گەرمیانی,هەولێر,35,دیزاینەر,1714
2842,سارا بابان,کۆیە,23,پارێزەر,3224
2843,کوردستان بابان,ڕانیە,54,وێنەگر,2015
2844,ئاری سۆران,سۆران,64,ڕۆژنامەنوس,654
2845,زانا سۆران,ڕانیە,57,بازرگان,3484
2846,ئاری عومەر,کۆیە,32,دیزاینەر,1352
2847,ڕێبین حەسەن,کۆیە,31,وێنەگر,2069
2848,کوردستان سۆران,هەڵەبجە,20,مامۆستا,2222
2849,ئاری بابان,ڕانیە,56,بازرگان,2522
2850,سۆران خۆشناو,هەڵەبجە,65,دیزاینەر,1000
2851,پشتیوان گەرمیانی,کۆیە,34,بازرگان,2866
2852,پشتیوان كەریم,هەولێر,49,ژمێریار,1754
2853,ڕێبین سۆران,سۆران,21,مامۆستا,1618
2854,هەڵکەوت خۆشناو,سلێمانی,30,پارێزەر,2902
2855,ڕێبین مەحمود,دهۆک,37,بازرگان,2785
2856,سارا ئەحمەد,سلێمانی,50,پزیشک,1151
2857,سۆران عەبدوڵڵا,سلێمانی,25,مامۆستا,1336
2858,ئاری بابان,سۆران,57,پارێزەر,1500
2859,ژینۆ خۆشناو,ڕانیە,35,ئەندازیار,2461
2860,تانیا عەبدوڵڵا,ڕانیە,19,گەشەپێدەری سۆفتوێر,1329
2861,شنۆ عوسمان,سلێمانی,60,دیزاینەر,1416
2862,سارا عوسمان,دهۆک,44,بازرگان,2990
2863,سۆران مەنگوڕی,هەولێر,54,وێنەگر,1171
2864,ڕێبین عومەر,کەرکووک,36,پزیشک,776
2865,هاوڕێ بابان,سلێمانی,62,پارێزەر,3166
2866,هەڵکەوت مەنگوڕی,کۆیە,20,گەشەپێدەری سۆفتوێر,1315
2867,ئاری مەحمود,سۆران,54,وێنەگر,1928
2868,هاوڕێ گەرمیانی,هەڵەبجە,55,پارێزەر,3396
2869,هەڵکەوت بابان,ڕانیە,55,ئەندازیار,1745
2870,هەڵکەوت عومەر,هەولێر,51,دیزاینەر,475
2871,شنۆ بابان,هەولێر,34,ئەندازیار,652
2872,بەرزان بابان,سلێمانی,54,گەشەپێدەری سۆفتوێر,2053
2873,بەختیار مەنگوڕی,دهۆک,24,بازرگان,2566
2874,سۆزان كەریم,کەرکووک,51,مامۆستا,1987
2875,سۆزان بابان,هەڵەبجە,47,ژمێریار,2040
2876,تارا گەرمیانی,هەولێر,65,دیزاینەر,1752
2877,ڕێبین مەحمود,دهۆک,33,پزیشک,3396
2878,ژینۆ كەریم,هەولێر,53,مامۆستا,2779
2879,ژیان حەسەن,دهۆک,26,گەشەپێدەری سۆفتوێر,999
2880,شێركۆ مەنگوڕی,سۆران,39,ژمێریار,2772
2881,ڕێبین حەسەن,سلێمانی,62,دیزاینەر,3030
2882,کاروان ئەحمەد,دهۆک,26,دیزاینەر,3456
2883,ڕێبین موكری,کۆیە,23,وێنەگر,1939
2884,نیشتمان گەرمیانی,کەرکووک,58,پارێزەر,1149
2885,زانا بابان,هەڵەبجە,48,وێنەگر,712
2886,زانا بابان,دهۆک,37,وێنەگر,820
2887,دیار مەحمود,سلێمانی,28,ژمێریار,1365
2888,کاروان ئەحمەد,سۆران,55,پارێزەر,579
2889,بەرزان سەعيد,ڕانیە,50,گەشەپێدەری سۆفتوێر,1356
2890,ڕێبین سەعيد,ڕانیە,35,ژمێریار,3430
2891,شنۆ سەعيد,کەرکووک,18,دیزاینەر,1132
2892,سۆران مەحمود,هەڵەبجە,60,پزیشک,2482
2893,لەنیا گەرمیانی,کۆیە,38,ئەندازیار,1780
2894,هێمن جاف,سۆران,45,پارێزەر,2180
2895,دیار كەریم,هەولێر,44,دیزاینەر,1256
2896,تانیا سەعيد,ڕانیە,55,بازرگان,3089
2897,هەڵکەوت قادر,هەولێر,42,پزیشک,2207
2898,هاوڕێ مەنگوڕی,کەرکووک,42,پارێزەر,2558
2899,هەڵکەوت ئەحمەد,کۆیە,51,گەشەپێدەری سۆفتوێر,2176
2900,سۆزان سەعيد,ڕانیە,29,مامۆستا,3458
2901,بەرزان قادر,دهۆک,26,گەشەپێدەری سۆفتوێر,1716
2902,هاوڕێ جاف,کۆیە,18,بازرگان,1532
2903,تارا خۆشناو,ڕانیە,32,ژمێریار,3012
2904,کاروان مەحمود,کەرکووک,37,گەشەپێدەری سۆفتوێر,1530
2905,بەختیار سەعيد,هەڵەبجە,24,مامۆستا,2058
2906,سۆزان مەنگوڕی,دهۆک,61,پارێزەر,1850
2907,هاوڕێ گەرمیانی,سۆران,28,ژمێریار,618
2908,دیار سۆران,ڕانیە,64,ژمێریار,2435
2909,پشتیوان سۆران,سۆران,25,دیزاینەر,1020
2910,تانیا موكری,دهۆک,60,پزیشک,2010
2911,شێركۆ عومەر,کۆیە,39,ژمێریار,934
2912,بەرزان كەریم,هەڵەبجە,36,ئەندازیار,485
2913,ڕێبین مەنگوڕی,ڕانیە,56,دیزاینەر,2270
2914,زانا سۆران,سۆران,28,بازرگان,2344
2915,ژینۆ مەنگوڕی,کۆیە,64,بازرگان,1025
2916,شێركۆ بابان,ڕانیە,49,ڕۆژنامەنوس,2091
2917,بەختیار كەریم,هەولێر,52,دیزاینەر,2542
2918,کوردستان مەحمود,سلێمانی,43,دیزاینەر,494
2919,تارا سەعيد,سۆران,31,بازرگان,3123
2920,ژینۆ عوسمان,سلێمانی,36,ژمێریار,1993
2921,دیار قادر,کەرکووک,42,ئەندازیار,2856
2922,نیشتمان حەسەن,ڕانیە,60,دیزاینەر,2858
2923,پشتیوان سۆران,سۆران,35,وێنەگر,1474
2924,دیار مەحمود,دهۆک,37,بازرگان,2135
2925,ژینۆ عومەر,سلێمانی,29,وێنەگر,1480
2926,زانا عەبدوڵڵا,سلێمانی,20,بازرگان,1140
2927,سۆزان عوسمان,دهۆک,41,پارێزەر,1642
2928,سارا مەنگوڕی,هەولێر,30,مامۆستا,423
2929,کوردستان كەریم,ڕانیە,33,ژمێریار,743
2930,نیشتمان سۆران,هەڵەبجە,34,پزیشک,1159
2931,سۆران حەسەن,سلێمانی,53,مامۆستا,1527
2932,هێمن سۆران,دهۆک,62,پارێزەر,2738
2933,ڕێبین مەحمود,سۆران,54,پزیشک,2995
2934,نیشتمان عەبدوڵڵا,کۆیە,64,پزیشک,1476
2935,سۆزان حەسەن,دهۆک,38,ئەندازیار,1146
2936,ژیان قادر,کەرکووک,47,مامۆستا,2138
2937,بەختیار عەبدوڵڵا,کۆیە,34,پارێزەر,882
2938,زانا سۆران,کەرکووک,48,ئەندازیار,2392
2939,کوردستان قادر,سلێمانی,27,مامۆستا,2109
2940,سارا مەنگوڕی,دهۆک,33,ژمێریار,590
2941,زانا موكری,هەڵەبجە,40,مامۆستا,2698
2942,تارا حەسەن,کۆیە,61,بازرگان,1042
2943,ڕێبین سۆران,هەولێر,37,وێنەگر,725
2944,ئاری كەریم,هەولێر,29,ئەندازیار,3312
2945,شێركۆ مەنگوڕی,دهۆک,49,ئەندازیار,1484
2946,کاروان موكری,سلێمانی,43,دیزاینەر,2921
2947,تانیا ئەحمەد,هەولێر,33,ڕۆژنامەنوس,1565
2948,ژینۆ مەنگوڕی,کەرکووک,34,پزیشک,2018
2949,بەرزان حەسەن,هەولێر,53,بازرگان,3177
2950,بەرزان بابان,ڕانیە,19,ژمێریار,2210
2951,بەرزان مەنگوڕی,سۆران,49,ڕۆژنامەنوس,3239
2952,سۆران گەرمیانی,هەڵەبجە,41,ڕۆژنامەنوس,3123
2953,هاوڕێ ئەحمەد,سۆران,45,ڕۆژنامەنوس,1395
2954,سارا مەحمود,سلێمانی,51,ڕۆژنامەنوس,3032
2955,سارا عومەر,ڕانیە,23,وێنەگر,2792
2956,هەڵکەوت سۆران,ڕانیە,21,دیزاینەر,753
2957,ژیان عومەر,کۆیە,50,ئەندازیار,989
2958,زانا عومەر,کەرکووک,42,مامۆستا,2783
2959,هێمن عوسمان,هەولێر,48,بازرگان,1849
2960,ژینۆ عومەر,دهۆک,40,پارێزەر,2004
2961,هاوڕێ خۆشناو,سلێمانی,47,گەشەپێدەری سۆفتوێر,3220
2962,لەنیا گەرمیانی,هەولێر,50,ڕۆژنامەنوس,705
2963,لەنیا ئەحمەد,هەڵەبجە,30,وێنەگر,1446
2964,ژینۆ مەنگوڕی,سۆران,56,پارێزەر,2318
2965,پشتیوان خۆشناو,دهۆک,50,پارێزەر,2511
2966,تانیا قادر,دهۆک,24,پارێزەر,2912
2967,کۆسار مەنگوڕی,دهۆک,62,ئەندازیار,1935
2968,سۆزان قادر,سلێمانی,64,بازرگان,2416
2969,نیشتمان حەسەن,سلێمانی,35,گەشەپێدەری سۆفتوێر,3052
2970,تارا گەرمیانی,سۆران,42,بازرگان,426
2971,تانیا عەبدوڵڵا,ڕانیە,34,ڕۆژنامەنوس,987
2972,هێمن عومەر,هەڵەبجە,22,پزیشک,1101
2973,بەرزان عومەر,سۆران,64,وێنەگر,2452
2974,ژیان جاف,سلێمانی,19,ڕۆژنامەنوس,1780
2975,زانا خۆشناو,هەڵەبجە,61,ئەندازیار,1026
2976,ڕێبین عومەر,سلێمانی,28,ئەندازیار,1019
2977,ژیان جاف,ڕانیە,30,پزیشک,1037
2978,سارا عومەر,کەرکووک,39,دیزاینەر,499
2979,سۆزان عومەر,هەولێر,62,دیزاینەر,567
2980,تارا موكری,سۆران,35,پارێزەر,2914
2981,نیشتمان موكری,دهۆک,39,گەشەپێدەری سۆفتوێر,1050
2982,زانا جاف,سۆران,37,پزیشک,1388
2983,پشتیوان قادر,هەڵەبجە,41,مامۆستا,2723
2984,هاوڕێ سۆران,کەرکووک,52,پزیشک,2590
2985,ژینۆ كەریم,کۆیە,23,مامۆستا,2270
2986,سۆزان سەعيد,هەولێر,63,ژمێریار,878
2987,زانا عەبدوڵڵا,هەڵەبجە,38,وێنەگر,3190
2988,سۆزان كەریم,سلێمانی,34,پزیشک,1389
2989,شێركۆ حەسەن,دهۆک,34,دیزاینەر,3315
2990,ژینۆ عوسمان,دهۆک,34,ڕۆژنامەنوس,2179
2991,تانیا بابان,کەرکووک,28,بازرگان,2411
2992,بەرزان بابان,هەولێر,41,ژمێریار,1289
2993,سۆران ئەحمەد,کەرکووک,24,گەشەپێدەری سۆفتوێر,2191
2994,بەرزان عەبدوڵڵا,کەرکووک,51,پارێزەر,646
2995,ژیان قادر,دهۆک,29,بازرگان,2596
2996,تارا عومەر,ڕانیە,19,پزیشک,2190
2997,ژیان سەعيد,سۆران,49,ئەندازیار,731
2998,تارا سۆران,هەولێر,26,پزیشک,1501
2999,زانا قادر,سلێمانی,37,پارێزەر,2671
3000,کوردستان گەرمیانی,دهۆک,19,وێنەگر,2450
3001,زانا خۆشناو,سۆران,44,پزیشک,560
3002,ڕێبین حەسەن,سۆران,60,پارێزەر,3079
3003,سارا موكری,دهۆک,34,گەشەپێدەری سۆفتوێر,2642
3004,نیشتمان كەریم,دهۆک,29,مامۆستا,2996
3005,دیار عوسمان,هەڵەبجە,42,وێنەگر,1360
3006,کاروان موكری,ڕانیە,27,بازرگان,731
3007,کوردستان عومەر,سۆران,39,پارێزەر,1369
3008,هاوڕێ موكری,هەڵەبجە,42,دیزاینەر,3333
3009,سارا مەنگوڕی,دهۆک,29,دیزاینەر,1622
3010,سۆران قادر,ڕانیە,65,ژمێریار,1785
3011,بەختیار مەحمود,سلێمانی,59,بازرگان,1758
3012,پشتیوان حەسەن,سلێمانی,58,گەشەپێدەری سۆفتوێر,3151
3013,بەختیار سەعيد,کۆیە,62,پزیشک,856
3014,ژینۆ موكری,هەولێر,19,ڕۆژنامەنوس,1226
3015,زانا عوسمان,کەرکووک,50,گەشەپێدەری سۆفتوێر,626
3016,هەڵکەوت ئەحمەد,ڕانیە,49,وێنەگر,3264
3017,کۆسار عوسمان,دهۆک,31,پارێزەر,2942
3018,شێركۆ سەعيد,کەرکووک,65,گەشەپێدەری سۆفتوێر,1365
3019,ڕێبین جاف,هەڵەبجە,40,ژمێریار,1559
3020,دیار عەبدوڵڵا,سلێمانی,26,مامۆستا,717
3021,شنۆ كەریم,کۆیە,22,بازرگان,1374
3022,ڕێبین سەعيد,هەولێر,22,ئەندازیار,2857
3023,زانا موكری,کەرکووک,23,ئەندازیار,1823
3024,شێركۆ ئەحمەد,سلێمانی,18,دیزاینەر,1514
3025,ژیان سۆران,سۆران,46,پارێزەر,501
3026,لەنیا ئەحمەد,ڕانیە,41,ڕۆژنامەنوس,1660
3027,شێركۆ سەعيد,ڕانیە,57,ئەندازیار,2352
3028,بەختیار بابان,هەڵەبجە,54,ڕۆژنامەنوس,1289
3029,تانیا جاف,دهۆک,23,ڕۆژنامەنوس,2343
3030,هێمن كەریم,سلێمانی,36,ڕۆژنامەنوس,3216
3031,سارا خۆشناو,دهۆک,29,پارێزەر,2292
3032,هەڵکەوت عوسمان,سۆران,29,بازرگان,3206
3033,سارا حەسەن,دهۆک,48,پارێزەر,876
3034,تارا گەرمیانی,کۆیە,31,بازرگان,2747
3035,لەنیا سەعيد,دهۆک,31,مامۆستا,2151
3036,هەڵکەوت مەنگوڕی,دهۆک,18,پزیشک,1434
3037,لەنیا جاف,هەڵەبجە,55,ڕۆژنامەنوس,658
3038,هاوڕێ گەرمیانی,هەڵەبجە,21,پارێزەر,3260
3039,سارا سەعيد,ڕانیە,47,بازرگان,3447
3040,پشتیوان كەریم,هەڵەبجە,30,ژمێریار,1929
3041,دیار كەریم,ڕانیە,47,ژمێریار,1907
3042,هاوڕێ خۆشناو,سۆران,27,وێنەگر,1065
3043,سارا جاف,هەڵەبجە,23,دیزاینەر,1920
3044,هەڵکەوت عوسمان,هەڵەبجە,19,مامۆستا,2212
3045,شنۆ موكری,ڕانیە,22,پزیشک,2244
3046,پشتیوان گەرمیانی,کەرکووک,26,بازرگان,2879
3047,دیار گەرمیانی,دهۆک,47,دیزاینەر,1416
3048,دیار حەسەن,دهۆک,33,ئەندازیار,2245
3049,هەڵکەوت مەنگوڕی,کۆیە,64,دیزاینەر,704
3050,تانیا حەسەن,هەڵەبجە,44,ژمێریار,1178
3051,سۆزان موكری,کۆیە,63,ژمێریار,573
3052,تانیا عەبدوڵڵا,ڕانیە,38,مامۆستا,1716
3053,سارا مەنگوڕی,هەولێر,65,دیزاینەر,2243
3054,تانیا عومەر,ڕانیە,50,پارێزەر,472
3055,شێركۆ سۆران,ڕانیە,65,دیزاینەر,2014
3056,بەختیار بابان,ڕانیە,37,دیزاینەر,524
3057,بەختیار حەسەن,سلێمانی,47,گەشەپێدەری سۆفتوێر,936
3058,کاروان عومەر,هەڵەبجە,58,پزیشک,2020
3059,ژیان جاف,ڕانیە,65,پارێزەر,3326
3060,کۆسار مەحمود,سلێمانی,39,مامۆستا,3066
3061,کاروان مەنگوڕی,هەڵەبجە,63,بازرگان,2054
3062,کوردستان موكری,کۆیە,58,گەشەپێدەری سۆفتوێر,2869
3063,تانیا عومەر,دهۆک,24,ژمێریار,2807
3064,کۆسار موكری,سۆران,30,دیزاینەر,1148
3065,ڕێبین حەسەن,سلێمانی,36,ژمێریار,936
3066,بەختیار سۆران,ڕانیە,63,ئەندازیار,1288
3067,ڕێبین خۆشناو,هەولێر,53,گەشەپێدەری سۆفتوێر,1268
3068,پشتیوان جاف,هەڵەبجە,50,مامۆستا,1911
3069,هێمن سەعيد,دهۆک,25,بازرگان,2783
3070,هێمن خۆشناو,کەرکووک,30,مامۆستا,3458
3071,کاروان خۆشناو,هەڵەبجە,52,پزیشک,742
3072,نیشتمان حەسەن,هەڵەبجە,20,وێنەگر,895
3073,هاوڕێ سەعيد,هەولێر,30,مامۆستا,902
3074,ژیان حەسەن,دهۆک,51,ئەندازیار,1704
3075,هێمن عومەر,ڕانیە,30,ئەندازیار,1108
3076,تارا مەنگوڕی,سۆران,59,ژمێریار,2333
3077,شێركۆ حەسەن,ڕانیە,55,ڕۆژنامەنوس,3277
3078,دیار مەحمود,سلێمانی,24,ئەندازیار,3481
3079,کاروان حەسەن,هەولێر,19,بازرگان,1817
3080,دیار حەسەن,دهۆک,65,بازرگان,2321
3081,تارا عوسمان,هەولێر,36,بازرگان,2465
3082,ئاری عەبدوڵڵا,ڕانیە,20,پارێزەر,2183
3083,ئاری سۆران,کۆیە,52,پارێزەر,3168
3084,هێمن خۆشناو,کۆیە,27,گەشەپێدەری سۆفتوێر,454
3085,نیشتمان ئەحمەد,سلێمانی,48,گەشەپێدەری سۆفتوێر,1388
3086,دیار كەریم,ڕانیە,56,گەشەپێدەری سۆفتوێر,3054
3087,لەنیا مەحمود,هەڵەبجە,42,ئەندازیار,2444
3088,ژینۆ مەحمود,ڕانیە,22,بازرگان,1996
3089,پشتیوان مەحمود,هەولێر,53,پارێزەر,1580
3090,تارا جاف,هەڵەبجە,62,پارێزەر,1182
3091,زانا خۆشناو,سۆران,41,مامۆستا,2276
3092,شنۆ سەعيد,کۆیە,44,ژمێریار,925
3093,کوردستان عوسمان,کۆیە,47,گەشەپێدەری سۆفتوێر,988
3094,سارا عەبدوڵڵا,کەرکووک,26,ئەندازیار,2240
3095,هاوڕێ عوسمان,کۆیە,64,ژمێریار,1883
3096,تارا بابان,کەرکووک,23,ئەندازیار,511
3097,هاوڕێ جاف,کۆیە,37,بازرگان,1996
3098,دیار مەنگوڕی,کەرکووک,19,دیزاینەر,3262
3099,ژینۆ ئەحمەد,سۆران,61,بازرگان,842
3100,ئاری مەنگوڕی,ڕانیە,59,ژمێریار,499
3101,ئاری گەرمیانی,هەڵەبجە,52,پزیشک,1405
3102,هاوڕێ قادر,دهۆک,65,گەشەپێدەری سۆفتوێر,1725
3103,کۆسار سۆران,هەولێر,43,پزیشک,934
3104,شنۆ خۆشناو,کۆیە,20,گەشەپێدەری سۆفتوێر,3172
3105,لەنیا خۆشناو,کەرکووک,50,گەشەپێدەری سۆفتوێر,3218
3106,کۆسار جاف,ڕانیە,50,گەشەپێدەری سۆفتوێر,2738
3107,زانا سەعيد,هەولێر,28,پارێزەر,1034
3108,دیار بابان,هەڵەبجە,58,پارێزەر,2423
3109,سۆزان عومەر,سۆران,40,پارێزەر,2080
3110,هاوڕێ عوسمان,سۆران,29,گەشەپێدەری سۆفتوێر,1649
3111,سۆزان بابان,ڕانیە,53,ئەندازیار,2206
3112,کوردستان گەرمیانی,هەولێر,33,وێنەگر,2665
3113,ژیان خۆشناو,کەرکووک,52,ئەندازیار,2192
3114,کوردستان عەبدوڵڵا,سۆران,49,بازرگان,3101
3115,شنۆ حەسەن,هەڵەبجە,48,ڕۆژنامەنوس,3112
3116,دیار بابان,کەرکووک,56,ژمێریار,2745
3117,کۆسار مەحمود,سلێمانی,32,ژمێریار,1223
3118,نیشتمان كەریم,هەڵەبجە,55,ژمێریار,3002
3119,نیشتمان سەعيد,هەڵەبجە,51,ڕۆژنامەنوس,2798
3120,ڕێبین جاف,دهۆک,53,دیزاینەر,1651
3121,ڕێبین جاف,ڕانیە,45,ئەندازیار,3222
3122,هێمن موكری,سۆران,23,پارێزەر,1493
3123,سارا جاف,کۆیە,48,گەشەپێدەری سۆفتوێر,3295
3124,سارا ئەحمەد,کۆیە,51,ژمێریار,502
3125,لەنیا حەسەن,دهۆک,46,مامۆستا,1410
3126,هەڵکەوت مەنگوڕی,سلێمانی,65,گەشەپێدەری سۆفتوێر,2800
3127,بەختیار مەنگوڕی,ڕانیە,27,گەشەپێدەری سۆفتوێر,1473
3128,بەرزان عومەر,ڕانیە,62,گەشەپێدەری سۆفتوێر,909
3129,کاروان گەرمیانی,دهۆک,45,وێنەگر,2311
3130,سۆران مەحمود,هەڵەبجە,42,ڕۆژنامەنوس,1683
3131,پشتیوان موكری,سۆران,59,ئەندازیار,1517
3132,ژیان مەحمود,سلێمانی,52,ئەندازیار,403
3133,بەرزان كەریم,سۆران,19,پارێزەر,2022
3134,کۆسار خۆشناو,کەرکووک,45,ڕۆژنامەنوس,3344
3135,بەختیار عەبدوڵڵا,سۆران,48,وێنەگر,961
3136,کۆسار بابان,هەولێر,37,گەشەپێدەری سۆفتوێر,3483
3137,هێمن موكری,سۆران,38,پارێزەر,3189
3138,تانیا كەریم,هەڵەبجە,60,پزیشک,1868
3139,هاوڕێ قادر,هەڵەبجە,28,پارێزەر,2447
3140,هەڵکەوت سەعيد,سۆران,57,ژمێریار,1182
3141,بەرزان بابان,کۆیە,63,وێنەگر,869
3142,بەرزان ئەحمەد,دهۆک,48,دیزاینەر,547
3143,ئاری مەنگوڕی,هەولێر,44,پزیشک,881
3144,ژیان موكری,هەڵەبجە,56,دیزاینەر,1679
3145,بەرزان عوسمان,کۆیە,26,دیزاینەر,1295
3146,کاروان مەحمود,کۆیە,29,مامۆستا,1529
3147,هاوڕێ موكری,هەڵەبجە,59,بازرگان,3140
3148,تانیا بابان,سلێمانی,56,ڕۆژنامەنوس,3039
3149,کۆسار عەبدوڵڵا,سلێمانی,61,بازرگان,3012
3150,سۆزان خۆشناو,کەرکووک,25,پارێزەر,1812
3151,هاوڕێ مەحمود,هەولێر,60,بازرگان,2506
3152,بەختیار سەعيد,سۆران,30,ژمێریار,1053
3153,هێمن جاف,ڕانیە,54,پزیشک,2824
3154,بەختیار موكری,کۆیە,21,پارێزەر,2227
3155,پشتیوان عومەر,کەرکووک,46,بازرگان,2643
3156,سارا خۆشناو,ڕانیە,36,پارێزەر,3456
3157,ژیان ئەحمەد,کۆیە,56,مامۆستا,910
3158,زانا سۆران,سۆران,32,دیزاینەر,3283
3159,کاروان ئەحمەد,سلێمانی,19,وێنەگر,829
3160,زانا مەحمود,سلێمانی,63,ژمێریار,1580
3161,تانیا جاف,دهۆک,50,ژمێریار,1254
3162,سۆران قادر,دهۆک,23,پزیشک,1075
3163,تانیا خۆشناو,کەرکووک,58,وێنەگر,3065
3164,کوردستان خۆشناو,سۆران,36,دیزاینەر,412
3165,هێمن بابان,ڕانیە,49,پارێزەر,1320
3166,پشتیوان قادر,هەولێر,19,ئەندازیار,1388
3167,سارا سۆران,سۆران,21,ڕۆژنامەنوس,2137
3168,هاوڕێ خۆشناو,کەرکووک,59,ئەندازیار,3071
3169,بەرزان عوسمان,کەرکووک,21,ژمێریار,2298
3170,تانیا كەریم,دهۆک,52,ڕۆژنامەنوس,2247
3171,هەڵکەوت كەریم,هەولێر,18,وێنەگر,1649
3172,ژیان عومەر,هەولێر,42,ڕۆژنامەنوس,1368
3173,سۆزان عەبدوڵڵا,هەولێر,37,بازرگان,3143
3174,سارا سەعيد,هەولێر,31,ئەندازیار,1444
3175,شێركۆ عەبدوڵڵا,دهۆک,22,ژمێریار,3027
3176,هاوڕێ جاف,هەولێر,39,ڕۆژنامەنوس,2624
3177,سارا گەرمیانی,سۆران,38,دیزاینەر,2298
3178,هاوڕێ عومەر,کەرکووک,32,ژمێریار,3420
3179,هەڵکەوت قادر,کەرکووک,49,ژمێریار,1311
3180,هەڵکەوت حەسەن,سۆران,28,مامۆستا,1247
3181,پشتیوان عومەر,سلێمانی,38,ڕۆژنامەنوس,2142
3182,ژیان مەنگوڕی,سلێمانی,65,پارێزەر,1605
3183,کاروان بابان,هەڵەبجە,61,پزیشک,2942
3184,کۆسار مەنگوڕی,هەولێر,27,ئەندازیار,2046
3185,بەرزان قادر,دهۆک,32,مامۆستا,849
3186,سۆران مەنگوڕی,دهۆک,51,پارێزەر,1318
3187,تارا عومەر,هەولێر,40,بازرگان,1851
3188,سۆران سەعيد,سۆران,55,ڕۆژنامەنوس,2141
3189,بەختیار قادر,ڕانیە,28,مامۆستا,1867
3190,کاروان مەنگوڕی,هەڵەبجە,49,گەشەپێدەری سۆفتوێر,720
3191,نیشتمان عەبدوڵڵا,هەڵەبجە,32,ژمێریار,1202
3192,سارا بابان,سلێمانی,55,وێنەگر,3310
3193,کۆسار بابان,کۆیە,56,بازرگان,1327
3194,سۆزان عومەر,کەرکووک,41,پزیشک,2423
3195,نیشتمان ئەحمەد,دهۆک,41,وێنەگر,1793
3196,سارا مەنگوڕی,سۆران,48,پارێزەر,574
3197,نیشتمان عوسمان,ڕانیە,23,پارێزەر,2532
3198,بەرزان بابان,هەولێر,22,مامۆستا,1604
3199,سۆران عەبدوڵڵا,سلێمانی,30,بازرگان,1146
3200,ژینۆ سۆران,سۆران,35,بازرگان,1133
3201,تارا عوسمان,هەڵەبجە,44,دیزاینەر,452
3202,پشتیوان موكری,ڕانیە,56,دیزاینەر,2281
3203,شنۆ گەرمیانی,هەولێر,41,ئەندازیار,3239
3204,ژینۆ قادر,هەڵەبجە,27,ژمێریار,698
3205,ئاری حەسەن,کەرکووک,40,دیزاینەر,1022
3206,لەنیا كەریم,ڕانیە,55,ئەندازیار,1061
3207,دیار ئەحمەد,هەڵەبجە,34,دیزاینەر,1701
3208,تارا سۆران,ڕانیە,38,ئەندازیار,2261
3209,تارا كەریم,کەرکووک,61,بازرگان,967
3210,هەڵکەوت عومەر,هەڵەبجە,63,ڕۆژنامەنوس,562
3211,هەڵکەوت مەحمود,ڕانیە,23,وێنەگر,2478
3212,پشتیوان گەرمیانی,سۆران,64,مامۆستا,1444
3213,سارا جاف,دهۆک,65,پارێزەر,1839
3214,کوردستان سۆران,سۆران,55,ئەندازیار,2514
3215,کاروان گەرمیانی,ڕانیە,18,بازرگان,2116
3216,بەختیار حەسەن,کەرکووک,42,پزیشک,1609
3217,بەختیار مەنگوڕی,دهۆک,61,دیزاینەر,1940
3218,کۆسار موكری,کەرکووک,55,پارێزەر,419
3219,سۆران خۆشناو,هەڵەبجە,31,گەشەپێدەری سۆفتوێر,2575
3220,کوردستان گەرمیانی,کۆیە,42,مامۆستا,1725
3221,ڕێبین موكری,دهۆک,31,ڕۆژنامەنوس,1952
3222,پشتیوان عەبدوڵڵا,دهۆک,19,پارێزەر,3075
3223,ژینۆ بابان,دهۆک,34,گەشەپێدەری سۆفتوێر,611
3224,لەنیا موكری,هەڵەبجە,20,وێنەگر,646
3225,نیشتمان بابان,سۆران,42,ئەندازیار,709
3226,شنۆ عومەر,هەولێر,24,گەشەپێدەری سۆفتوێر,1455
3227,سۆزان گەرمیانی,سلێمانی,55,گەشەپێدەری سۆفتوێر,913
3228,دیار عەبدوڵڵا,کۆیە,20,گەشەپێدەری سۆفتوێر,3335
3229,کۆسار كەریم,دهۆک,57,ژمێریار,1260
3230,کۆسار خۆشناو,هەولێر,34,بازرگان,1324
3231,ڕێبین مەحمود,سلێمانی,61,پارێزەر,3480
3232,هاوڕێ سۆران,کۆیە,43,ژمێریار,1870
3233,پشتیوان كەریم,دهۆک,39,ئەندازیار,1202
3234,سارا جاف,کەرکووک,41,ژمێریار,2348
3235,کاروان قادر,سلێمانی,54,ئەندازیار,3308
3236,هەڵکەوت مەنگوڕی,کەرکووک,41,ڕۆژنامەنوس,1352
3237,ژیان جاف,کەرکووک,55,گەشەپێدەری سۆفتوێر,3257
3238,هەڵکەوت عوسمان,سۆران,40,مامۆستا,510
3239,هاوڕێ گەرمیانی,دهۆک,43,مامۆستا,2394
3240,سارا عومەر,کەرکووک,46,پزیشک,840
3241,هەڵکەوت بابان,کۆیە,63,مامۆستا,1522
3242,سۆران جاف,هەولێر,33,ڕۆژنامەنوس,585
3243,کۆسار عوسمان,دهۆک,38,وێنەگر,1167
3244,دیار مەنگوڕی,سۆران,42,گەشەپێدەری سۆفتوێر,2850
3245,ئاری گەرمیانی,کۆیە,53,پارێزەر,1699
3246,سۆران ئەحمەد,سۆران,58,ژمێریار,2035
3247,بەرزان عوسمان,هەولێر,40,بازرگان,2183
3248,سارا عوسمان,سلێمانی,29,دیزاینەر,2958
3249,کۆسار مەنگوڕی,کۆیە,22,بازرگان,3485
3250,سارا قادر,کەرکووک,61,بازرگان,1350
3251,سۆران گەرمیانی,کۆیە,34,پزیشک,2181
3252,تارا موكری,ڕانیە,38,مامۆستا,1674
3253,هەڵکەوت قادر,سۆران,28,گەشەپێدەری سۆفتوێر,1134
3254,هێمن مەنگوڕی,کۆیە,49,پزیشک,2868
3255,ڕێبین جاف,دهۆک,27,ژمێریار,2969
3256,شنۆ گەرمیانی,کەرکووک,26,مامۆستا,2530
3257,ژینۆ بابان,سلێمانی,36,وێنەگر,2595
3258,سارا موكری,ڕانیە,61,بازرگان,1789
3259,ڕێبین بابان,سۆران,32,مامۆستا,3241
3260,بەرزان گەرمیانی,سۆران,57,وێنەگر,1444
3261,دیار موكری,کەرکووک,61,گەشەپێدەری سۆفتوێر,437
3262,ژینۆ گەرمیانی,هەولێر,40,پارێزەر,1083
3263,نیشتمان مەنگوڕی,هەولێر,64,گەشەپێدەری سۆفتوێر,1649
3264,نیشتمان خۆشناو,هەڵەبجە,54,ڕۆژنامەنوس,2716
3265,سۆران موكری,ڕانیە,21,دیزاینەر,1585
3266,هاوڕێ مەحمود,کۆیە,28,بازرگان,2558
3267,کوردستان كەریم,هەڵەبجە,23,گەشەپێدەری سۆفتوێر,1283
3268,پشتیوان مەنگوڕی,هەڵەبجە,21,گەشەپێدەری سۆفتوێر,1036
3269,سۆزان موكری,هەڵەبجە,24,ژمێریار,2756
3270,کاروان سەعيد,دهۆک,23,پزیشک,2782
3271,کاروان جاف,سلێمانی,26,پزیشک,2830
3272,ڕێبین حەسەن,کەرکووک,48,پزیشک,1020
3273,زانا گەرمیانی,کەرکووک,45,گەشەپێدەری سۆفتوێر,545
3274,شێركۆ جاف,دهۆک,27,پزیشک,1950
3275,ژیان سەعيد,کۆیە,31,وێنەگر,409
3276,تانیا موكری,هەڵەبجە,52,ئەندازیار,3299
3277,تانیا سەعيد,کۆیە,31,وێنەگر,1667
3278,تارا عومەر,هەولێر,64,گەشەپێدەری سۆفتوێر,1447
3279,شنۆ گەرمیانی,سلێمانی,36,مامۆستا,722
3280,بەرزان خۆشناو,دهۆک,20,ڕۆژنامەنوس,3146
3281,نیشتمان عومەر,هەڵەبجە,62,ئەندازیار,1396
3282,کاروان ئەحمەد,هەولێر,38,پزیشک,650
3283,هاوڕێ عەبدوڵڵا,هەڵەبجە,63,بازرگان,2790
3284,هێمن كەریم,هەڵەبجە,41,وێنەگر,932
3285,لەنیا مەنگوڕی,کۆیە,34,پزیشک,1413
3286,ژینۆ بابان,سۆران,53,وێنەگر,1114
3287,هێمن كەریم,کەرکووک,49,بازرگان,2645
3288,هێمن ئەحمەد,دهۆک,37,مامۆستا,1497
3289,بەرزان حەسەن,کۆیە,25,ئەندازیار,2086
3290,ئاری عوسمان,ڕانیە,21,گەشەپێدەری سۆفتوێر,738
3291,هاوڕێ موكری,هەڵەبجە,57,دیزاینەر,3478
3292,ئاری كەریم,ڕانیە,41,ڕۆژنامەنوس,2774
3293,لەنیا گەرمیانی,کەرکووک,22,گەشەپێدەری سۆفتوێر,1248
3294,ڕێبین عەبدوڵڵا,هەولێر,60,بازرگان,1329
3295,سۆزان گەرمیانی,سلێمانی,44,پارێزەر,3059
3296,هەڵکەوت سۆران,ڕانیە,40,وێنەگر,3370
3297,تانیا سۆران,سلێمانی,48,پارێزەر,1012
3298,کاروان بابان,هەڵەبجە,18,ژمێریار,3470
3299,هێمن مەنگوڕی,دهۆک,37,ئەندازیار,2382
3300,ڕێبین مەحمود,هەڵەبجە,30,ئەندازیار,1182
3301,هەڵکەوت موكری,سلێمانی,57,پزیشک,2013
3302,هاوڕێ كەریم,هەڵەبجە,44,ڕۆژنامەنوس,1405
3303,کاروان كەریم,هەولێر,43,وێنەگر,462
3304,زانا عوسمان,سۆران,30,ژمێریار,2303
3305,ژیان جاف,هەولێر,36,گەشەپێدەری سۆفتوێر,2710
3306,ژینۆ سۆران,سلێمانی,63,دیزاینەر,3387
3307,پشتیوان عوسمان,ڕانیە,20,پارێزەر,2099
3308,شنۆ سەعيد,سلێمانی,29,دیزاینەر,936
3309,ژیان خۆشناو,سلێمانی,63,ڕۆژنامەنوس,414
3310,زانا قادر,سلێمانی,46,ئەندازیار,833
3311,کاروان خۆشناو,دهۆک,57,پزیشک,2465
3312,کاروان سەعيد,هەولێر,54,وێنەگر,1359
3313,بەختیار ئەحمەد,کۆیە,23,ڕۆژنامەنوس,459
3314,هێمن عومەر,کەرکووک,44,مامۆستا,411
3315,ڕێبین مەحمود,دهۆک,45,پزیشک,423
3316,نیشتمان سۆران,دهۆک,48,دیزاینەر,1019
3317,هاوڕێ عوسمان,هەولێر,33,پارێزەر,1664
3318,هێمن عوسمان,ڕانیە,47,وێنەگر,1180
3319,شێركۆ موكری,دهۆک,25,گەشەپێدەری سۆفتوێر,2459
3320,هێمن كەریم,کۆیە,59,گەشەپێدەری سۆفتوێر,1322
3321,سۆران جاف,سلێمانی,34,پزیشک,1222
3322,سارا عوسمان,هەڵەبجە,32,ژمێریار,2110
3323,زانا گەرمیانی,سۆران,58,دیزاینەر,3346
3324,ڕێبین مەنگوڕی,ڕانیە,38,وێنەگر,2264
3325,کوردستان مەنگوڕی,سلێمانی,31,ژمێریار,1998
3326,کاروان بابان,سۆران,64,پارێزەر,3445
3327,دیار موكری,سلێمانی,39,پزیشک,2623
3328,زانا عەبدوڵڵا,سۆران,61,گەشەپێدەری سۆفتوێر,1964
3329,ژینۆ بابان,سلێمانی,35,وێنەگر,2258
3330,بەرزان سەعيد,سۆران,34,گەشەپێدەری سۆفتوێر,986
3331,کۆسار قادر,سۆران,45,گەشەپێدەری سۆفتوێر,1024
3332,سۆزان عەبدوڵڵا,ڕانیە,58,گەشەپێدەری سۆفتوێر,955
3333,دیار عەبدوڵڵا,کۆیە,52,ڕۆژنامەنوس,1406
3334,سۆران قادر,هەڵەبجە,60,ئەندازیار,972
3335,بەرزان خۆشناو,سۆران,37,مامۆستا,3476
3336,کوردستان خۆشناو,ڕانیە,62,وێنەگر,1297
3337,سۆزان بابان,هەولێر,27,دیزاینەر,964
3338,شێركۆ خۆشناو,هەولێر,26,وێنەگر,3041
3339,هەڵکەوت عوسمان,دهۆک,35,گەشەپێدەری سۆفتوێر,2871
3340,شێركۆ ئەحمەد,سلێمانی,35,وێنەگر,2937
3341,ئاری خۆشناو,سۆران,61,پزیشک,1758
3342,هێمن عەبدوڵڵا,هەڵەبجە,39,دیزاینەر,2017
3343,بەرزان عومەر,سلێمانی,19,ئەندازیار,1829
3344,سۆزان قادر,ڕانیە,30,دیزاینەر,3423
3345,هێمن سۆران,دهۆک,30,ئەندازیار,1672
3346,دیار ئەحمەد,سلێمانی,42,پزیشک,1103
3347,پشتیوان عومەر,دهۆک,62,پارێزەر,3465
3348,سارا عوسمان,دهۆک,33,ڕۆژنامەنوس,567
3349,لەنیا سۆران,هەڵەبجە,31,وێنەگر,2186
3350,شنۆ گەرمیانی,کۆیە,20,وێنەگر,1422
3351,تارا حەسەن,کەرکووک,58,پزیشک,1122
3352,ئاری جاف,ڕانیە,41,مامۆستا,3348
3353,ژیان مەنگوڕی,سلێمانی,59,گەشەپێدەری سۆفتوێر,3368
3354,ڕێبین عەبدوڵڵا,دهۆک,57,مامۆستا,695
3355,هەڵکەوت ئەحمەد,سلێمانی,51,گەشەپێدەری سۆفتوێر,751
3356,شنۆ ئەحمەد,دهۆک,39,ڕۆژنامەنوس,2121
3357,سۆران قادر,هەڵەبجە,38,ژمێریار,2650
3358,تارا قادر,ڕانیە,24,پارێزەر,2830
3359,بەختیار حەسەن,ڕانیە,59,مامۆستا,1286
3360,تارا قادر,هەولێر,39,ڕۆژنامەنوس,2577
3361,کۆسار بابان,دهۆک,24,مامۆستا,1311
3362,تانیا عومەر,دهۆک,42,پزیشک,406
3363,تارا ئەحمەد,سۆران,50,مامۆستا,1507
3364,هاوڕێ خۆشناو,دهۆک,29,پزیشک,1990
3365,ڕێبین خۆشناو,کەرکووک,39,پزیشک,1386
3366,سۆزان بابان,دهۆک,54,پزیشک,1555
3367,ڕێبین ئەحمەد,کەرکووک,57,پزیشک,3155
3368,شێركۆ مەحمود,کەرکووک,57,پزیشک,2446
3369,دیار گەرمیانی,کەرکووک,34,پزیشک,1357
3370,بەختیار سۆران,دهۆک,31,گەشەپێدەری سۆفتوێر,1602
3371,بەختیار بابان,دهۆک,49,گەشەپێدەری سۆفتوێر,3206
3372,هێمن مەنگوڕی,هەڵەبجە,64,ژمێریار,3176
3373,هاوڕێ حەسەن,ڕانیە,56,وێنەگر,2055
3374,لەنیا عومەر,ڕانیە,37,بازرگان,937
3375,ئاری جاف,هەولێر,59,پزیشک,594
3376,سارا عەبدوڵڵا,سۆران,23,دیزاینەر,1618
3377,تارا مەنگوڕی,کۆیە,52,پزیشک,2345
3378,بەرزان عەبدوڵڵا,سلێمانی,19,پزیشک,469
3379,کاروان سۆران,سلێمانی,46,بازرگان,1792
3380,کۆسار مەحمود,کەرکووک,63,دیزاینەر,3448
3381,زانا سۆران,هەڵەبجە,54,پارێزەر,3045
3382,شێركۆ مەحمود,سلێمانی,30,پزیشک,598
3383,سارا خۆشناو,کۆیە,65,پزیشک,620
3384,تارا بابان,کۆیە,18,بازرگان,2611
3385,هاوڕێ عوسمان,ڕانیە,48,ڕۆژنامەنوس,2908
3386,کاروان سەعيد,کۆیە,34,دیزاینەر,463
3387,هێمن مەحمود,سلێمانی,43,ژمێریار,2756
3388,ئاری مەحمود,هەڵەبجە,49,پارێزەر,2743
3389,زانا بابان,ڕانیە,53,پزیشک,1588
3390,شێركۆ حەسەن,کەرکووک,38,دیزاینەر,1098
3391,هێمن عومەر,کۆیە,38,پارێزەر,3425
3392,سارا مەحمود,سۆران,38,بازرگان,3168
3393,شنۆ سەعيد,دهۆک,43,مامۆستا,2621
3394,لەنیا ئەحمەد,ڕانیە,58,پزیشک,1503
3395,ڕێبین مەنگوڕی,کۆیە,60,دیزاینەر,886
3396,هاوڕێ جاف,ڕانیە,22,دیزاینەر,2426
3397,سارا قادر,هەڵەبجە,57,پارێزەر,1429
3398,شێركۆ كەریم,سلێمانی,20,مامۆستا,2432
3399,سۆران قادر,سلێمانی,42,پزیشک,2275
3400,زانا كەریم,کەرکووک,32,دیزاینەر,1975
3401,پشتیوان بابان,دهۆک,18,گەشەپێدەری سۆفتوێر,2003
3402,ئاری گەرمیانی,کەرکووک,29,ئەندازیار,3115
3403,ڕێبین سۆران,هەولێر,61,وێنەگر,3264
3404,کۆسار حەسەن,هەولێر,27,پارێزەر,407
3405,شێركۆ عومەر,هەڵەبجە,50,دیزاینەر,1336
3406,ژینۆ موكری,دهۆک,30,بازرگان,508
3407,هەڵکەوت مەنگوڕی,هەولێر,40,بازرگان,699
3408,هاوڕێ خۆشناو,سۆران,53,وێنەگر,2150
3409,ڕێبین بابان,ڕانیە,65,پارێزەر,1604
3410,هاوڕێ عومەر,سلێمانی,63,ئەندازیار,3253
3411,بەختیار عەبدوڵڵا,سۆران,45,بازرگان,441
3412,تارا سەعيد,سۆران,59,وێنەگر,875
3413,شێركۆ سەعيد,سلێمانی,61,ڕۆژنامەنوس,2928
3414,شنۆ قادر,سلێمانی,27,ژمێریار,1899
3415,بەختیار مەنگوڕی,هەڵەبجە,65,گەشەپێدەری سۆفتوێر,1576
3416,ژینۆ موكری,سۆران,46,گەشەپێدەری سۆفتوێر,3460
3417,شێركۆ عەبدوڵڵا,سلێمانی,39,ڕۆژنامەنوس,423
3418,ژینۆ موكری,کۆیە,51,وێنەگر,903
3419,پشتیوان عومەر,هەولێر,47,پزیشک,1215
3420,هەڵکەوت عوسمان,سۆران,20,مامۆستا,2771
3421,تانیا ئەحمەد,ڕانیە,65,مامۆستا,2116
3422,سارا عوسمان,سۆران,50,پزیشک,2737
3423,دیار ئەحمەد,ڕانیە,35,پزیشک,2717
3424,سۆزان خۆشناو,ڕانیە,42,پزیشک,667
3425,زانا خۆشناو,هەولێر,40,ڕۆژنامەنوس,1294
3426,کۆسار مەنگوڕی,دهۆک,36,بازرگان,1332
3427,تارا حەسەن,هەڵەبجە,54,گەشەپێدەری سۆفتوێر,3281
3428,هێمن عوسمان,کۆیە,51,ئەندازیار,2756
3429,سۆران كەریم,هەڵەبجە,27,ڕۆژنامەنوس,1965
3430,کوردستان قادر,هەڵەبجە,58,بازرگان,3136
3431,بەرزان عوسمان,کۆیە,33,مامۆستا,1940
3432,ڕێبین سۆران,سلێمانی,44,گەشەپێدەری سۆفتوێر,3048
3433,بەرزان قادر,هەولێر,33,ژمێریار,2560
3434,ژینۆ سۆران,هەڵەبجە,40,گەشەپێدەری سۆفتوێر,2604
3435,پشتیوان ئەحمەد,هەولێر,32,وێنەگر,1996
3436,هاوڕێ گەرمیانی,کۆیە,56,مامۆستا,1505
3437,ڕێبین حەسەن,دهۆک,53,ڕۆژنامەنوس,1741
3438,لەنیا موكری,هەڵەبجە,52,ڕۆژنامەنوس,460
3439,کوردستان كەریم,کەرکووک,25,ئەندازیار,1713
3440,بەرزان ئەحمەد,سۆران,42,پارێزەر,991
3441,ڕێبین مەنگوڕی,کۆیە,32,ئەندازیار,946
3442,تارا مەنگوڕی,هەڵەبجە,48,پزیشک,1297
3443,لەنیا سۆران,هەڵەبجە,26,پارێزەر,1278
3444,سۆزان عومەر,هەڵەبجە,20,ژمێریار,1386
3445,هاوڕێ كەریم,هەولێر,59,بازرگان,1315
3446,سۆران مەنگوڕی,کەرکووک,35,ڕۆژنامەنوس,3396
3447,کاروان خۆشناو,دهۆک,39,ئەندازیار,1349
3448,ژیان حەسەن,هەولێر,49,بازرگان,3372
3449,هەڵکەوت سۆران,ڕانیە,27,ژمێریار,517
3450,دیار مەنگوڕی,سۆران,50,دیزاینەر,1567
3451,تارا كەریم,سۆران,58,پزیشک,1923
3452,هێمن مەنگوڕی,دهۆک,37,ڕۆژنامەنوس,1446
3453,نیشتمان عەبدوڵڵا,هەولێر,53,ڕۆژنامەنوس,983
3454,لەنیا مەنگوڕی,هەولێر,27,گەشەپێدەری سۆفتوێر,3326
3455,بەرزان سەعيد,سۆران,46,مامۆستا,532
3456,دیار سۆران,کۆیە,48,دیزاینەر,2559
3457,ژیان عومەر,هەولێر,52,ئەندازیار,1549
3458,ئاری سەعيد,سلێمانی,21,پارێزەر,3382
3459,کاروان موكری,سۆران,56,دیزاینەر,3479
3460,کاروان سۆران,کەرکووک,30,دیزاینەر,751
3461,لەنیا ئەحمەد,سلێمانی,41,ژمێریار,832
3462,نیشتمان قادر,سۆران,65,بازرگان,3044
3463,سارا جاف,سۆران,28,وێنەگر,3345
3464,بەرزان مەحمود,هەولێر,23,دیزاینەر,950
3465,هەڵکەوت عەبدوڵڵا,ڕانیە,19,پزیشک,3435
3466,سۆزان خۆشناو,دهۆک,60,دیزاینەر,2024
3467,پشتیوان موكری,سلێمانی,59,ڕۆژنامەنوس,2057
3468,کاروان سەعيد,سلێمانی,42,پزیشک,1496
3469,ژینۆ حەسەن,سۆران,47,بازرگان,1330
3470,دیار مەحمود,کەرکووک,41,مامۆستا,3238
3471,زانا خۆشناو,سۆران,28,گەشەپێدەری سۆفتوێر,2673
3472,کاروان بابان,سلێمانی,19,بازرگان,2453
3473,ئاری خۆشناو,هەولێر,58,مامۆستا,1429
3474,کاروان سۆران,هەولێر,18,پارێزەر,1224
3475,بەرزان موكری,کۆیە,64,پزیشک,1255
3476,کۆسار عومەر,هەولێر,56,پزیشک,940
3477,نیشتمان عومەر,هەولێر,29,دیزاینەر,847
3478,نیشتمان عەبدوڵڵا,دهۆک,58,ئەندازیار,1737
3479,سۆران عوسمان,کەرکووک,51,ئەندازیار,1794
3480,ڕێبین سەعيد,سلێمانی,52,گەشەپێدەری سۆفتوێر,2528
3481,ئاری عوسمان,سلێمانی,41,پارێزەر,3225
3482,ڕێبین كەریم,هەڵەبجە,34,ڕۆژنامەنوس,1047
3483,نیشتمان ئەحمەد,دهۆک,36,وێنەگر,1633
3484,ژینۆ ئەحمەد,کەرکووک,65,ئەندازیار,2694
3485,هاوڕێ گەرمیانی,هەولێر,52,ئەندازیار,2734
3486,بەختیار مەحمود,کۆیە,62,دیزاینەر,2571
3487,شنۆ حەسەن,هەڵەبجە,26,بازرگان,2876
3488,هێمن عەبدوڵڵا,هەڵەبجە,42,مامۆستا,3468
3489,هێمن عوسمان,ڕانیە,33,وێنەگر,1790
3490,پشتیوان عەبدوڵڵا,دهۆک,37,مامۆستا,2222
3491,هاوڕێ عومەر,ڕانیە,50,ژمێریار,2925
3492,هاوڕێ مەحمود,کەرکووک,56,مامۆستا,2669
3493,شێركۆ عەبدوڵڵا,هەڵەبجە,35,دیزاینەر,741
3494,سۆران عوسمان,ڕانیە,49,پارێزەر,3408
3495,هەڵکەوت مەنگوڕی,کەرکووک,35,بازرگان,2935
3496,نیشتمان موكری,هەڵەبجە,50,گەشەپێدەری سۆفتوێر,3104
3497,ژینۆ مەحمود,دهۆک,30,گەشەپێدەری سۆفتوێر,1315
3498,ئاری جاف,کۆیە,59,بازرگان,1278
3499,تارا موكری,ڕانیە,25,مامۆستا,2322
3500,سۆران مەحمود,سلێمانی,38,گەشەپێدەری سۆفتوێر,905
3501,کوردستان بابان,کەرکووک,65,پارێزەر,637
3502,زانا سەعيد,هەڵەبجە,56,وێنەگر,637
3503,سارا عوسمان,هەولێر,35,مامۆستا,1375
3504,بەرزان سەعيد,دهۆک,48,ئەندازیار,619
3505,زانا سەعيد,کەرکووک,20,مامۆستا,3128
3506,هێمن حەسەن,هەڵەبجە,22,مامۆستا,2697
3507,لەنیا خۆشناو,کەرکووک,37,وێنەگر,1483
3508,بەرزان عوسمان,سۆران,30,وێنەگر,3275
3509,بەرزان جاف,هەولێر,32,گەشەپێدەری سۆفتوێر,891
3510,شنۆ مەنگوڕی,سلێمانی,30,ئەندازیار,1030
3511,بەختیار سۆران,سلێمانی,63,پزیشک,2443
3512,کوردستان عەبدوڵڵا,کەرکووک,21,پزیشک,455
3513,کاروان قادر,کەرکووک,42,ئەندازیار,3264
3514,بەختیار ئەحمەد,سۆران,62,پارێزەر,1186
3515,پشتیوان موكری,کۆیە,28,وێنەگر,3028
3516,سۆزان عومەر,کەرکووک,57,مامۆستا,2022
3517,ئاری عەبدوڵڵا,کۆیە,46,وێنەگر,2548
3518,شنۆ جاف,سۆران,44,پزیشک,2065
3519,بەرزان خۆشناو,کۆیە,64,دیزاینەر,1358
3520,هێمن سەعيد,سلێمانی,49,پزیشک,1380
3521,هاوڕێ حەسەن,هەولێر,23,پارێزەر,1068
3522,هاوڕێ جاف,هەڵەبجە,29,بازرگان,2894
3523,سۆزان عوسمان,هەڵەبجە,21,دیزاینەر,2922
3524,بەختیار عومەر,ڕانیە,50,وێنەگر,756
3525,کوردستان حەسەن,ڕانیە,26,بازرگان,2919
3526,کاروان عوسمان,سلێمانی,58,وێنەگر,2184
3527,سۆران گەرمیانی,دهۆک,28,وێنەگر,647
3528,تانیا بابان,دهۆک,56,وێنەگر,1224
3529,ئاری حەسەن,ڕانیە,57,بازرگان,720
3530,ژیان گەرمیانی,سۆران,52,دیزاینەر,2155
3531,هێمن عەبدوڵڵا,هەڵەبجە,56,دیزاینەر,1240
3532,هەڵکەوت خۆشناو,کەرکووک,52,گەشەپێدەری سۆفتوێر,2845
3533,ژینۆ خۆشناو,سلێمانی,61,ڕۆژنامەنوس,927
3534,شنۆ بابان,کەرکووک,33,ڕۆژنامەنوس,1205
3535,سارا عەبدوڵڵا,هەولێر,56,ژمێریار,2131
3536,ئاری مەحمود,کەرکووک,21,ئەندازیار,2432
3537,تانیا سەعيد,ڕانیە,59,ژمێریار,3029
3538,هاوڕێ كەریم,هەڵەبجە,51,بازرگان,900
3539,ژینۆ جاف,ڕانیە,31,ژمێریار,2225
3540,کوردستان سۆران,کۆیە,19,گەشەپێدەری سۆفتوێر,2315
3541,پشتیوان گەرمیانی,کەرکووک,65,ئەندازیار,2971
3542,سۆران خۆشناو,کەرکووک,51,مامۆستا,919
3543,سارا موكری,هەولێر,33,پارێزەر,440
3544,تارا بابان,ڕانیە,55,مامۆستا,2843
3545,ژیان عومەر,سلێمانی,40,ئەندازیار,627
3546,هێمن مەحمود,هەڵەبجە,32,مامۆستا,1386
3547,ئاری سەعيد,سۆران,46,بازرگان,2706
3548,کاروان مەحمود,دهۆک,19,دیزاینەر,2021
3549,بەرزان مەنگوڕی,سۆران,40,مامۆستا,2389
3550,هێمن بابان,هەڵەبجە,35,ئەندازیار,463
3551,ئاری خۆشناو,کۆیە,57,بازرگان,487
3552,هەڵکەوت سەعيد,ڕانیە,34,ڕۆژنامەنوس,3266
3553,شنۆ موكری,سۆران,41,پارێزەر,2842
3554,هەڵکەوت مەنگوڕی,هەولێر,58,بازرگان,761
3555,کوردستان قادر,سۆران,18,دیزاینەر,504
3556,هەڵکەوت قادر,سۆران,52,بازرگان,1750
3557,پشتیوان ئەحمەد,سلێمانی,20,ڕۆژنامەنوس,997
3558,ڕێبین كەریم,سلێمانی,28,پارێزەر,757
3559,سۆران سۆران,سۆران,25,پارێزەر,558
3560,لەنیا عومەر,هەولێر,38,ژمێریار,722
3561,زانا عەبدوڵڵا,هەڵەبجە,36,پارێزەر,1077
3562,پشتیوان سۆران,سلێمانی,52,مامۆستا,3226
3563,کۆسار موكری,کەرکووک,25,بازرگان,1095
3564,ئاری گەرمیانی,دهۆک,57,بازرگان,1526
3565,شێركۆ ئەحمەد,سلێمانی,24,پزیشک,1128
3566,هەڵکەوت عومەر,هەڵەبجە,60,گەشەپێدەری سۆفتوێر,1561
3567,بەرزان گەرمیانی,سلێمانی,27,پارێزەر,420
3568,بەختیار سۆران,سۆران,58,ئەندازیار,2097
3569,ژیان كەریم,هەڵەبجە,45,وێنەگر,824
3570,هەڵکەوت خۆشناو,کۆیە,61,بازرگان,2838
3571,سارا خۆشناو,سۆران,55,گەشەپێدەری سۆفتوێر,2627
3572,کۆسار عوسمان,سلێمانی,48,ڕۆژنامەنوس,789
3573,کوردستان عەبدوڵڵا,هەولێر,27,مامۆستا,3254
3574,ئاری بابان,سۆران,49,ئەندازیار,2820
3575,هاوڕێ مەنگوڕی,کۆیە,55,مامۆستا,3375
3576,لەنیا حەسەن,کەرکووک,34,ئەندازیار,2933
3577,سارا سۆران,هەڵەبجە,62,پزیشک,1218
3578,کاروان ئەحمەد,دهۆک,27,پارێزەر,940
3579,بەرزان موكری,کەرکووک,26,ئەندازیار,1110
3580,کوردستان عەبدوڵڵا,هەڵەبجە,59,دیزاینەر,1260
3581,شێركۆ عومەر,ڕانیە,51,وێنەگر,2452
3582,سارا ئەحمەد,هەڵەبجە,38,ڕۆژنامەنوس,3164
3583,لەنیا عوسمان,کۆیە,42,ئەندازیار,2313
3584,زانا سۆران,کۆیە,44,گەشەپێدەری سۆفتوێر,1373
3585,سۆزان موكری,سلێمانی,51,گەشەپێدەری سۆفتوێر,3435
3586,زانا بابان,کۆیە,19,گەشەپێدەری سۆفتوێر,2852
3587,نیشتمان مەحمود,کەرکووک,40,پارێزەر,1373
3588,پشتیوان موكری,کۆیە,27,ڕۆژنامەنوس,3271
3589,نیشتمان جاف,کەرکووک,55,ئەندازیار,893
3590,هێمن مەنگوڕی,ڕانیە,63,ژمێریار,1295
3591,ڕێبین سۆران,کەرکووک,38,ژمێریار,478
3592,لەنیا جاف,کەرکووک,38,پارێزەر,445
3593,هاوڕێ ئەحمەد,هەولێر,65,وێنەگر,2648
3594,نیشتمان ئەحمەد,هەولێر,48,پزیشک,2817
3595,هەڵکەوت عومەر,ڕانیە,46,وێنەگر,2866
3596,کۆسار عومەر,سۆران,31,ژمێریار,1081
3597,سۆران سۆران,کۆیە,38,مامۆستا,3137
3598,زانا سۆران,هەولێر,31,مامۆستا,2189
3599,هەڵکەوت خۆشناو,کەرکووک,58,ئەندازیار,2969
3600,هاوڕێ موكری,سلێمانی,54,پزیشک,2588
3601,شنۆ جاف,دهۆک,26,ئەندازیار,413
3602,لەنیا عوسمان,کەرکووک,44,پزیشک,2395
3603,کاروان قادر,کەرکووک,31,وێنەگر,1457
3604,ژینۆ موكری,هەڵەبجە,21,ئەندازیار,2438
3605,هاوڕێ عومەر,سلێمانی,36,دیزاینەر,977
3606,بەختیار عوسمان,کەرکووک,37,بازرگان,1782
3607,شنۆ جاف,ڕانیە,45,ڕۆژنامەنوس,2716
3608,ڕێبین عوسمان,دهۆک,18,وێنەگر,737
3609,تارا جاف,هەڵەبجە,20,ژمێریار,1524
3610,لەنیا سۆران,هەولێر,48,وێنەگر,1295
3611,دیار عومەر,دهۆک,27,ژمێریار,1562
3612,شنۆ كەریم,سۆران,50,ژمێریار,2291
3613,نیشتمان عومەر,هەڵەبجە,24,ڕۆژنامەنوس,2395
3614,ڕێبین گەرمیانی,کۆیە,24,مامۆستا,3170
3615,پشتیوان عەبدوڵڵا,هەولێر,50,ژمێریار,483
3616,ژیان خۆشناو,هەڵەبجە,22,ڕۆژنامەنوس,916
3617,تانیا خۆشناو,دهۆک,42,پزیشک,692
3618,هاوڕێ خۆشناو,سلێمانی,60,پزیشک,2144
3619,سارا موكری,هەڵەبجە,52,ئەندازیار,442
3620,سارا سەعيد,هەڵەبجە,30,وێنەگر,1480
3621,لەنیا كەریم,سلێمانی,49,بازرگان,614
3622,تارا عومەر,سلێمانی,57,بازرگان,1718
3623,ڕێبین عوسمان,کەرکووک,52,ئەندازیار,3057
3624,هێمن بابان,سلێمانی,42,ڕۆژنامەنوس,2641
3625,ئاری سەعيد,هەولێر,61,دیزاینەر,1512
3626,سۆران عەبدوڵڵا,کۆیە,50,بازرگان,1299
3627,سۆران سەعيد,هەڵەبجە,45,بازرگان,1585
3628,تانیا بابان,سۆران,35,گەشەپێدەری سۆفتوێر,1847
3629,سۆران خۆشناو,کۆیە,55,دیزاینەر,1250
3630,ئاری مەنگوڕی,کەرکووک,37,گەشەپێدەری سۆفتوێر,2768
3631,سۆران عەبدوڵڵا,هەڵەبجە,46,وێنەگر,1369
3632,ئاری خۆشناو,دهۆک,61,ڕۆژنامەنوس,1068
3633,بەرزان مەنگوڕی,ڕانیە,32,بازرگان,2142
3634,هەڵکەوت عەبدوڵڵا,کەرکووک,41,پارێزەر,2043
3635,ژینۆ جاف,دهۆک,36,دیزاینەر,2053
3636,شنۆ حەسەن,دهۆک,65,ئەندازیار,3401
3637,ئاری ئەحمەد,ڕانیە,51,ژمێریار,698
3638,تارا مەنگوڕی,سۆران,59,ژمێریار,1308
3639,دیار بابان,کۆیە,18,مامۆستا,1556
3640,دیار كەریم,ڕانیە,44,بازرگان,1590
3641,هێمن عەبدوڵڵا,کۆیە,33,مامۆستا,3056
3642,ڕێبین قادر,کەرکووک,33,پزیشک,2543
3643,هاوڕێ سۆران,ڕانیە,33,دیزاینەر,3059
3644,ڕێبین خۆشناو,هەولێر,51,ژمێریار,2730
3645,ژیان كەریم,سلێمانی,38,ڕۆژنامەنوس,3146
3646,هەڵکەوت حەسەن,کەرکووک,26,گەشەپێدەری سۆفتوێر,1504
3647,ژیان مەنگوڕی,کۆیە,42,پارێزەر,2805
3648,سۆران عەبدوڵڵا,کەرکووک,39,ڕۆژنامەنوس,3485
3649,ژینۆ عومەر,سلێمانی,22,گەشەپێدەری سۆفتوێر,1034
3650,تارا موكری,ڕانیە,43,ڕۆژنامەنوس,1487
3651,پشتیوان ئەحمەد,هەڵەبجە,40,بازرگان,2198
3652,کوردستان بابان,هەڵەبجە,28,پارێزەر,1810
3653,شنۆ سۆران,هەڵەبجە,34,ئەندازیار,1069
3654,شێركۆ كەریم,دهۆک,59,دیزاینەر,1233
3655,نیشتمان ئەحمەد,سۆران,65,ئەندازیار,2664
3656,سۆزان عەبدوڵڵا,سلێمانی,65,دیزاینەر,2296
3657,شنۆ ئەحمەد,هەڵەبجە,32,پارێزەر,733
3658,تارا مەحمود,ڕانیە,43,ڕۆژنامەنوس,2214
3659,تارا ئەحمەد,سۆران,40,مامۆستا,1414
3660,تارا كەریم,کەرکووک,22,گەشەپێدەری سۆفتوێر,419
3661,سۆزان بابان,هەولێر,23,ئەندازیار,2013
3662,هاوڕێ مەحمود,هەولێر,60,ئەندازیار,3091
3663,سۆران كەریم,کۆیە,63,بازرگان,1970
3664,ڕێبین گەرمیانی,دهۆک,63,پزیشک,1263
3665,سۆزان بابان,هەولێر,45,وێنەگر,1700
3666,ئاری عەبدوڵڵا,کەرکووک,18,وێنەگر,2838
3667,زانا سەعيد,هەولێر,45,دیزاینەر,3329
3668,کاروان مەنگوڕی,هەڵەبجە,65,ژمێریار,1703
3669,تانیا بابان,سۆران,38,پارێزەر,558
3670,سارا كەریم,کۆیە,53,پارێزەر,3054
3671,هەڵکەوت بابان,دهۆک,28,ئەندازیار,1903
3672,سۆزان موكری,هەڵەبجە,38,ڕۆژنامەنوس,1112
3673,کاروان حەسەن,کەرکووک,59,دیزاینەر,1278
3674,هاوڕێ مەحمود,کۆیە,51,دیزاینەر,645
3675,سارا موكری,سۆران,28,ئەندازیار,1434
3676,بەرزان قادر,ڕانیە,62,ڕۆژنامەنوس,1694
3677,شنۆ جاف,کۆیە,51,ئەندازیار,570
3678,شێركۆ گەرمیانی,کۆیە,20,ئەندازیار,1723
3679,سارا سۆران,هەڵەبجە,46,دیزاینەر,574
3680,سارا عومەر,هەولێر,62,ئەندازیار,2477
3681,ئاری مەنگوڕی,کەرکووک,27,پزیشک,754
3682,کۆسار كەریم,دهۆک,60,وێنەگر,2345
3683,کوردستان بابان,ڕانیە,36,پارێزەر,3307
3684,شنۆ مەحمود,هەڵەبجە,58,ئەندازیار,3085
3685,شنۆ عومەر,هەولێر,28,ڕۆژنامەنوس,1620
3686,زانا عومەر,کەرکووک,38,پزیشک,1407
3687,تانیا مەنگوڕی,ڕانیە,51,ڕۆژنامەنوس,2189
3688,سۆران بابان,کۆیە,63,پزیشک,2297
3689,دیار عومەر,کۆیە,23,ئەندازیار,532
3690,کوردستان مەحمود,هەولێر,33,ژمێریار,3181
3691,کاروان سەعيد,سۆران,54,ڕۆژنامەنوس,2555
3692,نیشتمان حەسەن,کەرکووک,55,وێنەگر,3026
3693,ژیان بابان,ڕانیە,40,وێنەگر,1082
3694,شنۆ حەسەن,سۆران,45,ئەندازیار,3125
3695,زانا جاف,سلێمانی,62,پزیشک,1250
3696,کوردستان عەبدوڵڵا,کەرکووک,28,دیزاینەر,1438
3697,ژیان بابان,سۆران,20,مامۆستا,2474
3698,کاروان بابان,هەڵەبجە,39,پارێزەر,2168
3699,بەرزان خۆشناو,سۆران,58,گەشەپێدەری سۆفتوێر,606
3700,پشتیوان سۆران,هەڵەبجە,32,مامۆستا,506
3701,بەرزان سەعيد,هەڵەبجە,60,ئەندازیار,856
3702,شێركۆ سەعيد,ڕانیە,25,گەشەپێدەری سۆفتوێر,2751
3703,ئاری سەعيد,ڕانیە,59,گەشەپێدەری سۆفتوێر,3336
3704,شێركۆ جاف,ڕانیە,21,ئەندازیار,2345
3705,ڕێبین خۆشناو,دهۆک,34,پزیشک,674
3706,پشتیوان موكری,سۆران,51,ڕۆژنامەنوس,883
3707,پشتیوان گەرمیانی,دهۆک,60,دیزاینەر,3050
3708,هاوڕێ عوسمان,هەڵەبجە,34,پارێزەر,908
3709,سارا مەحمود,سلێمانی,60,پزیشک,2547
3710,ڕێبین گەرمیانی,ڕانیە,32,گەشەپێدەری سۆفتوێر,3037
3711,هەڵکەوت عەبدوڵڵا,سۆران,59,گەشەپێدەری سۆفتوێر,3005
3712,بەرزان حەسەن,کۆیە,39,پزیشک,787
3713,کاروان بابان,سلێمانی,60,پزیشک,2048
3714,ئاری ئەحمەد,دهۆک,31,بازرگان,2947
3715,لەنیا عومەر,کەرکووک,28,پارێزەر,2556
3716,هاوڕێ بابان,کۆیە,44,پارێزەر,2837
3717,سۆران عومەر,هەولێر,28,وێنەگر,1660
3718,کۆسار عوسمان,کەرکووک,60,دیزاینەر,2784
3719,سۆران خۆشناو,سۆران,19,ئەندازیار,1833
3720,نیشتمان موكری,کەرکووک,61,گەشەپێدەری سۆفتوێر,1905
3721,پشتیوان مەحمود,دهۆک,61,وێنەگر,3395
3722,تارا عەبدوڵڵا,کۆیە,44,ژمێریار,2069
3723,تارا عومەر,سۆران,48,ئەندازیار,451
3724,کۆسار عوسمان,سۆران,47,دیزاینەر,1195
3725,تانیا كەریم,ڕانیە,49,بازرگان,1091
3726,کوردستان ئەحمەد,کەرکووک,54,دیزاینەر,837
3727,ڕێبین سۆران,کەرکووک,56,مامۆستا,3475
3728,دیار بابان,کۆیە,61,پزیشک,1066
3729,کۆسار سۆران,ڕانیە,38,مامۆستا,2664
3730,هێمن جاف,سلێمانی,50,گەشەپێدەری سۆفتوێر,3447
3731,کاروان مەحمود,سۆران,34,ژمێریار,1778
3732,سۆزان موكری,سلێمانی,42,ژمێریار,2407
3733,کوردستان سەعيد,کۆیە,46,ئەندازیار,1997
3734,لەنیا عومەر,دهۆک,32,ئەندازیار,3085
3735,هەڵکەوت مەحمود,سۆران,64,ڕۆژنامەنوس,1040
3736,کوردستان عوسمان,سلێمانی,20,ڕۆژنامەنوس,1903
3737,کاروان ئەحمەد,کەرکووک,19,مامۆستا,779
3738,دیار ئەحمەد,سۆران,20,پزیشک,981
3739,کوردستان حەسەن,کەرکووک,65,مامۆستا,1647
3740,ئاری قادر,هەولێر,58,گەشەپێدەری سۆفتوێر,1780
3741,لەنیا كەریم,کۆیە,45,ڕۆژنامەنوس,2451
3742,پشتیوان مەنگوڕی,دهۆک,45,دیزاینەر,2852
3743,تارا عوسمان,سۆران,27,ئەندازیار,1142
3744,لەنیا مەحمود,هەولێر,45,گەشەپێدەری سۆفتوێر,2692
3745,هێمن مەنگوڕی,هەڵەبجە,63,بازرگان,2091
3746,هەڵکەوت گەرمیانی,هەڵەبجە,26,پزیشک,2068
3747,سارا خۆشناو,سلێمانی,22,ڕۆژنامەنوس,3262
3748,هاوڕێ سۆران,سلێمانی,20,گەشەپێدەری سۆفتوێر,2678
3749,ژیان سەعيد,هەولێر,20,مامۆستا,3203
3750,کۆسار سەعيد,هەڵەبجە,20,وێنەگر,881
3751,هاوڕێ جاف,کەرکووک,34,بازرگان,2031
3752,لەنیا عەبدوڵڵا,سۆران,57,دیزاینەر,1487
3753,ئاری كەریم,کەرکووک,24,ئەندازیار,693
3754,ژینۆ جاف,هەولێر,39,پارێزەر,2938
3755,سارا بابان,کەرکووک,49,ڕۆژنامەنوس,1718
3756,تانیا خۆشناو,سۆران,21,ژمێریار,924
3757,هێمن قادر,دهۆک,40,ئەندازیار,1036
3758,سۆزان سۆران,سۆران,56,ژمێریار,1644
3759,زانا عەبدوڵڵا,سلێمانی,24,ڕۆژنامەنوس,682
3760,بەرزان بابان,کۆیە,61,گەشەپێدەری سۆفتوێر,1612
3761,سۆران موكری,ڕانیە,65,پارێزەر,2854
3762,سارا خۆشناو,دهۆک,46,بازرگان,986
3763,بەختیار عوسمان,سۆران,51,ژمێریار,681
3764,هەڵکەوت مەحمود,هەڵەبجە,53,گەشەپێدەری سۆفتوێر,3447
3765,کوردستان حەسەن,کەرکووک,18,پارێزەر,3004
3766,کۆسار موكری,ڕانیە,21,گەشەپێدەری سۆفتوێر,2756
3767,بەرزان سەعيد,کۆیە,25,ژمێریار,2854
3768,نیشتمان گەرمیانی,کۆیە,18,پزیشک,1326
3769,پشتیوان سەعيد,ڕانیە,32,وێنەگر,607
3770,سارا بابان,هەڵەبجە,28,وێنەگر,2724
3771,تارا سۆران,دهۆک,60,پارێزەر,3092
3772,لەنیا بابان,کۆیە,32,دیزاینەر,461
3773,ژیان كەریم,هەولێر,33,پارێزەر,3499
3774,ئاری عوسمان,سۆران,24,دیزاینەر,431
3775,هاوڕێ سەعيد,هەڵەبجە,28,وێنەگر,2952
3776,لەنیا كەریم,سلێمانی,47,دیزاینەر,2359
3777,ڕێبین گەرمیانی,سلێمانی,34,مامۆستا,3228
3778,سارا سۆران,دهۆک,56,گەشەپێدەری سۆفتوێر,2482
3779,نیشتمان مەنگوڕی,هەڵەبجە,62,وێنەگر,611
3780,ڕێبین بابان,سلێمانی,46,بازرگان,1503
3781,ژیان كەریم,کۆیە,31,ئەندازیار,2893
3782,زانا موكری,دهۆک,47,پارێزەر,1363
3783,ژیان كەریم,سلێمانی,47,ئەندازیار,2089
3784,پشتیوان ئەحمەد,سۆران,59,پارێزەر,1563
3785,دیار عەبدوڵڵا,سلێمانی,53,وێنەگر,2119
3786,ژیان بابان,سلێمانی,41,پارێزەر,2511
3787,نیشتمان ئەحمەد,هەولێر,34,گەشەپێدەری سۆفتوێر,3325
3788,زانا مەنگوڕی,کۆیە,20,مامۆستا,1764
3789,زانا موكری,سلێمانی,45,وێنەگر,993
3790,ژیان سۆران,کەرکووک,51,ڕۆژنامەنوس,401
3791,ڕێبین سەعيد,کەرکووک,27,گەشەپێدەری سۆفتوێر,3221
3792,ئاری عوسمان,دهۆک,37,ژمێریار,3315
3793,کاروان سەعيد,دهۆک,53,بازرگان,1799
3794,ئاری ئەحمەد,کۆیە,58,مامۆستا,721
3795,هەڵکەوت بابان,کۆیە,34,دیزاینەر,644
3796,شنۆ سۆران,سۆران,22,وێنەگر,976
3797,بەرزان حەسەن,هەڵەبجە,34,دیزاینەر,1319
3798,سۆزان مەحمود,ڕانیە,62,پزیشک,2067
3799,تارا ئەحمەد,هەولێر,49,پزیشک,2690
3800,ژیان ئەحمەد,سۆران,37,بازرگان,2385
3801,هەڵکەوت عەبدوڵڵا,ڕانیە,31,وێنەگر,951
3802,کۆسار گەرمیانی,کەرکووک,54,پزیشک,936
3803,بەرزان ئەحمەد,هەڵەبجە,54,دیزاینەر,679
3804,کۆسار موكری,سۆران,20,پارێزەر,1293
3805,لەنیا ئەحمەد,دهۆک,24,ڕۆژنامەنوس,1658
3806,شنۆ حەسەن,ڕانیە,51,پارێزەر,1614
3807,سارا ئەحمەد,هەڵەبجە,45,بازرگان,1881
3808,ژینۆ كەریم,سۆران,53,مامۆستا,1792
3809,سۆزان گەرمیانی,هەولێر,32,پارێزەر,1671
3810,پشتیوان مەنگوڕی,کەرکووک,22,پارێزەر,1199
3811,زانا عوسمان,سۆران,49,ئەندازیار,781
3812,ئاری خۆشناو,سۆران,38,ژمێریار,3196
3813,ڕێبین كەریم,سلێمانی,49,پزیشک,3306
3814,پشتیوان مەحمود,سۆران,31,مامۆستا,2833
3815,سارا كەریم,ڕانیە,57,ژمێریار,1629
3816,شێركۆ خۆشناو,ڕانیە,49,ژمێریار,1717
3817,ژیان گەرمیانی,دهۆک,61,مامۆستا,2011
3818,لەنیا موكری,هەڵەبجە,32,گەشەپێدەری سۆفتوێر,3249
3819,هاوڕێ بابان,کۆیە,20,بازرگان,3467
3820,نیشتمان عوسمان,هەڵەبجە,29,وێنەگر,436
3821,هەڵکەوت مەحمود,دهۆک,48,ژمێریار,2332
3822,تارا ئەحمەد,دهۆک,63,پارێزەر,2655
3823,تارا عوسمان,سۆران,42,ژمێریار,1062
3824,ژیان قادر,ڕانیە,21,پزیشک,2613
3825,هێمن مەنگوڕی,هەولێر,54,ژمێریار,2878
3826,نیشتمان جاف,سلێمانی,32,وێنەگر,484
3827,سارا موكری,کەرکووک,27,مامۆستا,901
3828,لەنیا حەسەن,دهۆک,20,پزیشک,3136
3829,بەختیار سەعيد,هەڵەبجە,62,بازرگان,2282
3830,شێركۆ جاف,هەولێر,59,پزیشک,801
3831,ئاری مەحمود,کەرکووک,19,دیزاینەر,2136
3832,دیار گەرمیانی,کەرکووک,21,پزیشک,2337
3833,نیشتمان قادر,کەرکووک,24,پزیشک,1704
3834,سۆزان عەبدوڵڵا,سلێمانی,64,پارێزەر,1107
3835,کاروان خۆشناو,کەرکووک,32,وێنەگر,429
3836,ژینۆ جاف,هەولێر,22,مامۆستا,1004
3837,شێركۆ مەحمود,هەولێر,22,دیزاینەر,3309
3838,زانا گەرمیانی,دهۆک,50,ڕۆژنامەنوس,1687
3839,دیار عوسمان,سۆران,61,پزیشک,857
3840,هێمن عوسمان,کۆیە,42,پزیشک,1130
3841,تانیا بابان,کۆیە,51,ڕۆژنامەنوس,3423
3842,ڕێبین حەسەن,کۆیە,49,مامۆستا,1710
3843,تارا بابان,سۆران,44,پارێزەر,591
3844,بەختیار قادر,دهۆک,49,پزیشک,1388
3845,کوردستان عەبدوڵڵا,هەولێر,54,بازرگان,3204
3846,ژیان سەعيد,کەرکووک,23,ئەندازیار,3426
3847,نیشتمان ئەحمەد,کۆیە,62,ڕۆژنامەنوس,1422
3848,ڕێبین ئەحمەد,کۆیە,48,بازرگان,2870
3849,هەڵکەوت قادر,سلێمانی,54,ژمێریار,1463
3850,کۆسار قادر,ڕانیە,57,پزیشک,559
3851,بەرزان سەعيد,هەولێر,38,ژمێریار,1368
3852,هێمن عوسمان,کەرکووک,58,وێنەگر,2219
3853,سارا قادر,کەرکووک,35,پزیشک,3344
3854,سۆزان عوسمان,ڕانیە,22,ڕۆژنامەنوس,986
3855,پشتیوان مەحمود,هەولێر,38,دیزاینەر,3239
3856,کۆسار سەعيد,سلێمانی,54,دیزاینەر,2480
3857,تارا بابان,سلێمانی,56,گەشەپێدەری سۆفتوێر,2796
3858,ئاری كەریم,هەڵەبجە,53,وێنەگر,2644
3859,کوردستان گەرمیانی,کەرکووک,63,ژمێریار,2416
3860,کوردستان سەعيد,دهۆک,44,وێنەگر,1506
3861,سۆزان سەعيد,کەرکووک,38,گەشەپێدەری سۆفتوێر,2732
3862,سارا حەسەن,ڕانیە,60,وێنەگر,2385
3863,شێركۆ ئەحمەد,هەڵەبجە,40,ئەندازیار,948
3864,سۆزان عومەر,سلێمانی,26,دیزاینەر,2958
3865,سۆران عوسمان,ڕانیە,46,گەشەپێدەری سۆفتوێر,2116
3866,سارا سۆران,هەڵەبجە,43,پزیشک,1316
3867,تارا ئەحمەد,هەولێر,27,ڕۆژنامەنوس,558
3868,سارا مەنگوڕی,کۆیە,49,ئەندازیار,1340
3869,پشتیوان عومەر,سلێمانی,29,ڕۆژنامەنوس,1634
3870,ژیان گەرمیانی,کۆیە,52,وێنەگر,2799
3871,نیشتمان كەریم,دهۆک,44,وێنەگر,2607
3872,ئاری عومەر,کەرکووک,60,دیزاینەر,1540
3873,ژینۆ خۆشناو,هەڵەبجە,37,ئەندازیار,2695
3874,سۆزان عەبدوڵڵا,هەڵەبجە,62,بازرگان,1619
3875,لەنیا موكری,سلێمانی,57,دیزاینەر,692
3876,ئاری خۆشناو,ڕانیە,50,ژمێریار,3250
3877,کاروان كەریم,کەرکووک,53,ژمێریار,822
3878,نیشتمان گەرمیانی,دهۆک,39,بازرگان,3056
3879,زانا خۆشناو,سلێمانی,45,وێنەگر,929
3880,شنۆ مەحمود,سلێمانی,34,ژمێریار,1700
3881,تارا بابان,هەولێر,22,پارێزەر,2887
3882,کۆسار كەریم,هەولێر,60,دیزاینەر,1844
3883,کوردستان خۆشناو,کۆیە,38,بازرگان,552
3884,کۆسار كەریم,سلێمانی,38,پارێزەر,3232
3885,دیار مەنگوڕی,کۆیە,25,گەشەپێدەری سۆفتوێر,830
3886,کوردستان مەنگوڕی,دهۆک,58,ژمێریار,2479
3887,زانا حەسەن,هەڵەبجە,46,مامۆستا,2803
3888,شێركۆ سۆران,هەڵەبجە,45,پزیشک,3292
3889,لەنیا بابان,کەرکووک,46,گەشەپێدەری سۆفتوێر,1107
3890,کۆسار سۆران,کۆیە,55,گەشەپێدەری سۆفتوێر,1267
3891,سۆزان سۆران,سۆران,58,مامۆستا,2159
3892,هاوڕێ ئەحمەد,هەڵەبجە,30,ئەندازیار,3480
3893,ئاری جاف,سلێمانی,31,وێنەگر,1526
3894,کاروان عەبدوڵڵا,دهۆک,40,بازرگان,658
3895,شێركۆ قادر,کۆیە,37,مامۆستا,1473
3896,کوردستان موكری,ڕانیە,52,مامۆستا,2166
3897,زانا سەعيد,سۆران,63,ئەندازیار,1139
3898,لەنیا عەبدوڵڵا,هەولێر,52,بازرگان,718
3899,سارا موكری,کۆیە,47,ڕۆژنامەنوس,2808
3900,هەڵکەوت سەعيد,هەولێر,26,پزیشک,2693
3901,ژینۆ عومەر,دهۆک,35,گەشەپێدەری سۆفتوێر,2319
3902,بەختیار كەریم,کەرکووک,64,بازرگان,1931
3903,کوردستان مەحمود,ڕانیە,59,ئەندازیار,2525
3904,کۆسار مەنگوڕی,سلێمانی,36,ڕۆژنامەنوس,2281
3905,کوردستان سەعيد,هەولێر,59,ڕۆژنامەنوس,2989
3906,سۆزان حەسەن,دهۆک,35,وێنەگر,2976
3907,بەختیار كەریم,کۆیە,63,دیزاینەر,2224
3908,سۆزان گەرمیانی,ڕانیە,50,پارێزەر,1913
3909,سارا سۆران,ڕانیە,29,پزیشک,2065
3910,هاوڕێ سۆران,سلێمانی,33,پارێزەر,2788
3911,سارا ئەحمەد,هەولێر,62,پزیشک,1530
3912,شنۆ مەنگوڕی,دهۆک,59,ئەندازیار,935
3913,لەنیا عەبدوڵڵا,کەرکووک,18,ئەندازیار,1061
3914,سۆران جاف,ڕانیە,40,ئەندازیار,2689
3915,شنۆ حەسەن,کەرکووک,51,دیزاینەر,1617
3916,سۆزان عومەر,ڕانیە,52,مامۆستا,1090
3917,دیار گەرمیانی,هەڵەبجە,53,گەشەپێدەری سۆفتوێر,2507
3918,دیار عوسمان,ڕانیە,55,گەشەپێدەری سۆفتوێر,1640
3919,ئاری موكری,هەڵەبجە,52,دیزاینەر,904
3920,شێركۆ قادر,کۆیە,52,پزیشک,2450
3921,سارا خۆشناو,کۆیە,20,ژمێریار,1649
3922,ژینۆ بابان,سلێمانی,23,ڕۆژنامەنوس,2576
3923,کوردستان ئەحمەد,سۆران,36,دیزاینەر,2118
3924,بەرزان سەعيد,سۆران,38,وێنەگر,3334
3925,نیشتمان حەسەن,ڕانیە,26,بازرگان,2857
3926,هاوڕێ قادر,دهۆک,19,پارێزەر,1622
3927,زانا موكری,دهۆک,47,ژمێریار,2443
3928,زانا سۆران,هەڵەبجە,49,دیزاینەر,1325
3929,تانیا ئەحمەد,کۆیە,56,دیزاینەر,1498
3930,ئاری عومەر,کۆیە,61,گەشەپێدەری سۆفتوێر,2042
3931,هێمن مەنگوڕی,سۆران,34,ئەندازیار,3323
3932,تانیا جاف,دهۆک,53,پارێزەر,2685
3933,بەرزان عومەر,سلێمانی,25,دیزاینەر,998
3934,ژینۆ مەحمود,ڕانیە,42,گەشەپێدەری سۆفتوێر,1081
3935,پشتیوان عوسمان,هەولێر,35,وێنەگر,641
3936,هاوڕێ ئەحمەد,کۆیە,28,بازرگان,1416
3937,ڕێبین ئەحمەد,ڕانیە,41,پزیشک,2906
3938,شنۆ ئەحمەد,دهۆک,47,ژمێریار,1320
3939,سۆزان سۆران,هەڵەبجە,26,ژمێریار,576
3940,سارا حەسەن,کەرکووک,49,مامۆستا,1174
3941,لەنیا عوسمان,سلێمانی,36,ئەندازیار,1751
3942,ژینۆ موكری,هەولێر,52,گەشەپێدەری سۆفتوێر,2587
3943,تانیا بابان,هەولێر,42,مامۆستا,3420
3944,لەنیا عومەر,ڕانیە,48,مامۆستا,3192
3945,ژیان خۆشناو,کۆیە,21,ئەندازیار,871
3946,کاروان جاف,هەولێر,63,بازرگان,702
3947,بەختیار سەعيد,کۆیە,45,گەشەپێدەری سۆفتوێر,1111
3948,پشتیوان عوسمان,دهۆک,40,ئەندازیار,1569
3949,سارا عومەر,سلێمانی,37,ڕۆژنامەنوس,1293
3950,زانا مەنگوڕی,کەرکووک,47,ئەندازیار,595
3951,ئاری كەریم,دهۆک,22,پزیشک,2573
3952,سۆران خۆشناو,هەولێر,39,ژمێریار,2553
3953,زانا ئەحمەد,دهۆک,33,گەشەپێدەری سۆفتوێر,409
3954,هێمن حەسەن,سلێمانی,51,ڕۆژنامەنوس,1020
3955,بەرزان حەسەن,سلێمانی,29,ڕۆژنامەنوس,1823
3956,بەختیار گەرمیانی,هەڵەبجە,59,بازرگان,1592
3957,تارا خۆشناو,دهۆک,49,پزیشک,2395
3958,سارا عەبدوڵڵا,هەولێر,23,دیزاینەر,1995
3959,سۆران كەریم,کۆیە,40,پارێزەر,2123
3960,تارا قادر,کۆیە,33,ڕۆژنامەنوس,2834
3961,کوردستان خۆشناو,کەرکووک,55,دیزاینەر,2096
3962,سارا عومەر,هەڵەبجە,33,پارێزەر,514
3963,هاوڕێ مەنگوڕی,دهۆک,54,پزیشک,1008
3964,تارا خۆشناو,هەولێر,51,پارێزەر,2096
3965,ڕێبین عومەر,کەرکووک,63,بازرگان,2797
3966,زانا مەحمود,سۆران,48,دیزاینەر,2793
3967,دیار كەریم,هەولێر,24,بازرگان,1994
3968,کۆسار موكری,دهۆک,42,مامۆستا,2490
3969,شێركۆ حەسەن,ڕانیە,54,بازرگان,1943
3970,سۆران گەرمیانی,کەرکووک,54,وێنەگر,950
3971,کوردستان سۆران,دهۆک,21,گەشەپێدەری سۆفتوێر,566
3972,دیار گەرمیانی,هەڵەبجە,33,مامۆستا,3454
3973,ژیان بابان,سۆران,50,پارێزەر,3191
3974,سۆزان خۆشناو,هەولێر,30,گەشەپێدەری سۆفتوێر,1194
3975,نیشتمان كەریم,کەرکووک,54,پزیشک,2164
3976,کۆسار بابان,هەڵەبجە,44,ڕۆژنامەنوس,1670
3977,نیشتمان كەریم,سۆران,55,ڕۆژنامەنوس,2337
3978,هێمن جاف,سلێمانی,54,ئەندازیار,2063
3979,کۆسار قادر,کەرکووک,52,ئەندازیار,855
3980,کۆسار گەرمیانی,دهۆک,62,بازرگان,784
3981,ئاری ئەحمەد,ڕانیە,20,ئەندازیار,1684
3982,زانا گەرمیانی,دهۆک,33,مامۆستا,1871
3983,تارا عوسمان,کۆیە,33,وێنەگر,2070
3984,پشتیوان سەعيد,سۆران,62,دیزاینەر,3015
3985,سۆزان عومەر,سۆران,41,دیزاینەر,1452
3986,سۆزان عوسمان,دهۆک,24,گەشەپێدەری سۆفتوێر,2864
3987,ڕێبین عوسمان,دهۆک,55,پزیشک,3408
3988,کوردستان مەنگوڕی,هەولێر,31,ئەندازیار,1870
3989,سارا مەحمود,سلێمانی,38,مامۆستا,1886
3990,پشتیوان مەنگوڕی,ڕانیە,59,ژمێریار,2012
3991,هێمن مەنگوڕی,ڕانیە,45,ژمێریار,3489
3992,کوردستان گەرمیانی,کەرکووک,18,گەشەپێدەری سۆفتوێر,1584
3993,شنۆ عوسمان,کەرکووک,20,پارێزەر,2723
3994,تانیا سۆران,هەڵەبجە,53,ژمێریار,3141
3995,سۆران گەرمیانی,کەرکووک,45,ڕۆژنامەنوس,2708
3996,تارا كەریم,سۆران,57,ژمێریار,1183
3997,تانیا حەسەن,سۆران,29,ئەندازیار,653
3998,سارا عومەر,هەولێر,20,ژمێریار,1246
3999,ژیان كەریم,سۆران,57,ئەندازیار,3144
4000,تارا كەریم,سلێمانی,39,وێنەگر,3344
4001,سۆزان سۆران,کۆیە,65,گەشەپێدەری سۆفتوێر,1538
4002,پشتیوان سۆران,ڕانیە,33,بازرگان,410
4003,زانا عەبدوڵڵا,کۆیە,59,مامۆستا,1493
4004,کاروان خۆشناو,ڕانیە,31,بازرگان,516
4005,سۆران سەعيد,هەڵەبجە,50,پارێزەر,3014
4006,شنۆ حەسەن,دهۆک,28,دیزاینەر,1267
4007,بەرزان كەریم,دهۆک,57,پزیشک,2365
4008,سۆزان خۆشناو,کۆیە,22,پزیشک,1057
4009,بەرزان مەحمود,سۆران,44,ژمێریار,1944
4010,پشتیوان جاف,هەولێر,38,ژمێریار,2094
4011,کوردستان مەحمود,کەرکووک,51,دیزاینەر,2613
4012,هێمن عوسمان,سۆران,58,ڕۆژنامەنوس,2430
4013,سۆران سۆران,دهۆک,28,ڕۆژنامەنوس,1213
4014,کوردستان ئەحمەد,ڕانیە,29,وێنەگر,2631
4015,کۆسار عوسمان,ڕانیە,63,بازرگان,841
4016,کاروان خۆشناو,سلێمانی,63,ڕۆژنامەنوس,3471
4017,سارا سەعيد,سۆران,19,ئەندازیار,3280
4018,سۆران حەسەن,دهۆک,31,ئەندازیار,3341
4019,ڕێبین بابان,کەرکووک,45,مامۆستا,2736
4020,دیار عوسمان,کەرکووک,40,ئەندازیار,3146
4021,تارا بابان,کەرکووک,59,پارێزەر,2350
4022,ئاری ئەحمەد,سلێمانی,18,ئەندازیار,2422
4023,بەختیار عومەر,سلێمانی,37,پزیشک,668
4024,شنۆ حەسەن,کۆیە,37,مامۆستا,3335
4025,سارا جاف,سلێمانی,22,دیزاینەر,1742
4026,کاروان قادر,هەڵەبجە,53,پزیشک,2773
4027,پشتیوان عوسمان,هەولێر,38,ژمێریار,2597
4028,ژینۆ مەحمود,کەرکووک,37,دیزاینەر,1321
4029,شنۆ سەعيد,کۆیە,61,ڕۆژنامەنوس,429
4030,بەرزان عوسمان,کەرکووک,45,وێنەگر,534
4031,ڕێبین عومەر,سلێمانی,46,دیزاینەر,3027
4032,تانیا خۆشناو,ڕانیە,34,ڕۆژنامەنوس,2358
4033,لەنیا ئەحمەد,ڕانیە,62,ژمێریار,522
4034,شێركۆ قادر,کەرکووک,22,دیزاینەر,2632
4035,سۆران كەریم,هەڵەبجە,33,بازرگان,1563
4036,بەختیار عەبدوڵڵا,کەرکووک,23,ڕۆژنامەنوس,2350
4037,بەرزان مەنگوڕی,دهۆک,32,مامۆستا,2184
4038,هێمن كەریم,کۆیە,33,ئەندازیار,1543
4039,ژیان گەرمیانی,کەرکووک,48,پزیشک,2772
4040,تانیا مەحمود,کۆیە,23,پزیشک,614
4041,کاروان عەبدوڵڵا,هەڵەبجە,21,ڕۆژنامەنوس,920
4042,بەرزان حەسەن,سۆران,35,پزیشک,3268
4043,کوردستان سۆران,سلێمانی,32,وێنەگر,3068
4044,زانا سۆران,کەرکووک,50,گەشەپێدەری سۆفتوێر,2218
4045,کاروان كەریم,سۆران,62,ژمێریار,1150
4046,کاروان قادر,کەرکووک,29,پارێزەر,514
4047,دیار موكری,هەولێر,21,پارێزەر,3173
4048,بەختیار قادر,کۆیە,24,پارێزەر,788
4049,بەختیار قادر,سلێمانی,60,ڕۆژنامەنوس,1883
4050,کوردستان مەحمود,ڕانیە,55,ژمێریار,3305
4051,شێركۆ سۆران,سۆران,27,بازرگان,3022
4052,کوردستان جاف,سلێمانی,20,بازرگان,2951
4053,ژینۆ بابان,سۆران,30,بازرگان,2870
4054,شێركۆ عومەر,سلێمانی,59,دیزاینەر,2868
4055,بەرزان جاف,ڕانیە,22,بازرگان,621
4056,پشتیوان قادر,هەڵەبجە,59,مامۆستا,1793
4057,ڕێبین كەریم,کەرکووک,31,بازرگان,3429
4058,دیار مەحمود,کۆیە,19,گەشەپێدەری سۆفتوێر,3495
4059,کۆسار حەسەن,هەولێر,20,ئەندازیار,1406
4060,کۆسار عومەر,هەڵەبجە,62,وێنەگر,1768
4061,کۆسار سۆران,هەڵەبجە,34,دیزاینەر,3079
4062,ژینۆ عەبدوڵڵا,کۆیە,30,دیزاینەر,825
4063,سۆزان بابان,هەڵەبجە,43,مامۆستا,714
4064,سۆران بابان,کەرکووک,33,دیزاینەر,963
4065,شنۆ سەعيد,دهۆک,55,وێنەگر,2571
4066,تارا عەبدوڵڵا,کەرکووک,58,گەشەپێدەری سۆفتوێر,1191
4067,ڕێبین حەسەن,هەولێر,54,ژمێریار,3160
4068,شنۆ عوسمان,کەرکووک,21,مامۆستا,1942
4069,کاروان حەسەن,سۆران,62,پزیشک,1816
4070,دیار موكری,دهۆک,32,ڕۆژنامەنوس,2264
4071,تانیا كەریم,ڕانیە,49,وێنەگر,1576
4072,بەختیار بابان,کەرکووک,44,ئەندازیار,2949
4073,نیشتمان كەریم,هەولێر,46,پارێزەر,1078
4074,کوردستان حەسەن,هەڵەبجە,20,ئەندازیار,1086
4075,نیشتمان عوسمان,هەولێر,35,ئەندازیار,1558
4076,سارا گەرمیانی,کەرکووک,52,دیزاینەر,2532
4077,هێمن بابان,ڕانیە,19,پارێزەر,2089
4078,ڕێبین سەعيد,هەڵەبجە,31,ئەندازیار,836
4079,نیشتمان ئەحمەد,هەولێر,22,پارێزەر,2349
4080,دیار كەریم,ڕانیە,43,گەشەپێدەری سۆفتوێر,494
4081,کاروان ئەحمەد,هەولێر,56,وێنەگر,3444
4082,پشتیوان مەحمود,ڕانیە,18,گەشەپێدەری سۆفتوێر,1755
4083,ڕێبین موكری,کۆیە,44,گەشەپێدەری سۆفتوێر,546
4084,سۆزان خۆشناو,هەڵەبجە,40,ئەندازیار,1077
4085,کوردستان عومەر,کەرکووک,23,پزیشک,2195
4086,شێركۆ عوسمان,کۆیە,40,ڕۆژنامەنوس,2356
4087,ژینۆ سەعيد,سلێمانی,34,ڕۆژنامەنوس,2989
4088,تارا عەبدوڵڵا,ڕانیە,21,مامۆستا,3179
4089,هەڵکەوت مەنگوڕی,هەولێر,43,پارێزەر,2255
4090,لەنیا سەعيد,ڕانیە,21,پزیشک,1487
4091,هێمن گەرمیانی,کۆیە,34,ژمێریار,2091
4092,هەڵکەوت خۆشناو,هەولێر,45,بازرگان,3166
4093,پشتیوان عومەر,دهۆک,41,ڕۆژنامەنوس,1445
4094,ژینۆ ئەحمەد,کەرکووک,43,گەشەپێدەری سۆفتوێر,946
4095,تانیا ئەحمەد,ڕانیە,29,پزیشک,3135
4096,تارا عوسمان,ڕانیە,57,وێنەگر,1007
4097,سۆزان قادر,سۆران,19,پزیشک,2860
4098,هێمن موكری,کۆیە,48,ڕۆژنامەنوس,1511
4099,تارا مەنگوڕی,هەڵەبجە,56,مامۆستا,2559
4100,شێركۆ خۆشناو,هەڵەبجە,46,بازرگان,620
4101,نیشتمان قادر,هەڵەبجە,55,ئەندازیار,1519
4102,تارا خۆشناو,هەولێر,31,ئەندازیار,1853
4103,ژینۆ مەنگوڕی,سۆران,58,دیزاینەر,2493
4104,تارا سەعيد,دهۆک,38,وێنەگر,1257
4105,شێركۆ كەریم,کەرکووک,38,دیزاینەر,2376
4106,دیار مەحمود,سلێمانی,27,دیزاینەر,1650
4107,ڕێبین سۆران,هەولێر,29,مامۆستا,2168
4108,بەختیار ئەحمەد,هەڵەبجە,33,گەشەپێدەری سۆفتوێر,1664
4109,نیشتمان عومەر,سۆران,43,وێنەگر,2415
4110,ڕێبین كەریم,هەڵەبجە,47,پزیشک,2670
4111,هەڵکەوت سۆران,کۆیە,49,ئەندازیار,1958
4112,ڕێبین خۆشناو,کۆیە,54,بازرگان,552
4113,هاوڕێ خۆشناو,کۆیە,46,ژمێریار,3345
4114,هێمن عومەر,دهۆک,61,بازرگان,2667
4115,لەنیا جاف,سۆران,31,وێنەگر,2390
4116,ئاری گەرمیانی,دهۆک,19,گەشەپێدەری سۆفتوێر,2945
4117,سۆران كەریم,کەرکووک,58,ڕۆژنامەنوس,2935
4118,ئاری خۆشناو,سۆران,50,دیزاینەر,3407
4119,کۆسار عەبدوڵڵا,دهۆک,34,مامۆستا,922
4120,پشتیوان سۆران,هەولێر,36,ڕۆژنامەنوس,2761
4121,بەرزان مەحمود,سلێمانی,26,گەشەپێدەری سۆفتوێر,2268
4122,تارا بابان,سلێمانی,52,وێنەگر,3388
4123,ژینۆ عەبدوڵڵا,کەرکووک,41,پارێزەر,1228
4124,شێركۆ سۆران,کۆیە,49,پزیشک,3492
4125,زانا عومەر,هەولێر,58,بازرگان,1456
4126,بەرزان بابان,ڕانیە,27,وێنەگر,2142
4127,لەنیا جاف,سۆران,28,ڕۆژنامەنوس,2228
4128,پشتیوان قادر,دهۆک,58,پزیشک,2570
4129,کۆسار بابان,دهۆک,38,ڕۆژنامەنوس,2172
4130,ئاری جاف,دهۆک,37,وێنەگر,3334
4131,هاوڕێ عوسمان,هەولێر,62,پزیشک,822
4132,سارا جاف,هەڵەبجە,36,بازرگان,1989
4133,سارا مەنگوڕی,سلێمانی,42,ژمێریار,3395
4134,تارا عەبدوڵڵا,کەرکووک,44,گەشەپێدەری سۆفتوێر,3385
4135,شێركۆ موكری,هەڵەبجە,28,ڕۆژنامەنوس,3212
4136,کاروان سۆران,سلێمانی,37,بازرگان,1667
4137,کاروان حەسەن,دهۆک,47,ئەندازیار,1733
4138,ڕێبین قادر,دهۆک,39,ڕۆژنامەنوس,1195
4139,دیار حەسەن,کەرکووک,31,مامۆستا,1152
4140,تانیا جاف,کۆیە,31,پزیشک,459
4141,هێمن عوسمان,کەرکووک,54,ڕۆژنامەنوس,1565
4142,کۆسار مەنگوڕی,دهۆک,59,پارێزەر,1529
4143,نیشتمان قادر,سۆران,53,پزیشک,862
4144,هەڵکەوت عەبدوڵڵا,سۆران,32,پزیشک,820
4145,هاوڕێ مەنگوڕی,هەڵەبجە,48,مامۆستا,423
4146,ڕێبین حەسەن,هەولێر,45,بازرگان,1417
4147,سۆران گەرمیانی,کەرکووک,24,وێنەگر,692
4148,شێركۆ كەریم,هەڵەبجە,46,ژمێریار,3335
4149,هەڵکەوت بابان,دهۆک,44,گەشەپێدەری سۆفتوێر,1377
4150,سارا مەنگوڕی,کەرکووک,20,دیزاینەر,2741
4151,هاوڕێ كەریم,ڕانیە,33,ئەندازیار,1572
4152,سارا سەعيد,کۆیە,26,ژمێریار,3241
4153,پشتیوان جاف,سۆران,32,پزیشک,1811
4154,هاوڕێ گەرمیانی,سۆران,65,پارێزەر,3251
4155,تانیا قادر,دهۆک,58,ژمێریار,1107
4156,ژیان گەرمیانی,ڕانیە,30,پزیشک,2199
4157,بەرزان مەحمود,سۆران,34,مامۆستا,3050
4158,نیشتمان سەعيد,هەڵەبجە,26,وێنەگر,3118
4159,سۆزان سەعيد,دهۆک,19,ڕۆژنامەنوس,2288
4160,ژیان ئەحمەد,دهۆک,55,وێنەگر,1812
4161,شێركۆ ئەحمەد,کۆیە,47,گەشەپێدەری سۆفتوێر,2783
4162,هەڵکەوت حەسەن,کۆیە,39,دیزاینەر,2002
4163,تانیا سەعيد,هەولێر,54,ژمێریار,1651
4164,هاوڕێ عومەر,سلێمانی,52,ڕۆژنامەنوس,767
4165,کوردستان عومەر,هەڵەبجە,44,دیزاینەر,1451
4166,ژیان خۆشناو,هەڵەبجە,28,گەشەپێدەری سۆفتوێر,2947
4167,ئاری گەرمیانی,سلێمانی,21,وێنەگر,2151
4168,زانا بابان,ڕانیە,19,وێنەگر,1583
4169,ئاری جاف,کەرکووک,60,دیزاینەر,1475
4170,لەنیا مەنگوڕی,هەولێر,25,گەشەپێدەری سۆفتوێر,1993
4171,کاروان بابان,سۆران,26,پارێزەر,3297
4172,سۆران بابان,ڕانیە,51,دیزاینەر,3130
4173,کوردستان كەریم,ڕانیە,23,دیزاینەر,437
4174,ئاری عەبدوڵڵا,دهۆک,53,دیزاینەر,2856
4175,ژینۆ عومەر,دهۆک,47,ڕۆژنامەنوس,2142
4176,سۆزان گەرمیانی,سلێمانی,59,ڕۆژنامەنوس,1814
4177,تارا قادر,هەڵەبجە,65,بازرگان,3207
4178,ڕێبین جاف,هەولێر,25,وێنەگر,980
4179,هێمن عومەر,سۆران,36,پزیشک,2452
4180,نیشتمان كەریم,کەرکووک,19,ئەندازیار,1434
4181,بەرزان كەریم,هەولێر,55,پارێزەر,1324
4182,نیشتمان گەرمیانی,سۆران,65,گەشەپێدەری سۆفتوێر,1636
4183,سۆزان سەعيد,هەڵەبجە,24,ژمێریار,1187
4184,بەرزان ئەحمەد,کۆیە,32,ژمێریار,3499
4185,شێركۆ موكری,کەرکووک,61,پزیشک,3464
4186,تارا كەریم,هەولێر,52,وێنەگر,1219
4187,سۆران گەرمیانی,ڕانیە,45,ئەندازیار,2663
4188,ئاری عەبدوڵڵا,هەڵەبجە,55,پارێزەر,2637
4189,دیار سۆران,سۆران,60,ئەندازیار,916
4190,هەڵکەوت حەسەن,کەرکووک,42,دیزاینەر,2375
4191,کۆسار گەرمیانی,کەرکووک,57,گەشەپێدەری سۆفتوێر,1750
4192,کۆسار قادر,هەڵەبجە,18,وێنەگر,1466
4193,زانا سەعيد,سۆران,46,وێنەگر,1613
4194,ئاری كەریم,سلێمانی,29,بازرگان,3459
4195,کۆسار سەعيد,کۆیە,47,ژمێریار,745
4196,هێمن حەسەن,هەڵەبجە,48,گەشەپێدەری سۆفتوێر,1580
4197,تارا جاف,دهۆک,64,پارێزەر,1088
4198,هەڵکەوت جاف,دهۆک,21,گەشەپێدەری سۆفتوێر,1712
4199,کۆسار مەحمود,سۆران,24,گەشەپێدەری سۆفتوێر,3322
4200,نیشتمان ئەحمەد,کۆیە,55,دیزاینەر,1961
4201,هەڵکەوت مەنگوڕی,هەولێر,61,گەشەپێدەری سۆفتوێر,3252
4202,لەنیا مەحمود,سۆران,47,دیزاینەر,740
4203,لەنیا كەریم,کۆیە,50,ژمێریار,2971
4204,زانا حەسەن,ڕانیە,26,ئەندازیار,491
4205,ژینۆ حەسەن,هەولێر,43,پزیشک,949
4206,تارا خۆشناو,هەولێر,36,ئەندازیار,2907
4207,کوردستان مەنگوڕی,هەولێر,34,ڕۆژنامەنوس,2265
4208,ژینۆ خۆشناو,هەڵەبجە,27,پزیشک,1851
4209,نیشتمان ئەحمەد,سلێمانی,35,پزیشک,1952
4210,هێمن بابان,کۆیە,57,مامۆستا,2788
4211,ڕێبین كەریم,سۆران,55,ژمێریار,3105
4212,هێمن خۆشناو,هەڵەبجە,47,ڕۆژنامەنوس,3414
4213,نیشتمان عوسمان,سلێمانی,59,پارێزەر,3158
4214,شێركۆ عومەر,کەرکووک,59,بازرگان,1776
4215,هاوڕێ عەبدوڵڵا,سلێمانی,45,دیزاینەر,2829
4216,شنۆ سۆران,ڕانیە,45,مامۆستا,1444
4217,بەرزان خۆشناو,کەرکووک,64,وێنەگر,1563
4218,هەڵکەوت حەسەن,دهۆک,46,مامۆستا,2572
4219,هێمن سەعيد,سلێمانی,41,پارێزەر,3330
4220,تارا عومەر,کەرکووک,56,ڕۆژنامەنوس,901
4221,تارا جاف,دهۆک,21,گەشەپێدەری سۆفتوێر,1469
4222,ڕێبین موكری,هەڵەبجە,25,مامۆستا,1702
4223,تارا ئەحمەد,سۆران,48,دیزاینەر,2445
4224,دیار خۆشناو,کۆیە,20,گەشەپێدەری سۆفتوێر,1198
4225,ژیان عومەر,کەرکووک,37,ڕۆژنامەنوس,585
4226,سۆزان عەبدوڵڵا,سلێمانی,31,وێنەگر,2914
4227,هێمن بابان,سۆران,26,وێنەگر,1544
4228,ڕێبین موكری,سلێمانی,51,پارێزەر,1872
4229,دیار عوسمان,کەرکووک,44,بازرگان,3397
4230,هەڵکەوت ئەحمەد,سۆران,23,ئەندازیار,573
4231,بەرزان عەبدوڵڵا,هەولێر,49,بازرگان,2646
4232,تانیا قادر,کەرکووک,36,مامۆستا,1648
4233,ژیان بابان,سۆران,58,بازرگان,1131
4234,کاروان جاف,ڕانیە,64,ئەندازیار,1066
4235,سارا جاف,هەڵەبجە,48,ڕۆژنامەنوس,2367
4236,هەڵکەوت گەرمیانی,ڕانیە,37,دیزاینەر,1708
4237,پشتیوان موكری,کۆیە,25,ژمێریار,3335
4238,هێمن بابان,کۆیە,34,دیزاینەر,1302
4239,شنۆ سەعيد,دهۆک,44,ژمێریار,2268
4240,تارا ئەحمەد,هەولێر,27,وێنەگر,773
4241,تارا جاف,هەولێر,61,ڕۆژنامەنوس,2203
4242,ژیان عوسمان,هەولێر,36,ژمێریار,2004
4243,ژیان عوسمان,کەرکووک,40,گەشەپێدەری سۆفتوێر,3301
4244,کاروان ئەحمەد,دهۆک,60,پارێزەر,2878
4245,سارا بابان,هەڵەبجە,45,بازرگان,3000
4246,سۆزان عومەر,هەولێر,50,ئەندازیار,1282
4247,سارا گەرمیانی,سلێمانی,28,وێنەگر,2412
4248,بەختیار عوسمان,سۆران,40,ڕۆژنامەنوس,3012
4249,سارا مەنگوڕی,هەولێر,50,ئەندازیار,2729
4250,هەڵکەوت عەبدوڵڵا,هەولێر,39,گەشەپێدەری سۆفتوێر,732
4251,شنۆ عوسمان,سلێمانی,50,ژمێریار,1161
4252,کوردستان سەعيد,هەڵەبجە,29,مامۆستا,3309
4253,کۆسار سۆران,هەڵەبجە,33,دیزاینەر,1742
4254,تانیا مەنگوڕی,هەولێر,60,ڕۆژنامەنوس,2240
4255,پشتیوان عوسمان,هەڵەبجە,48,ئەندازیار,2478
4256,هەڵکەوت بابان,ڕانیە,44,ڕۆژنامەنوس,1686
4257,نیشتمان ئەحمەد,ڕانیە,44,مامۆستا,1581
4258,ژینۆ مەنگوڕی,ڕانیە,47,ئەندازیار,926
4259,شێركۆ حەسەن,هەولێر,56,پارێزەر,2657
4260,سۆزان قادر,ڕانیە,27,ژمێریار,491
4261,کاروان عومەر,سۆران,36,پزیشک,917
4262,تانیا سەعيد,ڕانیە,47,گەشەپێدەری سۆفتوێر,1295
4263,ڕێبین گەرمیانی,کەرکووک,33,دیزاینەر,2319
4264,دیار موكری,کۆیە,48,وێنەگر,1628
4265,ژینۆ قادر,هەولێر,65,ئەندازیار,718
4266,زانا حەسەن,هەولێر,55,دیزاینەر,2355
4267,ژیان سەعيد,هەڵەبجە,55,مامۆستا,633
4268,سۆران ئەحمەد,سۆران,58,ژمێریار,2643
4269,دیار عومەر,ڕانیە,37,گەشەپێدەری سۆفتوێر,2306
4270,پشتیوان موكری,ڕانیە,19,پارێزەر,3203
4271,نیشتمان عومەر,کۆیە,41,پارێزەر,917
4272,ئاری بابان,دهۆک,50,پزیشک,1441
4273,تانیا موكری,سۆران,20,دیزاینەر,1174
4274,شێركۆ سەعيد,هەڵەبجە,24,دیزاینەر,560
4275,سارا خۆشناو,هەڵەبجە,64,بازرگان,500
4276,سارا كەریم,دهۆک,21,وێنەگر,1091
4277,هێمن حەسەن,ڕانیە,30,پارێزەر,3109
4278,دیار سەعيد,ڕانیە,55,گەشەپێدەری سۆفتوێر,3160
4279,سۆران قادر,سۆران,33,پارێزەر,1498
4280,کاروان مەحمود,کۆیە,18,گەشەپێدەری سۆفتوێر,836
4281,نیشتمان عەبدوڵڵا,کەرکووک,19,ئەندازیار,640
4282,بەختیار عوسمان,ڕانیە,61,بازرگان,418
4283,هێمن سەعيد,کۆیە,63,مامۆستا,2314
4284,سارا مەحمود,کۆیە,18,ئەندازیار,1836
4285,ژیان سەعيد,سۆران,29,ئەندازیار,3461
4286,ژیان جاف,کۆیە,42,گەشەپێدەری سۆفتوێر,1396
4287,تانیا عوسمان,دهۆک,25,پارێزەر,2835
4288,بەرزان گەرمیانی,سۆران,23,ژمێریار,3077
4289,هاوڕێ بابان,کۆیە,51,مامۆستا,3246
4290,سۆران مەنگوڕی,هەڵەبجە,33,ژمێریار,2999
4291,کاروان موكری,هەڵەبجە,38,دیزاینەر,420
4292,زانا قادر,ڕانیە,28,وێنەگر,3457
4293,زانا سەعيد,ڕانیە,26,پارێزەر,2609
4294,تانیا مەنگوڕی,هەڵەبجە,61,ئەندازیار,2241
4295,ڕێبین سۆران,سۆران,56,وێنەگر,1157
4296,هەڵکەوت قادر,سلێمانی,29,ئەندازیار,569
4297,ژیان حەسەن,دهۆک,60,ڕۆژنامەنوس,1769
4298,شێركۆ مەنگوڕی,ڕانیە,35,پارێزەر,3359
4299,سۆزان بابان,کەرکووک,40,ژمێریار,871
4300,ڕێبین سەعيد,کەرکووک,60,ڕۆژنامەنوس,2922
4301,سارا خۆشناو,هەولێر,31,ڕۆژنامەنوس,3279
4302,تارا قادر,هەڵەبجە,65,مامۆستا,463
4303,تارا حەسەن,کەرکووک,55,گەشەپێدەری سۆفتوێر,614
4304,تارا خۆشناو,ڕانیە,28,گەشەپێدەری سۆفتوێر,965
4305,زانا بابان,هەڵەبجە,18,گەشەپێدەری سۆفتوێر,857
4306,ئاری سەعيد,هەڵەبجە,61,بازرگان,1961
4307,ژیان مەنگوڕی,هەڵەبجە,65,بازرگان,2910
4308,ژینۆ عومەر,ڕانیە,59,دیزاینەر,2735
4309,بەختیار مەنگوڕی,هەڵەبجە,33,ئەندازیار,2616
4310,بەختیار خۆشناو,هەولێر,29,وێنەگر,2850
4311,تانیا عومەر,کۆیە,23,دیزاینەر,2514
4312,ئاری مەنگوڕی,ڕانیە,30,ڕۆژنامەنوس,2889
4313,ژیان حەسەن,سۆران,33,دیزاینەر,2466
4314,شنۆ مەحمود,کۆیە,37,دیزاینەر,2897
4315,کۆسار عوسمان,کەرکووک,47,وێنەگر,3263
4316,سۆزان جاف,کۆیە,54,گەشەپێدەری سۆفتوێر,3004
4317,کۆسار موكری,دهۆک,32,گەشەپێدەری سۆفتوێر,2122
4318,ژینۆ سەعيد,هەولێر,31,پزیشک,581
4319,تارا مەحمود,سۆران,25,ئەندازیار,1581
4320,ژیان سۆران,ڕانیە,61,دیزاینەر,2248
4321,هاوڕێ بابان,هەولێر,52,مامۆستا,1985
4322,شێركۆ كەریم,کۆیە,27,مامۆستا,1987
4323,ژینۆ عەبدوڵڵا,ڕانیە,46,ئەندازیار,3192
4324,ئاری خۆشناو,ڕانیە,44,وێنەگر,3103
4325,سۆران بابان,سۆران,55,بازرگان,3116
4326,هاوڕێ بابان,کۆیە,51,ڕۆژنامەنوس,1978
4327,نیشتمان بابان,کەرکووک,37,پارێزەر,1547
4328,دیار قادر,ڕانیە,23,گەشەپێدەری سۆفتوێر,2533
4329,ئاری عوسمان,کۆیە,55,ژمێریار,976
4330,دیار جاف,سلێمانی,58,ژمێریار,854
4331,ژینۆ عومەر,دهۆک,44,بازرگان,1747
4332,تانیا سەعيد,دهۆک,51,ژمێریار,3176
4333,ئاری عوسمان,سلێمانی,28,بازرگان,648
4334,بەرزان موكری,کۆیە,53,پزیشک,1318
4335,پشتیوان قادر,هەڵەبجە,63,بازرگان,2250
4336,دیار مەحمود,کەرکووک,46,وێنەگر,3145
4337,بەرزان كەریم,دهۆک,61,گەشەپێدەری سۆفتوێر,737
4338,هێمن عومەر,سۆران,41,گەشەپێدەری سۆفتوێر,574
4339,کوردستان گەرمیانی,ڕانیە,54,گەشەپێدەری سۆفتوێر,2906
4340,پشتیوان عومەر,کەرکووک,42,پارێزەر,2869
4341,شێركۆ خۆشناو,کەرکووک,55,وێنەگر,1730
4342,کاروان عومەر,دهۆک,34,ڕۆژنامەنوس,2645
4343,سۆزان بابان,کۆیە,62,پزیشک,1998
4344,ژینۆ مەحمود,کەرکووک,34,ڕۆژنامەنوس,1604
4345,شێركۆ عومەر,هەولێر,36,ڕۆژنامەنوس,1632
4346,ڕێبین ئەحمەد,هەولێر,22,پارێزەر,2908
4347,ڕێبین مەنگوڕی,ڕانیە,28,ڕۆژنامەنوس,1090
4348,کاروان عومەر,ڕانیە,44,پارێزەر,2735
4349,هاوڕێ گەرمیانی,هەڵەبجە,26,ئەندازیار,1042
4350,ژینۆ سەعيد,دهۆک,65,مامۆستا,1499
4351,کوردستان جاف,دهۆک,26,پزیشک,3327
4352,شنۆ عوسمان,سلێمانی,37,بازرگان,1775
4353,سارا حەسەن,ڕانیە,49,دیزاینەر,3157
4354,تانیا عەبدوڵڵا,سۆران,30,دیزاینەر,3077
4355,سۆزان مەحمود,کۆیە,18,دیزاینەر,3277
4356,هەڵکەوت عەبدوڵڵا,هەڵەبجە,55,ئەندازیار,819
4357,ژیان ئەحمەد,ڕانیە,64,وێنەگر,847
4358,دیار بابان,هەولێر,39,وێنەگر,571
4359,ڕێبین قادر,کۆیە,23,مامۆستا,2639
4360,هێمن عوسمان,سلێمانی,46,پارێزەر,1064
4361,کۆسار گەرمیانی,هەڵەبجە,61,ڕۆژنامەنوس,2143
4362,ڕێبین ئەحمەد,ڕانیە,20,وێنەگر,447
4363,ڕێبین مەحمود,دهۆک,46,گەشەپێدەری سۆفتوێر,2797
4364,سۆزان عوسمان,دهۆک,39,گەشەپێدەری سۆفتوێر,2944
4365,ژینۆ بابان,سلێمانی,28,مامۆستا,2335
4366,دیار عەبدوڵڵا,کەرکووک,40,ژمێریار,2714
4367,شێركۆ حەسەن,هەڵەبجە,33,وێنەگر,2653
4368,شنۆ خۆشناو,کەرکووک,33,ژمێریار,1902
4369,زانا مەنگوڕی,ڕانیە,39,وێنەگر,3171
4370,ئاری موكری,سلێمانی,44,ژمێریار,1165
4371,کۆسار ئەحمەد,دهۆک,21,ژمێریار,2893
4372,زانا عومەر,کۆیە,28,پارێزەر,1438
4373,نیشتمان موكری,هەڵەبجە,38,دیزاینەر,2370
4374,شنۆ خۆشناو,کۆیە,44,ئەندازیار,1550
4375,دیار جاف,هەولێر,22,پزیشک,2716
4376,کۆسار موكری,کۆیە,47,دیزاینەر,461
4377,دیار حەسەن,سلێمانی,33,گەشەپێدەری سۆفتوێر,2843
4378,کوردستان كەریم,کۆیە,56,بازرگان,1432
4379,کۆسار ئەحمەد,سلێمانی,18,پارێزەر,409
4380,زانا خۆشناو,هەڵەبجە,21,ژمێریار,666
4381,کاروان عەبدوڵڵا,کۆیە,44,وێنەگر,924
4382,هاوڕێ كەریم,هەولێر,64,پزیشک,1227
4383,سۆران عەبدوڵڵا,هەڵەبجە,63,ژمێریار,1632
4384,تارا سەعيد,سۆران,56,دیزاینەر,1663
4385,سۆزان مەحمود,کەرکووک,25,ژمێریار,3215
4386,کۆسار كەریم,دهۆک,52,دیزاینەر,3360
4387,سۆران حەسەن,دهۆک,24,ڕۆژنامەنوس,3329
4388,لەنیا سەعيد,دهۆک,54,ڕۆژنامەنوس,1476
4389,ژیان قادر,هەڵەبجە,62,ئەندازیار,1933
4390,دیار عوسمان,ڕانیە,33,ڕۆژنامەنوس,1113
4391,پشتیوان مەنگوڕی,هەولێر,54,بازرگان,1356
4392,تارا مەنگوڕی,سۆران,21,ژمێریار,3106
4393,زانا گەرمیانی,دهۆک,20,ڕۆژنامەنوس,3413
4394,شنۆ كەریم,هەڵەبجە,43,ئەندازیار,2722
4395,سۆزان حەسەن,سۆران,51,دیزاینەر,1498
4396,زانا عوسمان,کەرکووک,48,بازرگان,2322
4397,ئاری مەحمود,سۆران,51,بازرگان,1490
4398,بەرزان سۆران,کەرکووک,24,ئەندازیار,2191
4399,شێركۆ گەرمیانی,کەرکووک,30,وێنەگر,744
4400,ژینۆ ئەحمەد,هەولێر,60,پارێزەر,1298
4401,تانیا سەعيد,سلێمانی,43,گەشەپێدەری سۆفتوێر,2879
4402,ڕێبین موكری,ڕانیە,41,مامۆستا,486
4403,سۆران سەعيد,کۆیە,29,بازرگان,3321
4404,کاروان ئەحمەد,سلێمانی,52,بازرگان,488
4405,شێركۆ موكری,دهۆک,46,ژمێریار,441
4406,کوردستان گەرمیانی,ڕانیە,43,ئەندازیار,2075
4407,زانا عەبدوڵڵا,دهۆک,31,گەشەپێدەری سۆفتوێر,1201
4408,زانا مەحمود,ڕانیە,26,ژمێریار,785
4409,تارا عەبدوڵڵا,هەولێر,31,ئەندازیار,2060
4410,کۆسار عومەر,ڕانیە,40,مامۆستا,3182
4411,شێركۆ خۆشناو,سۆران,36,پارێزەر,2388
4412,سارا عەبدوڵڵا,دهۆک,34,بازرگان,1254
4413,پشتیوان عوسمان,سلێمانی,51,ئەندازیار,400
4414,زانا عومەر,کەرکووک,52,وێنەگر,3277
4415,لەنیا سۆران,هەڵەبجە,25,وێنەگر,2544
4416,بەختیار سۆران,سۆران,36,دیزاینەر,1882
4417,بەرزان گەرمیانی,هەولێر,54,پارێزەر,1521
4418,تارا قادر,سۆران,43,دیزاینەر,799
4419,تانیا كەریم,هەڵەبجە,26,وێنەگر,2020
4420,هەڵکەوت ئەحمەد,کۆیە,47,دیزاینەر,2175
4421,سارا گەرمیانی,کەرکووک,54,ڕۆژنامەنوس,2866
4422,تانیا عەبدوڵڵا,دهۆک,41,وێنەگر,1895
4423,کوردستان عوسمان,کۆیە,24,پزیشک,2852
4424,سارا سەعيد,ڕانیە,20,ئەندازیار,1863
4425,ئاری ئەحمەد,ڕانیە,36,پارێزەر,3208
4426,شنۆ مەحمود,هەولێر,19,دیزاینەر,3040
4427,شێركۆ سۆران,دهۆک,33,پارێزەر,2265
4428,ڕێبین جاف,هەڵەبجە,25,ڕۆژنامەنوس,1110
4429,زانا عوسمان,کۆیە,48,گەشەپێدەری سۆفتوێر,803
4430,کاروان خۆشناو,هەولێر,31,دیزاینەر,877
4431,کۆسار عومەر,دهۆک,46,بازرگان,1172
4432,سۆران عومەر,دهۆک,45,ڕۆژنامەنوس,2978
4433,تارا كەریم,کۆیە,42,ئەندازیار,1299
4434,سۆزان كەریم,سۆران,36,ئەندازیار,2190
4435,تانیا مەحمود,ڕانیە,65,پزیشک,1097
4436,بەرزان عوسمان,کۆیە,55,وێنەگر,3105
4437,کۆسار سۆران,هەولێر,24,مامۆستا,3298
4438,کاروان قادر,هەولێر,35,پزیشک,482
4439,کوردستان مەحمود,دهۆک,29,بازرگان,1819
4440,کوردستان عومەر,سلێمانی,21,وێنەگر,582
4441,بەرزان سەعيد,هەڵەبجە,62,مامۆستا,1689
4442,هێمن سەعيد,ڕانیە,39,بازرگان,2803
4443,پشتیوان عومەر,هەولێر,40,بازرگان,2840
4444,تارا موكری,هەولێر,45,بازرگان,657
4445,تارا موكری,کەرکووک,25,پارێزەر,3367
4446,شێركۆ قادر,کەرکووک,48,مامۆستا,719
4447,سۆران سەعيد,ڕانیە,18,گەشەپێدەری سۆفتوێر,3482
4448,تارا عوسمان,ڕانیە,60,دیزاینەر,2329
4449,ژینۆ كەریم,ڕانیە,35,دیزاینەر,1819
4450,ڕێبین خۆشناو,هەولێر,21,ڕۆژنامەنوس,1965
4451,ژیان موكری,کەرکووک,47,گەشەپێدەری سۆفتوێر,780
4452,پشتیوان عومەر,هەڵەبجە,64,ئەندازیار,451
4453,هاوڕێ سۆران,کەرکووک,18,گەشەپێدەری سۆفتوێر,2638
4454,ئاری سۆران,سلێمانی,51,پزیشک,984
4455,شنۆ قادر,دهۆک,44,مامۆستا,2924
4456,لەنیا عەبدوڵڵا,سلێمانی,50,وێنەگر,849
4457,تارا قادر,کۆیە,56,وێنەگر,1460
4458,ڕێبین گەرمیانی,سلێمانی,63,مامۆستا,1792
4459,ئاری قادر,کەرکووک,18,گەشەپێدەری سۆفتوێر,1542
4460,تارا گەرمیانی,کەرکووک,42,مامۆستا,942
4461,شنۆ عومەر,سلێمانی,33,پارێزەر,3237
4462,زانا جاف,هەڵەبجە,27,ڕۆژنامەنوس,2468
4463,نیشتمان سۆران,سلێمانی,41,بازرگان,2370
4464,تانیا جاف,دهۆک,23,ڕۆژنامەنوس,1275
4465,کاروان عوسمان,هەولێر,57,ڕۆژنامەنوس,1777
4466,ئاری عوسمان,سۆران,26,پزیشک,1981
4467,تانیا عەبدوڵڵا,کەرکووک,35,ڕۆژنامەنوس,2997
4468,ژیان موكری,هەولێر,51,پزیشک,3168
4469,سۆزان مەحمود,سۆران,32,پارێزەر,2998
4470,کۆسار ئەحمەد,ڕانیە,19,گەشەپێدەری سۆفتوێر,1122
4471,سۆران سەعيد,هەڵەبجە,31,ژمێریار,2055
4472,بەرزان گەرمیانی,کۆیە,49,پارێزەر,2023
4473,هەڵکەوت جاف,دهۆک,48,دیزاینەر,419
4474,زانا سەعيد,ڕانیە,55,گەشەپێدەری سۆفتوێر,1548
4475,نیشتمان بابان,دهۆک,35,ئەندازیار,571
4476,نیشتمان موكری,سلێمانی,24,گەشەپێدەری سۆفتوێر,2099
4477,لەنیا عەبدوڵڵا,کەرکووک,31,پارێزەر,3335
4478,کوردستان عومەر,کەرکووک,20,مامۆستا,630
4479,دیار ئەحمەد,کۆیە,38,دیزاینەر,1967
4480,ڕێبین سەعيد,هەڵەبجە,56,ژمێریار,2843
4481,ئاری كەریم,دهۆک,60,ژمێریار,1269
4482,شێركۆ سەعيد,دهۆک,22,گەشەپێدەری سۆفتوێر,903
4483,لەنیا عوسمان,دهۆک,28,پزیشک,641
4484,دیار عوسمان,سۆران,58,ژمێریار,1745
4485,ژینۆ عومەر,دهۆک,58,وێنەگر,530
4486,هێمن عەبدوڵڵا,سلێمانی,41,پزیشک,2749
4487,لەنیا سۆران,ڕانیە,48,ئەندازیار,2061
4488,هاوڕێ قادر,هەڵەبجە,43,ژمێریار,2800
4489,ئاری عەبدوڵڵا,ڕانیە,51,گەشەپێدەری سۆفتوێر,3128
4490,زانا عومەر,ڕانیە,54,ژمێریار,1695
4491,لەنیا عەبدوڵڵا,هەولێر,42,گەشەپێدەری سۆفتوێر,838
4492,کۆسار عەبدوڵڵا,هەڵەبجە,31,گەشەپێدەری سۆفتوێر,2694
4493,سۆران مەحمود,کەرکووک,19,ئەندازیار,1183
4494,ژیان سۆران,سۆران,35,ژمێریار,1294
4495,شێركۆ بابان,کۆیە,58,ڕۆژنامەنوس,3313
4496,کۆسار موكری,هەڵەبجە,33,ئەندازیار,665
4497,نیشتمان مەنگوڕی,دهۆک,44,ژمێریار,2718
4498,کوردستان سۆران,کۆیە,43,وێنەگر,2675
4499,بەرزان مەحمود,هەڵەبجە,50,ژمێریار,2927
4500,کاروان عەبدوڵڵا,دهۆک,60,گەشەپێدەری سۆفتوێر,468
4501,دیار كەریم,هەولێر,49,وێنەگر,946
4502,تانیا حەسەن,کەرکووک,58,ڕۆژنامەنوس,1955
4503,پشتیوان مەنگوڕی,کەرکووک,32,پزیشک,3388
4504,تارا مەحمود,هەولێر,54,پزیشک,480
4505,سۆزان حەسەن,هەولێر,50,ڕۆژنامەنوس,1150
4506,هەڵکەوت موكری,هەولێر,52,ڕۆژنامەنوس,1264
4507,بەختیار مەنگوڕی,دهۆک,55,گەشەپێدەری سۆفتوێر,630
4508,شێركۆ جاف,ڕانیە,48,مامۆستا,470
4509,بەختیار خۆشناو,کەرکووک,40,پارێزەر,2875
4510,دیار قادر,هەڵەبجە,40,ئەندازیار,3375
4511,لەنیا عوسمان,هەڵەبجە,62,ڕۆژنامەنوس,2668
4512,ئاری بابان,هەولێر,43,وێنەگر,1716
4513,شنۆ حەسەن,دهۆک,63,گەشەپێدەری سۆفتوێر,3354
4514,ژیان عومەر,سلێمانی,18,بازرگان,2781
4515,شنۆ حەسەن,هەڵەبجە,34,پارێزەر,3242
4516,هەڵکەوت جاف,کەرکووک,41,پزیشک,610
4517,دیار گەرمیانی,کۆیە,54,ئەندازیار,873
4518,ئاری قادر,سلێمانی,58,دیزاینەر,2626
4519,تارا مەنگوڕی,دهۆک,26,ڕۆژنامەنوس,1976
4520,بەرزان مەنگوڕی,دهۆک,61,ژمێریار,2997
4521,شنۆ عەبدوڵڵا,سۆران,21,بازرگان,715
4522,شنۆ گەرمیانی,سلێمانی,19,وێنەگر,2033
4523,ڕێبین حەسەن,ڕانیە,53,پارێزەر,2477
4524,لەنیا سۆران,دهۆک,43,دیزاینەر,1654
4525,شێركۆ موكری,دهۆک,62,ڕۆژنامەنوس,3491
4526,کۆسار جاف,ڕانیە,43,بازرگان,1574
4527,ڕێبین مەنگوڕی,هەولێر,41,ڕۆژنامەنوس,426
4528,ژیان جاف,سۆران,58,بازرگان,465
4529,کاروان عوسمان,ڕانیە,32,دیزاینەر,751
4530,ژیان گەرمیانی,هەولێر,18,پزیشک,891
4531,بەختیار عەبدوڵڵا,سۆران,34,بازرگان,748
4532,لەنیا ئەحمەد,هەڵەبجە,57,بازرگان,2643
4533,شنۆ سەعيد,هەولێر,42,ڕۆژنامەنوس,1888
4534,دیار عەبدوڵڵا,ڕانیە,57,پارێزەر,3020
4535,ئاری گەرمیانی,سلێمانی,48,دیزاینەر,802
4536,هێمن ئەحمەد,هەڵەبجە,65,پارێزەر,2777
4537,تانیا عوسمان,سۆران,26,پارێزەر,1310
4538,زانا قادر,سلێمانی,48,ئەندازیار,3100
4539,نیشتمان سۆران,هەڵەبجە,22,پزیشک,658
4540,شنۆ عوسمان,ڕانیە,25,بازرگان,2986
4541,تارا بابان,کۆیە,54,گەشەپێدەری سۆفتوێر,1800
4542,نیشتمان عوسمان,کۆیە,26,ڕۆژنامەنوس,636
4543,کاروان مەنگوڕی,ڕانیە,26,پزیشک,2973
4544,شنۆ موكری,هەڵەبجە,34,ژمێریار,2702
4545,ئاری حەسەن,هەولێر,40,پزیشک,2825
4546,بەختیار كەریم,سۆران,47,گەشەپێدەری سۆفتوێر,1650
4547,دیار جاف,ڕانیە,55,ژمێریار,1466
4548,ڕێبین سەعيد,دهۆک,55,وێنەگر,1127
4549,نیشتمان سەعيد,هەولێر,43,وێنەگر,993
4550,هەڵکەوت مەنگوڕی,سلێمانی,37,ئەندازیار,3427
4551,لەنیا عەبدوڵڵا,سلێمانی,57,گەشەپێدەری سۆفتوێر,1056
4552,دیار جاف,هەڵەبجە,18,پزیشک,792
4553,نیشتمان مەحمود,هەڵەبجە,27,وێنەگر,2810
4554,سارا گەرمیانی,کۆیە,51,پارێزەر,2331
4555,هاوڕێ سۆران,سۆران,38,پارێزەر,1125
4556,کوردستان عومەر,سلێمانی,41,پارێزەر,1575
4557,ڕێبین سەعيد,ڕانیە,62,گەشەپێدەری سۆفتوێر,1934
4558,ژینۆ كەریم,هەولێر,48,مامۆستا,2875
4559,لەنیا عوسمان,هەڵەبجە,42,گەشەپێدەری سۆفتوێر,2062
4560,ئاری گەرمیانی,سۆران,24,پزیشک,1269
4561,شنۆ عەبدوڵڵا,هەڵەبجە,32,پزیشک,1386
4562,بەرزان جاف,دهۆک,53,پزیشک,3452
4563,ڕێبین مەحمود,سۆران,62,پزیشک,3103
4564,بەرزان عوسمان,سلێمانی,31,ژمێریار,419
4565,ژینۆ ئەحمەد,سۆران,48,ڕۆژنامەنوس,2894
4566,لەنیا عومەر,هەڵەبجە,38,ڕۆژنامەنوس,538
4567,نیشتمان عوسمان,هەولێر,48,گەشەپێدەری سۆفتوێر,2512
4568,هێمن عوسمان,سلێمانی,58,پزیشک,1627
4569,ژینۆ گەرمیانی,هەڵەبجە,36,پزیشک,1264
4570,هەڵکەوت جاف,دهۆک,26,مامۆستا,1178
4571,نیشتمان ئەحمەد,دهۆک,57,ئەندازیار,3299
4572,سارا مەحمود,سلێمانی,65,دیزاینەر,1305
4573,سارا مەحمود,هەولێر,60,دیزاینەر,1856
4574,زانا خۆشناو,هەڵەبجە,37,وێنەگر,1887
4575,بەختیار كەریم,هەولێر,34,مامۆستا,1210
4576,کاروان حەسەن,دهۆک,22,بازرگان,1802
4577,شێركۆ سەعيد,هەڵەبجە,44,مامۆستا,1626
4578,کۆسار سۆران,کەرکووک,58,ژمێریار,1507
4579,هاوڕێ ئەحمەد,کۆیە,40,پارێزەر,1000
4580,ڕێبین سەعيد,کەرکووک,40,وێنەگر,2598
4581,ژیان بابان,دهۆک,56,ژمێریار,810
4582,تارا مەحمود,هەولێر,35,مامۆستا,1220
4583,ژیان عومەر,کەرکووک,49,پارێزەر,502
4584,شنۆ سۆران,هەڵەبجە,62,دیزاینەر,2448
4585,سۆزان ئەحمەد,دهۆک,28,مامۆستا,607
4586,سۆزان ئەحمەد,هەڵەبجە,60,پزیشک,1926
4587,هەڵکەوت مەنگوڕی,دهۆک,22,ژمێریار,835
4588,هەڵکەوت عەبدوڵڵا,سۆران,29,گەشەپێدەری سۆفتوێر,2394
4589,لەنیا عوسمان,هەڵەبجە,37,پزیشک,2756
4590,سۆزان گەرمیانی,ڕانیە,50,پزیشک,2177
4591,هەڵکەوت عومەر,هەڵەبجە,18,بازرگان,1413
4592,سارا موكری,کەرکووک,38,پارێزەر,803
4593,سارا قادر,هەڵەبجە,45,مامۆستا,2227
4594,نیشتمان عوسمان,سلێمانی,43,گەشەپێدەری سۆفتوێر,1409
4595,زانا بابان,ڕانیە,19,ڕۆژنامەنوس,1617
4596,سۆران عومەر,هەولێر,43,وێنەگر,3428
4597,شێركۆ مەحمود,ڕانیە,53,ژمێریار,2035
4598,ئاری عومەر,ڕانیە,50,وێنەگر,2942
4599,کاروان كەریم,کۆیە,23,وێنەگر,2160
4600,سۆزان عەبدوڵڵا,کەرکووک,56,وێنەگر,2997
4601,کوردستان حەسەن,هەڵەبجە,22,ڕۆژنامەنوس,1083
4602,بەرزان مەنگوڕی,هەولێر,37,مامۆستا,3139
4603,هەڵکەوت بابان,کەرکووک,36,ڕۆژنامەنوس,3350
4604,هێمن مەنگوڕی,ڕانیە,62,مامۆستا,1332
4605,سۆران عومەر,سلێمانی,44,گەشەپێدەری سۆفتوێر,1908
4606,هاوڕێ مەحمود,کەرکووک,59,پزیشک,1295
4607,تانیا كەریم,ڕانیە,46,گەشەپێدەری سۆفتوێر,3234
4608,ژینۆ مەحمود,کۆیە,53,گەشەپێدەری سۆفتوێر,2205
4609,نیشتمان جاف,هەڵەبجە,37,دیزاینەر,2857
4610,بەختیار عومەر,ڕانیە,27,بازرگان,634
4611,هەڵکەوت عوسمان,ڕانیە,33,ڕۆژنامەنوس,1151
4612,ژیان قادر,هەڵەبجە,48,بازرگان,2457
4613,زانا موكری,کەرکووک,46,ڕۆژنامەنوس,951
4614,تارا موكری,کەرکووک,50,گەشەپێدەری سۆفتوێر,2333
4615,تارا سەعيد,دهۆک,40,ڕۆژنامەنوس,1495
4616,هاوڕێ مەحمود,سلێمانی,19,ڕۆژنامەنوس,1405
4617,سۆزان سەعيد,سۆران,50,پارێزەر,1477
4618,دیار موكری,سلێمانی,24,مامۆستا,2691
4619,شنۆ مەحمود,سلێمانی,22,وێنەگر,1990
4620,هێمن بابان,سلێمانی,35,وێنەگر,802
4621,بەختیار جاف,ڕانیە,24,وێنەگر,2179
4622,سۆران مەحمود,کۆیە,45,دیزاینەر,696
4623,کاروان جاف,کەرکووک,31,دیزاینەر,2507
4624,پشتیوان حەسەن,کەرکووک,62,مامۆستا,1777
4625,ڕێبین موكری,هەڵەبجە,39,ڕۆژنامەنوس,1802
4626,تانیا كەریم,سلێمانی,30,مامۆستا,2296
4627,شنۆ سۆران,دهۆک,61,وێنەگر,2299
4628,سۆزان عەبدوڵڵا,سۆران,36,دیزاینەر,2185
4629,تارا مەنگوڕی,هەڵەبجە,21,ژمێریار,574
4630,سارا موكری,کۆیە,65,گەشەپێدەری سۆفتوێر,2668
4631,لەنیا خۆشناو,ڕانیە,33,بازرگان,1075
4632,کاروان مەحمود,ڕانیە,54,وێنەگر,1434
4633,تانیا جاف,سلێمانی,62,دیزاینەر,2763
4634,ژینۆ مەنگوڕی,دهۆک,51,پارێزەر,1229
4635,کوردستان قادر,هەڵەبجە,23,ڕۆژنامەنوس,2323
4636,هەڵکەوت مەنگوڕی,هەڵەبجە,28,دیزاینەر,640
4637,سۆران مەنگوڕی,هەولێر,30,ژمێریار,3166
4638,سارا قادر,سلێمانی,61,دیزاینەر,893
4639,سارا مەحمود,سلێمانی,58,گەشەپێدەری سۆفتوێر,974
4640,لەنیا جاف,هەولێر,44,دیزاینەر,2069
4641,ژینۆ خۆشناو,ڕانیە,56,مامۆستا,1293
4642,هاوڕێ حەسەن,کەرکووک,58,مامۆستا,909
4643,شنۆ مەنگوڕی,هەڵەبجە,29,وێنەگر,807
4644,هاوڕێ گەرمیانی,هەولێر,43,مامۆستا,3107
4645,ژیان گەرمیانی,سۆران,39,ژمێریار,1449
4646,شێركۆ سۆران,سۆران,52,ڕۆژنامەنوس,584
4647,هێمن مەحمود,کەرکووک,65,ئەندازیار,1971
4648,سارا كەریم,هەڵەبجە,55,پزیشک,1291
4649,لەنیا كەریم,سۆران,34,وێنەگر,2636
4650,تانیا كەریم,هەولێر,34,وێنەگر,2357
4651,ئاری عوسمان,سۆران,62,ڕۆژنامەنوس,506
4652,زانا حەسەن,هەولێر,38,ئەندازیار,2648
4653,سارا مەحمود,سۆران,33,ئەندازیار,2950
4654,هێمن جاف,هەڵەبجە,50,ژمێریار,955
4655,کوردستان خۆشناو,کەرکووک,63,ژمێریار,1857
4656,کوردستان خۆشناو,دهۆک,41,بازرگان,905
4657,کاروان مەحمود,سۆران,36,ژمێریار,1765
4658,دیار حەسەن,کەرکووک,55,وێنەگر,1841
4659,سۆزان قادر,کۆیە,22,ڕۆژنامەنوس,2445
4660,کوردستان مەحمود,دهۆک,62,پارێزەر,1941
4661,ئاری قادر,سلێمانی,32,مامۆستا,2767
4662,دیار سۆران,دهۆک,55,دیزاینەر,2301
4663,هاوڕێ سۆران,کۆیە,45,دیزاینەر,727
4664,ئاری جاف,ڕانیە,46,بازرگان,3347
4665,کاروان عەبدوڵڵا,ڕانیە,62,پارێزەر,2782
4666,تانیا كەریم,سلێمانی,63,ئەندازیار,1839
4667,هەڵکەوت قادر,سلێمانی,55,بازرگان,1021
4668,تارا سەعيد,هەولێر,56,پزیشک,3389
4669,بەختیار سەعيد,هەولێر,25,گەشەپێدەری سۆفتوێر,3174
4670,کاروان عەبدوڵڵا,کەرکووک,35,ئەندازیار,1218
4671,ژینۆ قادر,هەولێر,24,ڕۆژنامەنوس,2973
4672,شێركۆ حەسەن,سلێمانی,61,ژمێریار,2576
4673,کوردستان گەرمیانی,سلێمانی,43,پارێزەر,3082
4674,هەڵکەوت عوسمان,هەڵەبجە,44,ئەندازیار,3128
4675,ئاری عوسمان,کۆیە,57,ئەندازیار,1013
4676,کوردستان كەریم,هەولێر,42,ڕۆژنامەنوس,2565
4677,شنۆ مەنگوڕی,کۆیە,24,ئەندازیار,1446
4678,هاوڕێ كەریم,کەرکووک,34,بازرگان,1090
4679,هاوڕێ مەحمود,سۆران,65,ڕۆژنامەنوس,2421
4680,زانا مەنگوڕی,دهۆک,23,ژمێریار,990
4681,تارا موكری,هەڵەبجە,31,ئەندازیار,424
4682,ژینۆ موكری,سۆران,36,ڕۆژنامەنوس,858
4683,هاوڕێ قادر,ڕانیە,46,مامۆستا,2181
4684,ڕێبین ئەحمەد,ڕانیە,56,مامۆستا,2699
4685,بەختیار سەعيد,ڕانیە,30,ئەندازیار,2926
4686,کوردستان بابان,سلێمانی,62,ژمێریار,2156
4687,ئاری بابان,سۆران,49,مامۆستا,1392
4688,سۆران خۆشناو,کەرکووک,36,دیزاینەر,1568
4689,شنۆ خۆشناو,سۆران,33,وێنەگر,3459
4690,پشتیوان بابان,هەولێر,47,مامۆستا,1073
4691,کاروان بابان,دهۆک,55,پزیشک,847
4692,شێركۆ جاف,هەڵەبجە,24,بازرگان,2008
4693,کاروان بابان,هەولێر,32,مامۆستا,3480
4694,سۆزان عومەر,ڕانیە,53,ڕۆژنامەنوس,930
4695,کۆسار جاف,هەڵەبجە,36,دیزاینەر,3127
4696,بەرزان عومەر,کەرکووک,45,ژمێریار,1660
4697,شێركۆ موكری,سلێمانی,21,ژمێریار,578
4698,ڕێبین ئەحمەد,کۆیە,24,مامۆستا,3032
4699,تانیا عەبدوڵڵا,سلێمانی,61,گەشەپێدەری سۆفتوێر,1343
4700,ژیان مەحمود,کۆیە,20,مامۆستا,821
4701,ئاری سەعيد,کەرکووک,46,مامۆستا,1757
4702,کوردستان گەرمیانی,کۆیە,50,دیزاینەر,2804
4703,زانا گەرمیانی,هەڵەبجە,33,ڕۆژنامەنوس,1114
4704,کوردستان كەریم,سلێمانی,47,ڕۆژنامەنوس,1269
4705,شنۆ مەنگوڕی,دهۆک,60,بازرگان,862
4706,دیار خۆشناو,کەرکووک,54,ڕۆژنامەنوس,3066
4707,زانا گەرمیانی,ڕانیە,45,بازرگان,2557
4708,ئاری مەحمود,دهۆک,62,ڕۆژنامەنوس,3313
4709,هاوڕێ كەریم,کەرکووک,24,مامۆستا,2635
4710,کوردستان بابان,کۆیە,26,ئەندازیار,3479
4711,هێمن گەرمیانی,ڕانیە,30,پزیشک,1608
4712,زانا قادر,هەولێر,23,پزیشک,1309
4713,پشتیوان مەنگوڕی,هەولێر,56,گەشەپێدەری سۆفتوێر,1507
4714,ڕێبین سەعيد,سۆران,50,بازرگان,2251
4715,سارا بابان,هەڵەبجە,32,ڕۆژنامەنوس,1877
4716,سارا موكری,هەولێر,41,مامۆستا,3344
4717,تارا قادر,ڕانیە,65,مامۆستا,1164
4718,بەرزان سەعيد,سلێمانی,24,پزیشک,3427
4719,ژینۆ عوسمان,سۆران,33,ئەندازیار,1667
4720,هەڵکەوت بابان,ڕانیە,25,مامۆستا,1341
4721,نیشتمان خۆشناو,سلێمانی,27,پزیشک,1675
4722,نیشتمان خۆشناو,کەرکووک,55,گەشەپێدەری سۆفتوێر,1765
4723,شنۆ موكری,هەڵەبجە,23,بازرگان,3264
4724,سۆران سۆران,ڕانیە,62,ئەندازیار,1537
4725,کوردستان حەسەن,سلێمانی,44,پارێزەر,2090
4726,کۆسار بابان,کۆیە,31,ئەندازیار,834
4727,لەنیا مەحمود,دهۆک,23,دیزاینەر,2745
4728,تانیا مەحمود,دهۆک,46,پزیشک,3283
4729,زانا موكری,هەولێر,28,ژمێریار,3070
4730,هێمن عوسمان,سۆران,50,مامۆستا,2228
4731,کاروان مەحمود,هەولێر,53,بازرگان,2029
4732,شێركۆ حەسەن,کەرکووک,31,مامۆستا,3337
4733,بەختیار مەحمود,هەولێر,20,ژمێریار,2203
4734,ژیان سەعيد,ڕانیە,39,بازرگان,1643
4735,کوردستان موكری,ڕانیە,37,گەشەپێدەری سۆفتوێر,904
4736,بەختیار قادر,سۆران,31,مامۆستا,3382
4737,پشتیوان عەبدوڵڵا,هەولێر,56,مامۆستا,871
4738,سۆزان بابان,هەولێر,23,بازرگان,890
4739,کاروان عومەر,سۆران,31,پزیشک,1679
4740,سارا قادر,هەولێر,28,مامۆستا,2128
4741,پشتیوان عوسمان,کۆیە,41,دیزاینەر,3446
4742,کوردستان جاف,هەڵەبجە,34,ڕۆژنامەنوس,2550
4743,شنۆ مەحمود,سلێمانی,33,ژمێریار,1640
4744,سۆزان موكری,هەولێر,38,ڕۆژنامەنوس,2702
4745,ئاری بابان,هەولێر,47,ڕۆژنامەنوس,1014
4746,کۆسار عوسمان,ڕانیە,40,ئەندازیار,1508
4747,نیشتمان مەنگوڕی,ڕانیە,56,مامۆستا,3282
4748,سارا سۆران,کەرکووک,31,گەشەپێدەری سۆفتوێر,837
4749,زانا بابان,هەڵەبجە,38,بازرگان,2129
4750,نیشتمان بابان,هەڵەبجە,54,وێنەگر,858
4751,کۆسار سەعيد,کۆیە,43,گەشەپێدەری سۆفتوێر,2881
4752,ژیان حەسەن,دهۆک,41,گەشەپێدەری سۆفتوێر,711
4753,ئاری سەعيد,دهۆک,39,پزیشک,3452
4754,هێمن بابان,کەرکووک,43,پزیشک,1127
4755,کوردستان سۆران,سۆران,62,وێنەگر,1090
4756,کاروان سۆران,سۆران,33,بازرگان,846
4757,لەنیا عوسمان,هەولێر,35,ژمێریار,1713
4758,دیار حەسەن,ڕانیە,39,ڕۆژنامەنوس,3431
4759,سارا عومەر,ڕانیە,25,دیزاینەر,626
4760,هاوڕێ مەحمود,کۆیە,64,دیزاینەر,2896
4761,کاروان موكری,کۆیە,62,پارێزەر,2745
4762,ژینۆ عومەر,کەرکووک,20,مامۆستا,2008
4763,ئاری قادر,دهۆک,61,ڕۆژنامەنوس,2168
4764,سارا ئەحمەد,دهۆک,37,ژمێریار,2101
4765,هێمن حەسەن,دهۆک,24,ڕۆژنامەنوس,2838
4766,زانا مەنگوڕی,هەڵەبجە,47,ژمێریار,2651
4767,زانا خۆشناو,هەڵەبجە,41,مامۆستا,1202
4768,کۆسار عوسمان,کۆیە,34,دیزاینەر,2493
4769,ئاری جاف,ڕانیە,49,ڕۆژنامەنوس,2528
4770,بەختیار جاف,هەڵەبجە,49,مامۆستا,1463
4771,هەڵکەوت عەبدوڵڵا,هەڵەبجە,38,ڕۆژنامەنوس,719
4772,کوردستان بابان,هەولێر,43,پزیشک,1833
4773,ئاری عەبدوڵڵا,ڕانیە,24,پارێزەر,2671
4774,ڕێبین جاف,سۆران,19,دیزاینەر,1714
4775,پشتیوان مەحمود,سلێمانی,47,ڕۆژنامەنوس,1572
4776,ژیان سۆران,سۆران,44,پارێزەر,1921
4777,کوردستان ئەحمەد,کۆیە,36,وێنەگر,2254
4778,هەڵکەوت عوسمان,کۆیە,62,ژمێریار,2740
4779,ژیان سەعيد,سۆران,37,ڕۆژنامەنوس,1580
4780,دیار كەریم,ڕانیە,55,ڕۆژنامەنوس,1560
4781,سۆران ئەحمەد,سۆران,43,پزیشک,3411
4782,تارا مەحمود,سۆران,62,دیزاینەر,470
4783,تارا قادر,دهۆک,48,پزیشک,2221
4784,تارا بابان,ڕانیە,42,ڕۆژنامەنوس,2209
4785,هەڵکەوت ئەحمەد,هەولێر,33,ڕۆژنامەنوس,957
4786,نیشتمان مەنگوڕی,سلێمانی,52,گەشەپێدەری سۆفتوێر,631
4787,زانا گەرمیانی,سلێمانی,63,دیزاینەر,2926
4788,شنۆ مەحمود,هەولێر,57,مامۆستا,751
4789,تارا حەسەن,هەڵەبجە,48,دیزاینەر,2682
4790,ژینۆ موكری,سۆران,59,گەشەپێدەری سۆفتوێر,2474
4791,بەختیار مەحمود,هەڵەبجە,31,پزیشک,893
4792,ڕێبین عەبدوڵڵا,ڕانیە,44,پزیشک,1000
4793,کوردستان مەحمود,هەولێر,40,پزیشک,2584
4794,هێمن قادر,سۆران,57,وێنەگر,1117
4795,بەرزان خۆشناو,هەولێر,46,پزیشک,2391
4796,بەرزان موكری,هەڵەبجە,60,پارێزەر,2207
4797,شێركۆ سەعيد,سلێمانی,58,دیزاینەر,1193
4798,شنۆ گەرمیانی,ڕانیە,59,مامۆستا,2960
4799,سۆزان ئەحمەد,سلێمانی,31,مامۆستا,2107
4800,ئاری خۆشناو,ڕانیە,18,ڕۆژنامەنوس,2622
4801,کوردستان عومەر,کەرکووک,26,ئەندازیار,1101
4802,سارا كەریم,دهۆک,64,ژمێریار,1622
4803,ئاری سەعيد,دهۆک,42,وێنەگر,3206
4804,هاوڕێ سۆران,سۆران,58,ژمێریار,3262
4805,نیشتمان جاف,ڕانیە,47,بازرگان,1841
4806,لەنیا عومەر,سلێمانی,31,مامۆستا,2890
4807,سارا بابان,سۆران,47,وێنەگر,507
4808,ئاری خۆشناو,سۆران,62,پارێزەر,2733
4809,سۆران جاف,هەڵەبجە,56,ڕۆژنامەنوس,3376
4810,کۆسار عوسمان,دهۆک,48,ڕۆژنامەنوس,710
4811,لەنیا عوسمان,سلێمانی,38,ژمێریار,2647
4812,شێركۆ قادر,دهۆک,43,مامۆستا,2679
4813,تانیا موكری,سۆران,30,گەشەپێدەری سۆفتوێر,2207
4814,تارا بابان,دهۆک,28,ڕۆژنامەنوس,2889
4815,کوردستان ئەحمەد,کەرکووک,18,بازرگان,576
4816,کوردستان ئەحمەد,سلێمانی,25,بازرگان,1951
4817,بەختیار كەریم,کۆیە,59,پزیشک,501
4818,بەختیار سەعيد,هەڵەبجە,40,گەشەپێدەری سۆفتوێر,3431
4819,هاوڕێ قادر,هەولێر,44,پزیشک,966
4820,ژینۆ قادر,دهۆک,25,ئەندازیار,1038
4821,کاروان حەسەن,هەولێر,39,پارێزەر,987
4822,لەنیا قادر,سۆران,19,پزیشک,1506
4823,تارا سەعيد,کەرکووک,47,وێنەگر,1831
4824,تانیا مەنگوڕی,هەڵەبجە,64,بازرگان,534
4825,کۆسار سۆران,کۆیە,47,پارێزەر,400
4826,شنۆ جاف,کۆیە,26,پزیشک,2387
4827,ژینۆ خۆشناو,کەرکووک,33,ئەندازیار,1782
4828,ژینۆ جاف,هەڵەبجە,42,مامۆستا,2806
4829,لەنیا عومەر,هەولێر,32,دیزاینەر,3097
4830,کوردستان مەنگوڕی,کەرکووک,58,دیزاینەر,1753
4831,لەنیا كەریم,دهۆک,57,وێنەگر,1376
4832,بەرزان سۆران,هەڵەبجە,48,ئەندازیار,932
4833,کۆسار مەنگوڕی,سلێمانی,24,ڕۆژنامەنوس,2101
4834,بەرزان سۆران,هەڵەبجە,47,وێنەگر,1968
4835,شنۆ قادر,سلێمانی,20,وێنەگر,1761
4836,کۆسار مەنگوڕی,هەڵەبجە,43,پزیشک,1500
4837,هاوڕێ سۆران,هەولێر,62,ئەندازیار,1144
4838,بەختیار بابان,کەرکووک,49,دیزاینەر,2715
4839,سارا گەرمیانی,سلێمانی,50,بازرگان,1264
4840,زانا كەریم,ڕانیە,46,ئەندازیار,955
4841,ئاری قادر,سۆران,61,بازرگان,1495
4842,ئاری بابان,کۆیە,63,وێنەگر,3320
4843,ژینۆ جاف,ڕانیە,20,پارێزەر,880
4844,ڕێبین بابان,ڕانیە,40,وێنەگر,2464
4845,نیشتمان مەنگوڕی,کەرکووک,53,مامۆستا,1109
4846,نیشتمان عومەر,هەولێر,40,ژمێریار,477
4847,سۆزان عومەر,کۆیە,30,ژمێریار,1637
4848,نیشتمان سۆران,سۆران,44,وێنەگر,1345
4849,ئاری كەریم,ڕانیە,30,ڕۆژنامەنوس,1895
4850,بەختیار قادر,کۆیە,38,ئەندازیار,2284
4851,سارا قادر,دهۆک,61,ڕۆژنامەنوس,631
4852,تارا عومەر,کەرکووک,37,گەشەپێدەری سۆفتوێر,1741
4853,لەنیا گەرمیانی,سۆران,58,وێنەگر,1287
4854,ئاری كەریم,هەڵەبجە,51,ژمێریار,2543
4855,هێمن عوسمان,کەرکووک,35,ژمێریار,3102
4856,هەڵکەوت كەریم,سلێمانی,38,گەشەپێدەری سۆفتوێر,2609
4857,تانیا عومەر,ڕانیە,44,پزیشک,3029
4858,ئاری عەبدوڵڵا,سلێمانی,44,پارێزەر,1016
4859,لەنیا قادر,هەڵەبجە,48,ژمێریار,2080
4860,تارا سۆران,هەڵەبجە,48,ژمێریار,2638
4861,کۆسار ئەحمەد,کەرکووک,61,ئەندازیار,1062
4862,کۆسار خۆشناو,هەڵەبجە,22,ژمێریار,448
4863,نیشتمان گەرمیانی,کەرکووک,46,بازرگان,2232
4864,شێركۆ موكری,دهۆک,45,ڕۆژنامەنوس,2969
4865,سۆران سەعيد,ڕانیە,58,بازرگان,471
4866,بەرزان سەعيد,سۆران,37,ژمێریار,1473
4867,سۆران خۆشناو,سلێمانی,22,ڕۆژنامەنوس,2426
4868,ڕێبین عەبدوڵڵا,هەڵەبجە,48,دیزاینەر,1856
4869,تانیا خۆشناو,هەولێر,47,پزیشک,1545
4870,سۆران موكری,کۆیە,61,بازرگان,1851
4871,هێمن مەحمود,سلێمانی,22,ڕۆژنامەنوس,2538
4872,ڕێبین موكری,دهۆک,53,ژمێریار,957
4873,ژیان عوسمان,سۆران,63,بازرگان,3094
4874,شێركۆ قادر,کەرکووک,34,ئەندازیار,3317
4875,کاروان جاف,سلێمانی,32,دیزاینەر,1369
4876,زانا موكری,هەڵەبجە,45,ڕۆژنامەنوس,3417
4877,هاوڕێ مەنگوڕی,کەرکووک,20,پارێزەر,2789
4878,پشتیوان مەحمود,ڕانیە,18,پارێزەر,1608
4879,هێمن قادر,کۆیە,43,پارێزەر,431
4880,ژیان گەرمیانی,دهۆک,58,پزیشک,1712
4881,هەڵکەوت مەحمود,کەرکووک,39,بازرگان,996
4882,نیشتمان سۆران,کەرکووک,59,دیزاینەر,2056
4883,سۆزان عەبدوڵڵا,ڕانیە,37,پارێزەر,3364
4884,هێمن سەعيد,سۆران,60,پارێزەر,2563
4885,دیار خۆشناو,سلێمانی,62,بازرگان,2047
4886,بەرزان ئەحمەد,سۆران,23,وێنەگر,1279
4887,هێمن سۆران,هەڵەبجە,55,گەشەپێدەری سۆفتوێر,1068
4888,بەختیار ئەحمەد,هەولێر,23,پزیشک,3137
4889,ئاری قادر,کەرکووک,32,مامۆستا,947
4890,ئاری مەنگوڕی,ڕانیە,55,دیزاینەر,2212
4891,کۆسار سەعيد,هەڵەبجە,60,ژمێریار,2089
4892,سارا سەعيد,ڕانیە,23,پارێزەر,2703
4893,سارا حەسەن,هەڵەبجە,46,وێنەگر,2360
4894,لەنیا گەرمیانی,کەرکووک,60,پارێزەر,3363
4895,لەنیا مەنگوڕی,هەڵەبجە,46,پزیشک,3213
4896,هاوڕێ جاف,دهۆک,26,پارێزەر,2251
4897,ژینۆ بابان,ڕانیە,42,گەشەپێدەری سۆفتوێر,2213
4898,ئاری كەریم,کەرکووک,46,دیزاینەر,2076
4899,ژیان كەریم,دهۆک,60,ئەندازیار,717
4900,شێركۆ سەعيد,هەڵەبجە,24,وێنەگر,606
4901,نیشتمان جاف,هەڵەبجە,18,ڕۆژنامەنوس,2575
4902,تارا جاف,سۆران,63,پزیشک,754
4903,بەرزان عەبدوڵڵا,کەرکووک,41,پزیشک,1949
4904,ئاری گەرمیانی,کۆیە,19,وێنەگر,585
4905,ڕێبین ئەحمەد,دهۆک,60,پزیشک,1362
4906,هەڵکەوت جاف,کۆیە,26,دیزاینەر,2064
4907,شنۆ جاف,کۆیە,23,ژمێریار,1069
4908,کاروان سۆران,سۆران,54,ئەندازیار,1750
4909,هاوڕێ حەسەن,کەرکووک,46,ئەندازیار,2437
4910,لەنیا سۆران,دهۆک,60,ئەندازیار,1748
4911,سارا مەحمود,کۆیە,63,گەشەپێدەری سۆفتوێر,1726
4912,شێركۆ حەسەن,ڕانیە,23,پزیشک,3071
4913,پشتیوان بابان,هەولێر,46,دیزاینەر,3246
4914,ژیان موكری,هەڵەبجە,42,ڕۆژنامەنوس,2923
4915,شنۆ ئەحمەد,هەڵەبجە,63,گەشەپێدەری سۆفتوێر,891
4916,شێركۆ سۆران,کەرکووک,34,ژمێریار,3264
4917,شێركۆ موكری,ڕانیە,65,ڕۆژنامەنوس,1924
4918,کۆسار عومەر,سۆران,31,گەشەپێدەری سۆفتوێر,2546
4919,کۆسار قادر,ڕانیە,35,بازرگان,2680
4920,سارا جاف,هەڵەبجە,25,ڕۆژنامەنوس,1344
4921,تارا عەبدوڵڵا,هەڵەبجە,23,پارێزەر,1961
4922,ڕێبین عومەر,سۆران,60,وێنەگر,3144
4923,بەختیار قادر,سلێمانی,40,پزیشک,445
4924,بەرزان خۆشناو,کۆیە,49,مامۆستا,1248
4925,سۆزان ئەحمەد,دهۆک,30,ژمێریار,1242
4926,بەختیار عومەر,کەرکووک,22,ژمێریار,1816
4927,سۆزان ئەحمەد,هەڵەبجە,54,پارێزەر,838
4928,تانیا عوسمان,سلێمانی,63,مامۆستا,945
4929,کوردستان گەرمیانی,هەڵەبجە,31,ئەندازیار,1837
4930,ژیان جاف,کۆیە,59,ژمێریار,2828
4931,لەنیا سۆران,کەرکووک,37,پزیشک,3240
4932,سۆزان عەبدوڵڵا,دهۆک,31,ڕۆژنامەنوس,2265
4933,بەرزان مەحمود,ڕانیە,34,بازرگان,1616
4934,تارا كەریم,کۆیە,48,پارێزەر,2032
4935,شنۆ عوسمان,کۆیە,26,ڕۆژنامەنوس,754
4936,کۆسار ئەحمەد,کۆیە,53,مامۆستا,2160
4937,هاوڕێ عومەر,کەرکووک,42,پارێزەر,642
4938,لەنیا گەرمیانی,هەڵەبجە,33,ژمێریار,925
4939,کوردستان مەحمود,کۆیە,33,وێنەگر,3078
4940,ڕێبین مەحمود,سۆران,30,ژمێریار,532
4941,شنۆ سەعيد,ڕانیە,28,گەشەپێدەری سۆفتوێر,2975
4942,سارا قادر,هەڵەبجە,24,دیزاینەر,597
4943,ڕێبین مەنگوڕی,کۆیە,33,پارێزەر,1716
4944,شنۆ سۆران,هەولێر,19,بازرگان,984
4945,دیار موكری,هەڵەبجە,47,دیزاینەر,946
4946,سۆزان سۆران,کەرکووک,43,مامۆستا,2717
4947,هەڵکەوت ئەحمەد,سۆران,52,ڕۆژنامەنوس,1530
4948,بەرزان جاف,کۆیە,28,دیزاینەر,594
4949,شنۆ حەسەن,سلێمانی,65,گەشەپێدەری سۆفتوێر,1376
4950,هاوڕێ موكری,هەولێر,43,گەشەپێدەری سۆفتوێر,2277
4951,زانا خۆشناو,هەڵەبجە,44,بازرگان,455
4952,سارا جاف,هەڵەبجە,57,مامۆستا,2552
4953,نیشتمان عەبدوڵڵا,کۆیە,50,دیزاینەر,2227
4954,تارا حەسەن,سۆران,18,ژمێریار,2290
4955,ڕێبین جاف,سۆران,26,دیزاینەر,3406
4956,ژینۆ سۆران,دهۆک,46,بازرگان,1302
4957,تانیا حەسەن,سلێمانی,20,گەشەپێدەری سۆفتوێر,1883
4958,هێمن كەریم,کۆیە,37,ڕۆژنامەنوس,765
4959,تارا گەرمیانی,کۆیە,25,گەشەپێدەری سۆفتوێر,1630
4960,ژیان گەرمیانی,سۆران,27,پزیشک,1095
4961,زانا ئەحمەد,سلێمانی,39,وێنەگر,2760
4962,کاروان حەسەن,هەولێر,60,دیزاینەر,1575
4963,تانیا ئەحمەد,سلێمانی,53,پارێزەر,3247
4964,هاوڕێ گەرمیانی,هەڵەبجە,23,پارێزەر,3406
4965,پشتیوان ئەحمەد,سۆران,18,ڕۆژنامەنوس,2030
4966,کۆسار موكری,کەرکووک,26,دیزاینەر,2612
4967,لەنیا حەسەن,سۆران,49,وێنەگر,502
4968,کاروان مەنگوڕی,هەڵەبجە,38,مامۆستا,2033
4969,لەنیا خۆشناو,هەڵەبجە,29,ئەندازیار,1067
4970,کۆسار خۆشناو,سۆران,42,ڕۆژنامەنوس,2537
4971,دیار مەحمود,کۆیە,29,پزیشک,2672
4972,کاروان جاف,دهۆک,64,پارێزەر,3128
4973,تارا گەرمیانی,دهۆک,57,دیزاینەر,3403
4974,هاوڕێ ئەحمەد,سۆران,21,ئەندازیار,728
4975,لەنیا سۆران,کەرکووک,55,مامۆستا,2914
4976,ئاری قادر,کۆیە,59,بازرگان,1987
4977,ژیان گەرمیانی,کەرکووک,64,مامۆستا,2348
4978,هێمن گەرمیانی,دهۆک,53,پارێزەر,2950
4979,تارا عەبدوڵڵا,کۆیە,33,مامۆستا,1106
4980,زانا مەنگوڕی,هەولێر,21,پزیشک,1748
4981,هێمن عوسمان,کەرکووک,23,مامۆستا,3026
4982,سۆران حەسەن,کەرکووک,48,دیزاینەر,3338
4983,تانیا كەریم,کەرکووک,55,پارێزەر,3017
4984,تانیا جاف,سلێمانی,52,بازرگان,1958
4985,دیار عەبدوڵڵا,کۆیە,65,پزیشک,2993
4986,تارا عەبدوڵڵا,هەڵەبجە,46,پارێزەر,1477
4987,پشتیوان بابان,کۆیە,21,وێنەگر,964
4988,ژیان كەریم,کۆیە,36,گەشەپێدەری سۆفتوێر,2342
4989,ژیان عەبدوڵڵا,سلێمانی,28,مامۆستا,1403
4990,کاروان مەحمود,هەڵەبجە,24,پزیشک,584
4991,بەرزان مەنگوڕی,دهۆک,65,ڕۆژنامەنوس,2457
4992,دیار عوسمان,کۆیە,38,پزیشک,3335
4993,نیشتمان عوسمان,سلێمانی,29,وێنەگر,1971
4994,نیشتمان عەبدوڵڵا,هەولێر,44,بازرگان,815
4995,ڕێبین كەریم,ڕانیە,49,وێنەگر,2127
4996,سۆزان سەعيد,هەڵەبجە,54,ڕۆژنامەنوس,919
4997,تانیا قادر,هەڵەبجە,24,پارێزەر,2950
4998,بەرزان مەحمود,کۆیە,64,ئەندازیار,517
4999,ئاری عومەر,کۆیە,19,گەشەپێدەری سۆفتوێر,455
5000,سۆران گەرمیانی,هەولێر,19,گەشەپێدەری سۆفتوێر,957
5001,ژینۆ جاف,دهۆک,58,بازرگان,3431
5002,هەڵکەوت مەنگوڕی,کۆیە,59,بازرگان,1032
5003,زانا بابان,ڕانیە,58,ڕۆژنامەنوس,3200
5004,ژینۆ مەحمود,سلێمانی,35,پزیشک,977
5005,سۆران حەسەن,هەڵەبجە,51,بازرگان,1998
5006,بەرزان عەبدوڵڵا,سلێمانی,32,ژمێریار,1410
5007,کۆسار عومەر,سۆران,65,پزیشک,2077
5008,شنۆ عومەر,سۆران,35,مامۆستا,1311
5009,کاروان خۆشناو,سۆران,50,وێنەگر,2972
5010,هەڵکەوت حەسەن,سلێمانی,33,گەشەپێدەری سۆفتوێر,939
5011,زانا سۆران,هەولێر,31,پزیشک,1586
5012,زانا گەرمیانی,کۆیە,64,مامۆستا,2853
5013,کوردستان عومەر,هەولێر,41,گەشەپێدەری سۆفتوێر,1962
5014,نیشتمان سەعيد,کۆیە,65,مامۆستا,2501
5015,ژیان جاف,ڕانیە,64,گەشەپێدەری سۆفتوێر,1463
5016,کۆسار مەحمود,هەولێر,49,مامۆستا,1827
5017,تارا حەسەن,هەڵەبجە,54,ژمێریار,3256
5018,دیار عوسمان,سلێمانی,32,دیزاینەر,1377
5019,بەختیار خۆشناو,هەڵەبجە,35,پارێزەر,2726
5020,تارا بابان,سۆران,51,وێنەگر,741
5021,ئاری مەنگوڕی,سۆران,60,وێنەگر,1278
5022,پشتیوان سەعيد,دهۆک,18,گەشەپێدەری سۆفتوێر,2368
5023,کوردستان قادر,هەولێر,52,پارێزەر,1865
5024,هەڵکەوت ئەحمەد,کەرکووک,48,ئەندازیار,2809
5025,بەرزان حەسەن,هەڵەبجە,44,دیزاینەر,2868
5026,ڕێبین حەسەن,هەولێر,48,گەشەپێدەری سۆفتوێر,3389
5027,تانیا مەحمود,دهۆک,48,ڕۆژنامەنوس,2207
5028,تارا عەبدوڵڵا,دهۆک,20,ژمێریار,1369
5029,بەختیار مەحمود,کۆیە,43,وێنەگر,2779
5030,سۆزان مەحمود,سلێمانی,31,دیزاینەر,985
5031,لەنیا عومەر,سۆران,18,پزیشک,423
5032,ئاری خۆشناو,کەرکووک,62,مامۆستا,2896
5033,پشتیوان مەنگوڕی,سلێمانی,34,پارێزەر,1756
5034,دیار ئەحمەد,کەرکووک,61,بازرگان,1837
5035,بەرزان قادر,ڕانیە,43,پزیشک,2546
5036,نیشتمان مەحمود,هەولێر,25,گەشەپێدەری سۆفتوێر,2857
5037,بەختیار سەعيد,سلێمانی,30,ڕۆژنامەنوس,1864
5038,هاوڕێ سۆران,سلێمانی,35,دیزاینەر,2307
5039,نیشتمان كەریم,کەرکووک,25,مامۆستا,441
5040,کاروان مەنگوڕی,سۆران,28,پارێزەر,3437
5041,بەختیار عوسمان,هەولێر,41,ژمێریار,1180
5042,سۆزان مەنگوڕی,هەولێر,59,پارێزەر,2562
5043,نیشتمان قادر,کەرکووک,50,ئەندازیار,3290
5044,سۆزان حەسەن,دهۆک,38,پزیشک,612
5045,سۆزان سەعيد,ڕانیە,39,دیزاینەر,813
5046,پشتیوان كەریم,کۆیە,59,مامۆستا,2232
5047,نیشتمان قادر,سلێمانی,49,وێنەگر,1105
5048,ئاری عوسمان,کەرکووک,60,پزیشک,1013
5049,شێركۆ سۆران,کەرکووک,64,گەشەپێدەری سۆفتوێر,3362
5050,بەرزان عومەر,سۆران,61,ئەندازیار,2503
5051,کوردستان مەحمود,کۆیە,23,بازرگان,3117
5052,تانیا بابان,هەڵەبجە,28,ژمێریار,2777
5053,ژینۆ عومەر,سلێمانی,44,ئەندازیار,3063
5054,شێركۆ بابان,کۆیە,52,بازرگان,472
5055,شێركۆ خۆشناو,ڕانیە,20,ڕۆژنامەنوس,3043
5056,کۆسار ئەحمەد,کۆیە,53,ڕۆژنامەنوس,1302
5057,بەختیار قادر,ڕانیە,29,گەشەپێدەری سۆفتوێر,3046
5058,سارا ئەحمەد,ڕانیە,59,ڕۆژنامەنوس,2909
5059,هێمن جاف,هەولێر,35,مامۆستا,2796
5060,دیار مەحمود,هەڵەبجە,34,ژمێریار,1624
5061,زانا سەعيد,سۆران,57,گەشەپێدەری سۆفتوێر,2435
5062,هاوڕێ قادر,هەولێر,29,پارێزەر,1132
5063,سۆزان عەبدوڵڵا,هەولێر,54,بازرگان,1736
5064,هەڵکەوت عوسمان,هەولێر,60,ئەندازیار,1663
5065,ژینۆ عوسمان,دهۆک,26,پارێزەر,2753
5066,نیشتمان سۆران,کۆیە,60,وێنەگر,2524
5067,کوردستان عەبدوڵڵا,سۆران,44,مامۆستا,708
5068,نیشتمان ئەحمەد,هەولێر,47,دیزاینەر,2404
5069,کوردستان بابان,ڕانیە,27,گەشەپێدەری سۆفتوێر,3376
5070,کوردستان ئەحمەد,سلێمانی,18,پزیشک,1648
5071,ڕێبین قادر,کەرکووک,28,گەشەپێدەری سۆفتوێر,3177
5072,شێركۆ موكری,ڕانیە,51,وێنەگر,2518
5073,بەرزان جاف,ڕانیە,27,ئەندازیار,844
5074,کوردستان عوسمان,کۆیە,61,ڕۆژنامەنوس,814
5075,شنۆ مەحمود,سلێمانی,46,پزیشک,1729
5076,بەختیار جاف,کەرکووک,54,ژمێریار,3152
5077,ئاری حەسەن,دهۆک,35,ژمێریار,1908
5078,کوردستان قادر,سلێمانی,32,دیزاینەر,3291
5079,کاروان بابان,هەولێر,29,مامۆستا,839
5080,ژیان عوسمان,هەولێر,50,مامۆستا,2255
5081,هەڵکەوت جاف,سلێمانی,52,مامۆستا,3140
5082,بەرزان ئەحمەد,سۆران,34,گەشەپێدەری سۆفتوێر,1469
5083,سۆزان حەسەن,کەرکووک,65,ژمێریار,878
5084,شێركۆ جاف,سۆران,34,پارێزەر,1577
5085,ئاری جاف,ڕانیە,58,پزیشک,1509
5086,تانیا خۆشناو,سۆران,57,ئەندازیار,898
5087,ئاری عومەر,کەرکووک,22,پزیشک,1699
5088,سۆران عوسمان,دهۆک,33,ئەندازیار,2786
5089,بەختیار عوسمان,کەرکووک,39,مامۆستا,1082
5090,نیشتمان گەرمیانی,ڕانیە,42,وێنەگر,882
5091,سارا سۆران,دهۆک,40,ڕۆژنامەنوس,2246
5092,سۆزان عومەر,کۆیە,64,پزیشک,1988
5093,لەنیا قادر,سلێمانی,51,ئەندازیار,3094
5094,نیشتمان سۆران,سلێمانی,41,ڕۆژنامەنوس,1329
5095,سارا گەرمیانی,کۆیە,62,ئەندازیار,1477
5096,هێمن قادر,دهۆک,20,پارێزەر,2496
5097,شێركۆ گەرمیانی,هەڵەبجە,41,وێنەگر,2868
5098,ژینۆ قادر,هەڵەبجە,53,وێنەگر,1001
5099,ژینۆ مەحمود,کۆیە,56,پارێزەر,1195
5100,شنۆ سۆران,سۆران,31,ڕۆژنامەنوس,1813
5101,ژیان ئەحمەد,هەولێر,65,گەشەپێدەری سۆفتوێر,581
5102,بەرزان بابان,ڕانیە,49,پزیشک,3181
5103,شێركۆ گەرمیانی,سۆران,40,بازرگان,2238
5104,شێركۆ ئەحمەد,کۆیە,47,دیزاینەر,1015
5105,تارا عوسمان,دهۆک,57,دیزاینەر,1206
5106,هاوڕێ كەریم,هەڵەبجە,64,دیزاینەر,1003
5107,ئاری ئەحمەد,کەرکووک,57,ئەندازیار,2001
5108,ژینۆ بابان,دهۆک,32,بازرگان,2369
5109,پشتیوان عوسمان,سلێمانی,39,پارێزەر,1386
5110,بەختیار بابان,ڕانیە,47,وێنەگر,2204
5111,ژیان سەعيد,کەرکووک,52,ئەندازیار,407
5112,نیشتمان ئەحمەد,کۆیە,40,بازرگان,2932
5113,زانا خۆشناو,هەولێر,40,بازرگان,3043
5114,شێركۆ عەبدوڵڵا,کەرکووک,48,وێنەگر,701
5115,زانا مەنگوڕی,سۆران,28,وێنەگر,3170
5116,هێمن سۆران,کەرکووک,59,پزیشک,3275
5117,سۆران عومەر,کۆیە,49,ڕۆژنامەنوس,400
5118,ژیان موكری,ڕانیە,43,دیزاینەر,616
5119,هاوڕێ حەسەن,دهۆک,57,دیزاینەر,1322
5120,هەڵکەوت گەرمیانی,دهۆک,23,دیزاینەر,3425
5121,کوردستان مەحمود,هەولێر,22,پزیشک,1398
5122,سۆران عومەر,دهۆک,36,گەشەپێدەری سۆفتوێر,1578
5123,بەختیار عوسمان,کۆیە,39,دیزاینەر,3342
5124,تانیا ئەحمەد,سلێمانی,50,ڕۆژنامەنوس,2443
5125,ژینۆ مەنگوڕی,ڕانیە,21,پارێزەر,2009
5126,سۆزان خۆشناو,دهۆک,60,پارێزەر,2460
5127,نیشتمان خۆشناو,هەولێر,48,دیزاینەر,592
5128,هەڵکەوت ئەحمەد,سلێمانی,48,ئەندازیار,3229
5129,ژینۆ موكری,سلێمانی,48,گەشەپێدەری سۆفتوێر,2859
5130,بەرزان عەبدوڵڵا,کۆیە,38,بازرگان,1188
5131,کۆسار عومەر,کەرکووک,41,دیزاینەر,2416
5132,سۆزان عوسمان,دهۆک,28,ئەندازیار,1879
5133,کوردستان عەبدوڵڵا,کەرکووک,52,مامۆستا,959
5134,زانا موكری,کەرکووک,63,دیزاینەر,3030
5135,ژینۆ كەریم,کەرکووک,25,ڕۆژنامەنوس,3131
5136,پشتیوان ئەحمەد,کۆیە,19,پزیشک,2007
5137,سارا موكری,هەولێر,51,ئەندازیار,614
5138,بەرزان عوسمان,هەڵەبجە,44,گەشەپێدەری سۆفتوێر,670
5139,شێركۆ مەحمود,سۆران,34,پزیشک,2304
5140,ژیان سۆران,ڕانیە,27,دیزاینەر,3180
5141,سۆران گەرمیانی,کۆیە,43,پزیشک,3348
5142,هەڵکەوت سەعيد,سۆران,30,بازرگان,1214
5143,دیار گەرمیانی,هەولێر,40,گەشەپێدەری سۆفتوێر,2436
5144,ژیان عومەر,سۆران,22,بازرگان,2756
5145,هاوڕێ مەحمود,ڕانیە,35,گەشەپێدەری سۆفتوێر,826
5146,شێركۆ ئەحمەد,ڕانیە,59,دیزاینەر,2484
5147,دیار حەسەن,کەرکووک,36,ڕۆژنامەنوس,675
5148,لەنیا بابان,کۆیە,36,ژمێریار,1894
5149,کاروان سەعيد,کەرکووک,52,دیزاینەر,1246
5150,دیار عومەر,ڕانیە,42,ڕۆژنامەنوس,3387
5151,بەرزان بابان,کۆیە,32,بازرگان,2887
5152,شنۆ موكری,سۆران,33,پزیشک,2138
5153,دیار عوسمان,دهۆک,58,مامۆستا,2244
5154,بەرزان كەریم,هەڵەبجە,53,دیزاینەر,646
5155,ژیان گەرمیانی,هەڵەبجە,39,گەشەپێدەری سۆفتوێر,2016
5156,نیشتمان حەسەن,کەرکووک,59,پزیشک,2665
5157,سارا سەعيد,سۆران,33,بازرگان,1252
5158,دیار عومەر,ڕانیە,56,مامۆستا,1123
5159,کاروان سۆران,ڕانیە,31,پارێزەر,2215
5160,کاروان عەبدوڵڵا,کۆیە,36,وێنەگر,2352
5161,بەرزان حەسەن,کەرکووک,37,مامۆستا,783
5162,ژینۆ جاف,هەولێر,19,وێنەگر,2339
5163,زانا عوسمان,هەولێر,25,ئەندازیار,2296
5164,کۆسار سۆران,هەڵەبجە,46,بازرگان,536
5165,ژینۆ حەسەن,کەرکووک,41,بازرگان,3483
5166,هێمن عومەر,سۆران,56,ژمێریار,545
5167,ئاری عوسمان,هەڵەبجە,45,بازرگان,1225
5168,تارا سۆران,ڕانیە,44,وێنەگر,1357
5169,ژیان عومەر,هەولێر,19,مامۆستا,2762
5170,ژینۆ حەسەن,دهۆک,44,وێنەگر,1217
5171,هێمن عومەر,سۆران,44,وێنەگر,2817
5172,هەڵکەوت جاف,ڕانیە,20,وێنەگر,2030
5173,تانیا گەرمیانی,سۆران,32,ئەندازیار,1957
5174,تانیا مەنگوڕی,سۆران,46,ئەندازیار,592
5175,سۆران عومەر,ڕانیە,21,مامۆستا,906
5176,شنۆ بابان,کەرکووک,34,وێنەگر,550
5177,کوردستان ئەحمەد,سلێمانی,31,وێنەگر,2846
5178,شنۆ جاف,سۆران,60,گەشەپێدەری سۆفتوێر,2534
5179,شێركۆ ئەحمەد,سلێمانی,20,ئەندازیار,2251
5180,ئاری قادر,کۆیە,35,پزیشک,759
5181,تانیا مەحمود,هەولێر,35,مامۆستا,3304
5182,زانا مەحمود,هەولێر,46,ڕۆژنامەنوس,2165
5183,سۆزان سەعيد,دهۆک,39,مامۆستا,703
5184,بەرزان موكری,هەولێر,44,پزیشک,1147
5185,سۆزان كەریم,کەرکووک,45,دیزاینەر,2744
5186,بەرزان مەحمود,کەرکووک,55,دیزاینەر,1423
5187,ژیان مەحمود,سۆران,28,بازرگان,1994
5188,هاوڕێ خۆشناو,ڕانیە,44,دیزاینەر,2436
5189,تارا مەحمود,هەولێر,32,دیزاینەر,2337
5190,بەرزان موكری,ڕانیە,28,پزیشک,1873
5191,کوردستان مەحمود,ڕانیە,52,ئەندازیار,1489
5192,ژینۆ ئەحمەد,ڕانیە,20,ئەندازیار,1743
5193,هاوڕێ قادر,سۆران,32,ڕۆژنامەنوس,3446
5194,ئاری حەسەن,کۆیە,34,گەشەپێدەری سۆفتوێر,3164
5195,هاوڕێ سەعيد,سلێمانی,57,گەشەپێدەری سۆفتوێر,1561
5196,لەنیا عومەر,سۆران,38,ڕۆژنامەنوس,2651
5197,سۆران گەرمیانی,سلێمانی,30,ژمێریار,3332
5198,ڕێبین ئەحمەد,سلێمانی,25,ڕۆژنامەنوس,1245
5199,کۆسار عوسمان,ڕانیە,23,وێنەگر,738
5200,ئاری عەبدوڵڵا,سۆران,60,بازرگان,3409
5201,سۆران مەحمود,هەولێر,60,وێنەگر,899
5202,لەنیا عوسمان,سۆران,20,بازرگان,980
5203,زانا موكری,کەرکووک,39,پزیشک,2258
5204,پشتیوان كەریم,هەڵەبجە,27,گەشەپێدەری سۆفتوێر,3162
5205,تانیا جاف,دهۆک,65,گەشەپێدەری سۆفتوێر,2135
5206,شنۆ جاف,هەولێر,60,وێنەگر,995
5207,سۆزان عومەر,ڕانیە,51,ئەندازیار,2952
5208,ژیان بابان,سلێمانی,45,دیزاینەر,3211
5209,سۆران عومەر,دهۆک,26,ڕۆژنامەنوس,1736
5210,پشتیوان عەبدوڵڵا,هەڵەبجە,18,پارێزەر,1381
5211,کۆسار موكری,سۆران,37,ژمێریار,3272
5212,سۆران عوسمان,سلێمانی,30,دیزاینەر,642
5213,پشتیوان مەنگوڕی,کۆیە,52,ڕۆژنامەنوس,600
5214,تانیا عوسمان,سلێمانی,44,ئەندازیار,402
5215,هەڵکەوت سەعيد,هەڵەبجە,61,بازرگان,2134
5216,هێمن خۆشناو,هەولێر,28,دیزاینەر,3044
5217,ژیان جاف,هەڵەبجە,34,پارێزەر,1029
5218,نیشتمان موكری,هەڵەبجە,26,مامۆستا,2259
5219,کۆسار موكری,هەولێر,20,دیزاینەر,641
5220,هاوڕێ عومەر,هەولێر,56,گەشەپێدەری سۆفتوێر,3294
5221,ئاری عەبدوڵڵا,سۆران,26,گەشەپێدەری سۆفتوێر,2039
5222,سۆزان سۆران,هەولێر,65,پزیشک,809
5223,تارا سەعيد,هەڵەبجە,53,بازرگان,1041
5224,کاروان قادر,ڕانیە,64,بازرگان,574
5225,ئاری ئەحمەد,سۆران,30,گەشەپێدەری سۆفتوێر,1863
5226,کاروان حەسەن,کۆیە,45,پارێزەر,2698
5227,سۆران موكری,سۆران,46,دیزاینەر,3456
5228,تانیا مەنگوڕی,ڕانیە,39,بازرگان,3431
5229,کۆسار سەعيد,کەرکووک,57,ڕۆژنامەنوس,2684
5230,شنۆ حەسەن,دهۆک,58,بازرگان,1939
5231,پشتیوان سۆران,سلێمانی,31,وێنەگر,2250
5232,هاوڕێ سەعيد,دهۆک,50,بازرگان,1405
5233,شێركۆ عەبدوڵڵا,هەڵەبجە,52,ژمێریار,1039
5234,ژینۆ كەریم,کەرکووک,63,پزیشک,3136
5235,زانا مەنگوڕی,سۆران,39,گەشەپێدەری سۆفتوێر,1140
5236,کاروان بابان,کۆیە,26,ژمێریار,722
5237,کاروان قادر,کۆیە,47,پارێزەر,2050
5238,هەڵکەوت ئەحمەد,کۆیە,35,دیزاینەر,3269
5239,ژینۆ موكری,دهۆک,65,ئەندازیار,2858
5240,ڕێبین جاف,دهۆک,38,پزیشک,2287
5241,کاروان مەنگوڕی,هەولێر,22,ئەندازیار,3225
5242,تانیا جاف,دهۆک,36,بازرگان,1327
5243,نیشتمان جاف,هەڵەبجە,55,ژمێریار,1373
5244,هەڵکەوت سۆران,هەڵەبجە,29,پارێزەر,3475
5245,تارا موكری,کۆیە,54,مامۆستا,2201
5246,لەنیا موكری,هەڵەبجە,21,پارێزەر,3060
5247,کوردستان قادر,هەڵەبجە,57,دیزاینەر,2454
5248,دیار مەنگوڕی,ڕانیە,64,ژمێریار,3088
5249,شنۆ عوسمان,دهۆک,37,پزیشک,2251
5250,سارا موكری,دهۆک,35,دیزاینەر,2329
5251,سۆران سەعيد,سلێمانی,28,ئەندازیار,1805
5252,ئاری ئەحمەد,سۆران,46,وێنەگر,1531
5253,تارا عومەر,دهۆک,53,مامۆستا,1897
5254,ژینۆ عەبدوڵڵا,ڕانیە,46,دیزاینەر,1345
5255,سارا گەرمیانی,دهۆک,28,پارێزەر,2270
5256,تانیا سۆران,ڕانیە,40,ڕۆژنامەنوس,3022
5257,کاروان مەحمود,سلێمانی,48,ئەندازیار,408
5258,دیار حەسەن,دهۆک,53,دیزاینەر,2441
5259,ئاری خۆشناو,هەڵەبجە,57,پارێزەر,1611
5260,سارا موكری,کۆیە,26,پارێزەر,2453
5261,شنۆ قادر,ڕانیە,31,ژمێریار,3172
5262,پشتیوان ئەحمەد,سلێمانی,28,ژمێریار,956
5263,لەنیا حەسەن,سلێمانی,28,ڕۆژنامەنوس,2347
5264,بەختیار بابان,سلێمانی,25,وێنەگر,829
5265,شێركۆ گەرمیانی,سۆران,32,ژمێریار,1804
5266,ژیان خۆشناو,هەولێر,47,وێنەگر,3075
5267,کوردستان سەعيد,هەولێر,54,پارێزەر,2367
5268,شنۆ قادر,هەڵەبجە,54,پزیشک,1740
5269,سارا خۆشناو,کەرکووک,49,مامۆستا,3194
5270,بەرزان ئەحمەد,هەولێر,21,ژمێریار,1449
5271,کۆسار عوسمان,سلێمانی,65,بازرگان,1046
5272,ژیان مەحمود,هەولێر,22,وێنەگر,1481
5273,سۆران حەسەن,هەولێر,31,وێنەگر,2608
5274,پشتیوان گەرمیانی,ڕانیە,35,ژمێریار,1230
5275,ژینۆ مەنگوڕی,هەڵەبجە,47,وێنەگر,1436
5276,پشتیوان گەرمیانی,کۆیە,30,وێنەگر,1405
5277,بەرزان ئەحمەد,دهۆک,20,پارێزەر,2695
5278,هەڵکەوت ئەحمەد,دهۆک,26,پارێزەر,535
5279,زانا عەبدوڵڵا,سلێمانی,41,ئەندازیار,3274
5280,سۆزان موكری,سلێمانی,27,ئەندازیار,3373
5281,هاوڕێ خۆشناو,ڕانیە,30,گەشەپێدەری سۆفتوێر,1934
5282,نیشتمان مەحمود,هەڵەبجە,20,ژمێریار,1913
5283,کاروان مەنگوڕی,هەڵەبجە,29,گەشەپێدەری سۆفتوێر,1499
5284,زانا عەبدوڵڵا,کۆیە,37,ژمێریار,2739
5285,کۆسار خۆشناو,ڕانیە,33,وێنەگر,665
5286,سۆزان گەرمیانی,کۆیە,50,ژمێریار,2941
5287,دیار سۆران,سۆران,38,پارێزەر,1007
5288,ژیان جاف,هەڵەبجە,51,ڕۆژنامەنوس,1371
5289,زانا مەحمود,کەرکووک,22,وێنەگر,2502
5290,تارا كەریم,سلێمانی,52,ژمێریار,1609
5291,نیشتمان قادر,دهۆک,57,ئەندازیار,2669
5292,نیشتمان عوسمان,سۆران,55,بازرگان,574
5293,تارا عومەر,هەولێر,45,گەشەپێدەری سۆفتوێر,2623
5294,سارا سۆران,هەولێر,59,وێنەگر,2261
5295,کاروان قادر,کەرکووک,57,مامۆستا,3150
5296,تانیا سەعيد,کۆیە,40,بازرگان,2059
5297,کۆسار موكری,دهۆک,57,بازرگان,1404
5298,لەنیا كەریم,هەڵەبجە,65,ڕۆژنامەنوس,1114
5299,کۆسار عومەر,دهۆک,48,پارێزەر,1613
5300,پشتیوان مەنگوڕی,دهۆک,23,پزیشک,1659
5301,ژیان گەرمیانی,کۆیە,63,مامۆستا,2191
5302,پشتیوان عومەر,دهۆک,47,مامۆستا,2557
5303,ئاری كەریم,هەڵەبجە,27,بازرگان,2984
5304,سۆزان عوسمان,ڕانیە,19,گەشەپێدەری سۆفتوێر,2887
5305,کۆسار قادر,سلێمانی,48,وێنەگر,520
5306,زانا گەرمیانی,کەرکووک,31,دیزاینەر,1025
5307,شنۆ عومەر,ڕانیە,21,دیزاینەر,1031
5308,سۆران قادر,کەرکووک,40,گەشەپێدەری سۆفتوێر,1402
5309,دیار عەبدوڵڵا,هەڵەبجە,62,پارێزەر,2030
5310,نیشتمان ئەحمەد,ڕانیە,41,ئەندازیار,2554
5311,پشتیوان موكری,ڕانیە,60,دیزاینەر,2851
5312,هاوڕێ گەرمیانی,سلێمانی,19,ئەندازیار,522
5313,شنۆ خۆشناو,کەرکووک,33,وێنەگر,681
5314,تارا خۆشناو,کۆیە,58,دیزاینەر,1825
5315,لەنیا موكری,کەرکووک,23,مامۆستا,2316
5316,نیشتمان مەحمود,کەرکووک,58,ژمێریار,1139
5317,نیشتمان قادر,هەولێر,52,دیزاینەر,3305
5318,دیار بابان,کەرکووک,57,پزیشک,1121
5319,ژیان كەریم,دهۆک,32,بازرگان,1923
5320,شنۆ بابان,سلێمانی,51,دیزاینەر,3037
5321,بەرزان عوسمان,دهۆک,20,پارێزەر,819
5322,دیار عوسمان,هەولێر,25,ڕۆژنامەنوس,931
5323,هاوڕێ سۆران,سۆران,51,گەشەپێدەری سۆفتوێر,848
5324,شنۆ عوسمان,سۆران,27,گەشەپێدەری سۆفتوێر,1326
5325,بەختیار خۆشناو,هەڵەبجە,35,ژمێریار,2825
5326,تانیا سەعيد,سلێمانی,54,پارێزەر,3347
5327,هاوڕێ حەسەن,دهۆک,33,ژمێریار,487
5328,شنۆ عوسمان,ڕانیە,25,پارێزەر,1152
5329,نیشتمان جاف,هەولێر,60,بازرگان,3379
5330,سۆزان عومەر,دهۆک,48,ڕۆژنامەنوس,1577
5331,ژینۆ كەریم,کەرکووک,48,ئەندازیار,1497
5332,سارا قادر,هەڵەبجە,47,وێنەگر,1464
5333,لەنیا عوسمان,کۆیە,42,گەشەپێدەری سۆفتوێر,1456
5334,سۆران جاف,هەولێر,61,دیزاینەر,710
5335,نیشتمان سەعيد,کەرکووک,21,ژمێریار,507
5336,کاروان جاف,دهۆک,25,ڕۆژنامەنوس,2105
5337,هەڵکەوت عەبدوڵڵا,هەولێر,18,پارێزەر,553
5338,هاوڕێ مەحمود,کەرکووک,24,گەشەپێدەری سۆفتوێر,1392
5339,بەرزان كەریم,هەولێر,20,بازرگان,1319
5340,لەنیا سۆران,هەڵەبجە,65,ئەندازیار,2848
5341,تانیا سۆران,کۆیە,29,بازرگان,1609
5342,ژیان جاف,سۆران,41,ئەندازیار,2224
5343,سارا خۆشناو,ڕانیە,63,پزیشک,1052
5344,ئاری خۆشناو,سۆران,39,پزیشک,1166
5345,هێمن جاف,هەولێر,63,ئەندازیار,769
5346,ئاری كەریم,کەرکووک,55,پارێزەر,2433
5347,سۆزان عەبدوڵڵا,سۆران,42,دیزاینەر,666
5348,بەرزان عوسمان,کۆیە,22,ژمێریار,719
5349,ژیان گەرمیانی,هەولێر,51,پارێزەر,3328
5350,شێركۆ ئەحمەد,هەڵەبجە,29,پارێزەر,1221
5351,سۆران حەسەن,هەڵەبجە,58,بازرگان,2993
5352,ژینۆ مەنگوڕی,سلێمانی,50,گەشەپێدەری سۆفتوێر,2814
5353,کوردستان بابان,هەولێر,27,ژمێریار,3381
5354,زانا عوسمان,کۆیە,57,مامۆستا,448
5355,سارا گەرمیانی,هەولێر,61,پارێزەر,2448
5356,دیار بابان,کەرکووک,18,گەشەپێدەری سۆفتوێر,2466
5357,شنۆ عەبدوڵڵا,دهۆک,38,پارێزەر,1260
5358,زانا حەسەن,سۆران,43,دیزاینەر,3099
5359,بەرزان حەسەن,ڕانیە,45,وێنەگر,564
5360,تارا سەعيد,ڕانیە,30,مامۆستا,1199
5361,کوردستان موكری,سۆران,58,گەشەپێدەری سۆفتوێر,2782
5362,کاروان بابان,کۆیە,62,ڕۆژنامەنوس,1895
5363,بەختیار بابان,سلێمانی,47,گەشەپێدەری سۆفتوێر,682
5364,ڕێبین مەحمود,کۆیە,37,گەشەپێدەری سۆفتوێر,1089
5365,کاروان ئەحمەد,سلێمانی,30,ئەندازیار,3138
5366,سۆزان قادر,هەولێر,57,پزیشک,1985
5367,لەنیا عەبدوڵڵا,کەرکووک,58,ڕۆژنامەنوس,3149
5368,کوردستان حەسەن,هەڵەبجە,30,پارێزەر,1099
5369,هاوڕێ مەنگوڕی,کەرکووک,32,پارێزەر,765
5370,تانیا موكری,کۆیە,30,دیزاینەر,832
5371,سۆران كەریم,دهۆک,35,دیزاینەر,3269
5372,نیشتمان موكری,هەولێر,26,ئەندازیار,1430
5373,دیار جاف,هەڵەبجە,35,ژمێریار,1032
5374,تانیا قادر,دهۆک,22,پزیشک,3282
5375,سۆزان عەبدوڵڵا,کۆیە,38,وێنەگر,3003
5376,تانیا جاف,کۆیە,42,مامۆستا,2302
5377,بەرزان خۆشناو,دهۆک,61,ئەندازیار,3061
5378,هاوڕێ گەرمیانی,ڕانیە,46,گەشەپێدەری سۆفتوێر,2447
5379,پشتیوان مەنگوڕی,هەولێر,22,مامۆستا,3171
5380,سۆران بابان,هەڵەبجە,58,ژمێریار,608
5381,هێمن خۆشناو,هەڵەبجە,47,گەشەپێدەری سۆفتوێر,3211
5382,نیشتمان خۆشناو,کەرکووک,27,بازرگان,1650
5383,هێمن سۆران,سۆران,35,بازرگان,2193
5384,هەڵکەوت بابان,کۆیە,54,وێنەگر,1481
5385,نیشتمان مەنگوڕی,کەرکووک,57,وێنەگر,1829
5386,تارا سەعيد,سۆران,46,دیزاینەر,928
5387,کۆسار جاف,کەرکووک,27,وێنەگر,560
5388,ئاری بابان,کەرکووک,65,وێنەگر,2468
5389,ڕێبین خۆشناو,هەڵەبجە,36,پارێزەر,2738
5390,ژیان حەسەن,کەرکووک,63,مامۆستا,2978
5391,لەنیا موكری,دهۆک,47,گەشەپێدەری سۆفتوێر,1574
5392,ژیان عەبدوڵڵا,کۆیە,37,پزیشک,2192
5393,سۆزان عومەر,سۆران,63,پارێزەر,1220
5394,بەختیار عومەر,سۆران,45,پارێزەر,1161
5395,تارا عەبدوڵڵا,هەولێر,26,بازرگان,3377
5396,پشتیوان سەعيد,کەرکووک,54,مامۆستا,2480
5397,دیار عەبدوڵڵا,دهۆک,62,گەشەپێدەری سۆفتوێر,686
5398,شێركۆ عوسمان,هەڵەبجە,18,دیزاینەر,2134
5399,هاوڕێ عەبدوڵڵا,هەڵەبجە,25,مامۆستا,1320
5400,تارا عوسمان,سۆران,58,ئەندازیار,1681
5401,هێمن خۆشناو,دهۆک,49,ئەندازیار,564
5402,کاروان جاف,هەڵەبجە,60,مامۆستا,2234
5403,ئاری جاف,دهۆک,44,ڕۆژنامەنوس,1381
5404,بەرزان خۆشناو,سلێمانی,28,مامۆستا,433
5405,سۆران موكری,سۆران,23,وێنەگر,2377
5406,بەختیار ئەحمەد,هەولێر,21,گەشەپێدەری سۆفتوێر,1721
5407,ئاری گەرمیانی,هەڵەبجە,30,مامۆستا,2053
5408,کوردستان مەحمود,هەڵەبجە,45,مامۆستا,454
5409,هەڵکەوت كەریم,دهۆک,18,وێنەگر,3350
5410,شنۆ موكری,کۆیە,51,پارێزەر,675
5411,پشتیوان عوسمان,دهۆک,65,پزیشک,2418
5412,هەڵکەوت مەحمود,هەڵەبجە,38,وێنەگر,927
5413,کوردستان گەرمیانی,هەڵەبجە,36,وێنەگر,2895
5414,پشتیوان سەعيد,هەڵەبجە,41,ژمێریار,991
5415,لەنیا سەعيد,کەرکووک,43,پارێزەر,2105
5416,تانیا بابان,هەڵەبجە,55,مامۆستا,2695
5417,نیشتمان حەسەن,سلێمانی,63,پارێزەر,3210
5418,هێمن سەعيد,دهۆک,60,مامۆستا,2884
5419,کاروان مەحمود,کۆیە,55,ڕۆژنامەنوس,3418
5420,لەنیا جاف,هەولێر,52,دیزاینەر,1120
5421,کوردستان ئەحمەد,سلێمانی,18,گەشەپێدەری سۆفتوێر,1576
5422,سۆزان عوسمان,کۆیە,29,ژمێریار,3006
5423,سارا ئەحمەد,دهۆک,56,ڕۆژنامەنوس,3343
5424,ئاری عوسمان,هەولێر,19,پارێزەر,1579
5425,زانا مەحمود,سۆران,64,مامۆستا,1352
5426,زانا قادر,ڕانیە,43,پارێزەر,848
5427,زانا مەحمود,دهۆک,20,وێنەگر,1172
5428,لەنیا جاف,هەڵەبجە,51,پزیشک,1492
5429,کوردستان حەسەن,کۆیە,28,وێنەگر,2030
5430,ژیان گەرمیانی,هەڵەبجە,47,پزیشک,3036
5431,لەنیا عوسمان,کۆیە,49,وێنەگر,1790
5432,زانا ئەحمەد,هەولێر,64,وێنەگر,643
5433,زانا سۆران,هەولێر,30,دیزاینەر,3348
5434,سۆزان عەبدوڵڵا,سۆران,37,گەشەپێدەری سۆفتوێر,3228
5435,سارا مەنگوڕی,هەڵەبجە,62,پزیشک,2349
5436,هاوڕێ موكری,سلێمانی,28,ئەندازیار,797
5437,هێمن ئەحمەد,هەڵەبجە,21,ژمێریار,1554
5438,هاوڕێ ئەحمەد,دهۆک,51,دیزاینەر,633
5439,تارا خۆشناو,سۆران,65,دیزاینەر,3438
5440,کوردستان سەعيد,هەڵەبجە,65,گەشەپێدەری سۆفتوێر,1306
5441,لەنیا گەرمیانی,دهۆک,23,گەشەپێدەری سۆفتوێر,1852
5442,دیار عەبدوڵڵا,سۆران,34,ژمێریار,2742
5443,هێمن موكری,کۆیە,54,ژمێریار,1618
5444,دیار عوسمان,ڕانیە,24,وێنەگر,3411
5445,شێركۆ جاف,کەرکووک,57,دیزاینەر,1386
5446,کۆسار جاف,هەولێر,36,بازرگان,1771
5447,نیشتمان خۆشناو,ڕانیە,35,بازرگان,3484
5448,ژیان خۆشناو,سۆران,58,ئەندازیار,2444
5449,سۆران كەریم,سۆران,41,ژمێریار,3223
5450,ئاری موكری,سۆران,54,پارێزەر,2477
5451,بەختیار عەبدوڵڵا,هەڵەبجە,58,مامۆستا,484
5452,سارا موكری,سۆران,39,پارێزەر,2320
5453,زانا قادر,کۆیە,49,پزیشک,2564
5454,لەنیا كەریم,کۆیە,30,پارێزەر,629
5455,زانا قادر,هەڵەبجە,64,دیزاینەر,467
5456,سۆران جاف,دهۆک,43,گەشەپێدەری سۆفتوێر,545
5457,بەختیار عوسمان,هەولێر,59,مامۆستا,1453
5458,لەنیا عوسمان,هەولێر,51,دیزاینەر,2151
5459,هاوڕێ عوسمان,هەولێر,21,گەشەپێدەری سۆفتوێر,2684
5460,ڕێبین سۆران,سۆران,49,ئەندازیار,707
5461,سارا بابان,هەولێر,35,مامۆستا,2550
5462,سارا موكری,ڕانیە,65,مامۆستا,2037
5463,ئاری مەحمود,سلێمانی,23,بازرگان,2418
5464,لەنیا گەرمیانی,دهۆک,50,ژمێریار,2642
5465,بەرزان جاف,کەرکووک,55,دیزاینەر,473
5466,سارا عومەر,سۆران,35,پزیشک,1177
5467,سۆران قادر,کۆیە,61,پارێزەر,1516
5468,هەڵکەوت حەسەن,کەرکووک,46,ڕۆژنامەنوس,1720
5469,دیار خۆشناو,سلێمانی,19,مامۆستا,3428
5470,لەنیا قادر,سلێمانی,52,وێنەگر,2099
5471,ڕێبین ئەحمەد,هەڵەبجە,19,ئەندازیار,2158
5472,سۆران قادر,دهۆک,23,پزیشک,1735
5473,لەنیا گەرمیانی,هەڵەبجە,51,وێنەگر,2135
5474,تانیا حەسەن,ڕانیە,40,پزیشک,2907
5475,نیشتمان سۆران,سۆران,56,ڕۆژنامەنوس,1708
5476,سارا عوسمان,دهۆک,25,گەشەپێدەری سۆفتوێر,1245
5477,ئاری مەحمود,کەرکووک,18,پزیشک,2087
5478,کوردستان بابان,کەرکووک,65,بازرگان,1624
5479,کۆسار مەحمود,سلێمانی,23,پارێزەر,2576
5480,کوردستان عومەر,سلێمانی,18,پارێزەر,662
5481,سارا بابان,هەڵەبجە,36,بازرگان,1255
5482,ژیان جاف,هەولێر,26,ئەندازیار,1597
5483,بەختیار سۆران,دهۆک,61,ئەندازیار,2044
5484,شنۆ موكری,هەولێر,24,ژمێریار,2016
5485,لەنیا موكری,هەڵەبجە,50,ژمێریار,2773
5486,پشتیوان عوسمان,کۆیە,47,دیزاینەر,2253
5487,ئاری كەریم,سۆران,61,دیزاینەر,2165
5488,شنۆ ئەحمەد,هەڵەبجە,35,پزیشک,2787
5489,پشتیوان بابان,کۆیە,58,پارێزەر,1251
5490,کاروان عومەر,کەرکووک,18,گەشەپێدەری سۆفتوێر,1980
5491,کۆسار حەسەن,کەرکووک,62,ژمێریار,1154
5492,سارا عەبدوڵڵا,سلێمانی,61,ئەندازیار,2080
5493,ڕێبین ئەحمەد,کۆیە,36,بازرگان,692
5494,ڕێبین حەسەن,سۆران,39,بازرگان,2708
5495,ژیان عەبدوڵڵا,ڕانیە,39,مامۆستا,1627
5496,کۆسار حەسەن,ڕانیە,63,ئەندازیار,1723
5497,تانیا عەبدوڵڵا,سۆران,28,ئەندازیار,1059
5498,هەڵکەوت جاف,کەرکووک,35,ئەندازیار,615
5499,نیشتمان قادر,کۆیە,59,گەشەپێدەری سۆفتوێر,2739
5500,سۆران خۆشناو,ڕانیە,28,ڕۆژنامەنوس,2349
5501,بەختیار مەنگوڕی,هەولێر,25,دیزاینەر,800
5502,سۆران مەحمود,سۆران,31,ئەندازیار,2592
5503,ژیان سەعيد,سۆران,51,پزیشک,2547
5504,ژیان مەحمود,کۆیە,53,ئەندازیار,1713
5505,ڕێبین قادر,سلێمانی,27,دیزاینەر,1487
5506,تانیا عومەر,دهۆک,49,پزیشک,1106
5507,سۆران عەبدوڵڵا,سلێمانی,42,بازرگان,2573
5508,کۆسار موكری,ڕانیە,57,وێنەگر,2122
5509,سۆران سەعيد,کەرکووک,61,وێنەگر,1689
5510,کاروان سۆران,سۆران,45,پزیشک,2788
5511,کۆسار مەنگوڕی,هەولێر,21,ڕۆژنامەنوس,1448
5512,هاوڕێ سۆران,دهۆک,59,ئەندازیار,2182
5513,هێمن عەبدوڵڵا,ڕانیە,22,گەشەپێدەری سۆفتوێر,3133
5514,کۆسار مەنگوڕی,کەرکووک,47,مامۆستا,3080
5515,لەنیا عوسمان,سۆران,36,مامۆستا,1131
5516,نیشتمان ئەحمەد,هەولێر,65,دیزاینەر,769
5517,بەرزان قادر,هەڵەبجە,24,پارێزەر,473
5518,پشتیوان ئەحمەد,سۆران,29,ئەندازیار,2445
5519,شنۆ عومەر,کۆیە,34,گەشەپێدەری سۆفتوێر,763
5520,شنۆ مەحمود,کەرکووک,25,وێنەگر,1701
5521,تارا خۆشناو,سۆران,50,ڕۆژنامەنوس,2780
5522,پشتیوان خۆشناو,کۆیە,38,پارێزەر,1375
5523,زانا عەبدوڵڵا,کەرکووک,35,پارێزەر,689
5524,تارا حەسەن,کەرکووک,40,ژمێریار,2238
5525,هەڵکەوت بابان,کۆیە,45,ژمێریار,2377
5526,لەنیا قادر,هەولێر,30,پارێزەر,2905
5527,هاوڕێ كەریم,هەولێر,47,ئەندازیار,790
5528,ژینۆ جاف,کەرکووک,52,ڕۆژنامەنوس,1670
5529,سۆزان خۆشناو,کەرکووک,35,وێنەگر,573
5530,کاروان حەسەن,کەرکووک,45,ڕۆژنامەنوس,3111
5531,لەنیا خۆشناو,دهۆک,41,پزیشک,1667
5532,ئاری ئەحمەد,کۆیە,29,مامۆستا,2313
5533,شنۆ جاف,سلێمانی,42,مامۆستا,3320
5534,ڕێبین عەبدوڵڵا,کۆیە,48,وێنەگر,2789
5535,شنۆ جاف,سۆران,45,ژمێریار,3286
5536,شێركۆ گەرمیانی,هەڵەبجە,59,گەشەپێدەری سۆفتوێر,2908
5537,لەنیا جاف,کەرکووک,34,ئەندازیار,1702
5538,سارا بابان,ڕانیە,42,پارێزەر,3156
5539,سۆران حەسەن,کۆیە,28,بازرگان,766
5540,کۆسار سۆران,سلێمانی,53,مامۆستا,1929
5541,سارا جاف,ڕانیە,18,گەشەپێدەری سۆفتوێر,1822
5542,ژیان حەسەن,هەڵەبجە,38,وێنەگر,2666
5543,ژینۆ جاف,دهۆک,50,پزیشک,762
5544,کوردستان عومەر,دهۆک,31,ژمێریار,2079
5545,نیشتمان سەعيد,کۆیە,60,گەشەپێدەری سۆفتوێر,2609
5546,کۆسار عوسمان,هەولێر,20,وێنەگر,3432
5547,سارا عەبدوڵڵا,کەرکووک,37,ژمێریار,1163
5548,لەنیا ئەحمەد,کەرکووک,21,بازرگان,2504
5549,دیار قادر,سۆران,56,پارێزەر,2417
5550,ژیان سۆران,هەولێر,49,مامۆستا,2478
5551,ڕێبین عوسمان,ڕانیە,46,پارێزەر,2254
5552,سۆزان قادر,ڕانیە,19,بازرگان,2728
5553,هاوڕێ سەعيد,کۆیە,19,ئەندازیار,2843
5554,بەختیار جاف,دهۆک,36,مامۆستا,1405
5555,سۆران عومەر,هەولێر,27,ئەندازیار,710
5556,ڕێبین مەحمود,کۆیە,24,ڕۆژنامەنوس,2074
5557,هەڵکەوت حەسەن,هەولێر,53,ئەندازیار,711
5558,نیشتمان حەسەن,کۆیە,28,مامۆستا,1030
5559,ئاری عومەر,ڕانیە,24,گەشەپێدەری سۆفتوێر,1530
5560,ژیان جاف,کەرکووک,49,پارێزەر,3496
5561,نیشتمان كەریم,سلێمانی,36,مامۆستا,2173
5562,پشتیوان بابان,کەرکووک,62,پزیشک,1548
5563,زانا عومەر,سۆران,50,گەشەپێدەری سۆفتوێر,3215
5564,هەڵکەوت سەعيد,دهۆک,25,ژمێریار,2836
5565,لەنیا عوسمان,هەڵەبجە,20,پارێزەر,2263
5566,ژینۆ خۆشناو,هەڵەبجە,49,ئەندازیار,1260
5567,پشتیوان سۆران,سۆران,42,وێنەگر,3197
5568,ئاری عومەر,هەڵەبجە,22,پزیشک,3061
5569,ڕێبین عومەر,هەڵەبجە,21,پزیشک,2616
5570,لەنیا عەبدوڵڵا,سلێمانی,25,ڕۆژنامەنوس,2233
5571,ژینۆ عومەر,سلێمانی,61,ژمێریار,3209
5572,بەرزان جاف,کۆیە,62,پارێزەر,2275
5573,ژیان عەبدوڵڵا,کۆیە,27,مامۆستا,1423
5574,بەختیار عەبدوڵڵا,سۆران,31,پزیشک,508
5575,شنۆ گەرمیانی,کۆیە,65,پزیشک,453
5576,لەنیا مەحمود,کۆیە,48,پارێزەر,1336
5577,دیار عەبدوڵڵا,هەولێر,42,دیزاینەر,696
5578,کوردستان موكری,کەرکووک,36,بازرگان,1545
5579,دیار كەریم,سۆران,64,پارێزەر,1332
5580,هێمن عوسمان,دهۆک,64,ڕۆژنامەنوس,1933
5581,هاوڕێ بابان,سلێمانی,47,ئەندازیار,948
5582,بەرزان جاف,کەرکووک,34,بازرگان,3172
5583,کوردستان موكری,هەولێر,23,ژمێریار,1902
5584,زانا گەرمیانی,هەڵەبجە,26,وێنەگر,2175
5585,ڕێبین مەحمود,هەولێر,49,دیزاینەر,1590
5586,ژیان عومەر,سلێمانی,56,دیزاینەر,1024
5587,نیشتمان ئەحمەد,سۆران,33,بازرگان,1620
5588,هێمن مەحمود,سلێمانی,47,ژمێریار,2426
5589,دیار كەریم,کەرکووک,55,وێنەگر,948
5590,تارا حەسەن,سلێمانی,42,دیزاینەر,2453
5591,پشتیوان عومەر,سلێمانی,27,بازرگان,1781
5592,لەنیا كەریم,کەرکووک,34,ژمێریار,712
5593,هاوڕێ جاف,دهۆک,35,مامۆستا,513
5594,لەنیا عوسمان,سۆران,45,ڕۆژنامەنوس,2234
5595,تانیا ئەحمەد,هەولێر,36,ڕۆژنامەنوس,2510
5596,نیشتمان ئەحمەد,هەڵەبجە,38,بازرگان,1013
5597,تارا سەعيد,هەڵەبجە,60,وێنەگر,2903
5598,ڕێبین مەحمود,دهۆک,23,گەشەپێدەری سۆفتوێر,3362
5599,بەرزان گەرمیانی,سۆران,20,پزیشک,3177
5600,کاروان ئەحمەد,هەولێر,28,ئەندازیار,2255
5601,کۆسار عوسمان,ڕانیە,30,وێنەگر,1368
5602,لەنیا بابان,کەرکووک,44,ڕۆژنامەنوس,564
5603,هێمن ئەحمەد,دهۆک,25,دیزاینەر,1632
5604,ئاری حەسەن,ڕانیە,38,ئەندازیار,546
5605,زانا سەعيد,ڕانیە,31,ئەندازیار,2665
5606,ژیان سەعيد,هەڵەبجە,58,مامۆستا,3091
5607,بەرزان عوسمان,کەرکووک,45,دیزاینەر,2511
5608,شنۆ گەرمیانی,کۆیە,23,وێنەگر,3074
5609,کۆسار كەریم,دهۆک,38,ژمێریار,2321
5610,ئاری جاف,سلێمانی,63,ڕۆژنامەنوس,1157
5611,شێركۆ عومەر,سلێمانی,19,پزیشک,2643
5612,سارا بابان,هەولێر,46,دیزاینەر,1967
5613,کاروان كەریم,هەولێر,26,بازرگان,1547
5614,بەرزان جاف,کۆیە,43,ڕۆژنامەنوس,1235
5615,نیشتمان عومەر,سلێمانی,34,پزیشک,2299
5616,ڕێبین سۆران,هەڵەبجە,25,گەشەپێدەری سۆفتوێر,810
5617,ژیان حەسەن,هەڵەبجە,23,پارێزەر,2106
5618,ئاری كەریم,کۆیە,46,پزیشک,3338
5619,ئاری قادر,دهۆک,41,گەشەپێدەری سۆفتوێر,2993
5620,دیار مەحمود,سۆران,35,گەشەپێدەری سۆفتوێر,1968
5621,کۆسار عەبدوڵڵا,دهۆک,42,گەشەپێدەری سۆفتوێر,575
5622,شێركۆ ئەحمەد,سلێمانی,24,دیزاینەر,813
5623,سۆران حەسەن,هەولێر,50,ژمێریار,418
5624,سۆزان بابان,کەرکووک,28,پارێزەر,973
5625,دیار عومەر,سۆران,42,وێنەگر,1304
5626,شنۆ جاف,سلێمانی,51,پارێزەر,2397
5627,ژینۆ قادر,سۆران,59,پزیشک,919
5628,تارا عەبدوڵڵا,کەرکووک,46,پارێزەر,2391
5629,زانا حەسەن,دهۆک,63,وێنەگر,1500
5630,ڕێبین قادر,دهۆک,52,پارێزەر,657
5631,پشتیوان مەنگوڕی,ڕانیە,39,ژمێریار,3102
5632,تارا قادر,ڕانیە,50,ژمێریار,531
5633,زانا عومەر,سۆران,58,ئەندازیار,2737
5634,شێركۆ خۆشناو,کەرکووک,33,پارێزەر,1047
5635,کاروان حەسەن,هەڵەبجە,29,گەشەپێدەری سۆفتوێر,2032
5636,پشتیوان خۆشناو,ڕانیە,38,ڕۆژنامەنوس,2751
5637,لەنیا ئەحمەد,سۆران,28,بازرگان,2631
5638,تانیا خۆشناو,دهۆک,24,گەشەپێدەری سۆفتوێر,1020
5639,سۆزان موكری,کۆیە,27,پارێزەر,476
5640,سۆزان جاف,هەڵەبجە,61,وێنەگر,543
5641,بەرزان قادر,کەرکووک,39,پارێزەر,1813
5642,بەرزان خۆشناو,هەڵەبجە,59,گەشەپێدەری سۆفتوێر,2308
5643,ئاری سۆران,سۆران,60,ژمێریار,3017
5644,ئاری مەنگوڕی,ڕانیە,45,گەشەپێدەری سۆفتوێر,653
5645,تانیا مەحمود,سلێمانی,43,مامۆستا,1875
5646,تارا عوسمان,دهۆک,27,گەشەپێدەری سۆفتوێر,1889
5647,بەختیار بابان,هەولێر,45,دیزاینەر,2232
5648,کوردستان عەبدوڵڵا,دهۆک,64,پارێزەر,1769
5649,تارا مەحمود,کەرکووک,63,بازرگان,1267
5650,هێمن مەحمود,کۆیە,58,مامۆستا,2659
5651,کۆسار ئەحمەد,ڕانیە,56,ژمێریار,2788
5652,سارا عوسمان,کۆیە,59,مامۆستا,2328
5653,ئاری عەبدوڵڵا,ڕانیە,49,ژمێریار,1222
5654,سۆران حەسەن,سۆران,40,بازرگان,2394
5655,ژیان ئەحمەد,کۆیە,46,وێنەگر,1874
5656,کاروان قادر,دهۆک,64,پزیشک,587
5657,کۆسار سۆران,سلێمانی,59,پزیشک,1936
5658,تانیا عەبدوڵڵا,دهۆک,51,ڕۆژنامەنوس,2228
5659,لەنیا قادر,سۆران,27,بازرگان,3130
5660,ڕێبین عوسمان,کەرکووک,44,مامۆستا,1979
5661,دیار بابان,کەرکووک,54,پارێزەر,1170
5662,دیار عەبدوڵڵا,دهۆک,35,ڕۆژنامەنوس,3338
5663,شێركۆ مەحمود,هەولێر,36,دیزاینەر,1015
5664,سۆران حەسەن,هەولێر,31,ڕۆژنامەنوس,1331
5665,لەنیا مەنگوڕی,هەڵەبجە,42,پزیشک,3486
5666,شێركۆ عوسمان,هەڵەبجە,23,ڕۆژنامەنوس,690
5667,نیشتمان موكری,ڕانیە,46,مامۆستا,1481
5668,شێركۆ جاف,کەرکووک,51,دیزاینەر,2401
5669,ژینۆ حەسەن,سلێمانی,39,پارێزەر,1650
5670,کۆسار عەبدوڵڵا,کۆیە,18,دیزاینەر,1200
5671,بەختیار گەرمیانی,ڕانیە,62,پزیشک,1615
5672,سۆزان مەنگوڕی,سلێمانی,56,مامۆستا,475
5673,پشتیوان گەرمیانی,هەڵەبجە,39,ڕۆژنامەنوس,2472
5674,شێركۆ بابان,هەولێر,38,ئەندازیار,1739
5675,بەرزان ئەحمەد,هەولێر,39,گەشەپێدەری سۆفتوێر,454
5676,شێركۆ گەرمیانی,دهۆک,55,دیزاینەر,1322
5677,زانا قادر,ڕانیە,18,بازرگان,2372
5678,ژیان گەرمیانی,ڕانیە,36,ژمێریار,1623
5679,سۆزان سۆران,ڕانیە,40,ئەندازیار,1647
5680,سۆران كەریم,سۆران,64,ژمێریار,1497
5681,دیار خۆشناو,هەولێر,59,پارێزەر,2903
5682,تانیا خۆشناو,هەولێر,35,پزیشک,2520
5683,کوردستان گەرمیانی,کەرکووک,27,بازرگان,2662
5684,شنۆ بابان,هەولێر,41,پزیشک,3366
5685,کوردستان مەنگوڕی,سلێمانی,19,ئەندازیار,1993
5686,ژیان خۆشناو,سۆران,59,ڕۆژنامەنوس,1918
5687,پشتیوان مەنگوڕی,دهۆک,62,مامۆستا,2614
5688,زانا عومەر,ڕانیە,29,بازرگان,1785
5689,سۆران مەنگوڕی,سلێمانی,18,پزیشک,2552
5690,هاوڕێ كەریم,ڕانیە,24,پزیشک,1532
5691,ژینۆ خۆشناو,ڕانیە,45,پارێزەر,2195
5692,لەنیا خۆشناو,هەڵەبجە,64,ئەندازیار,1974
5693,کاروان عوسمان,سۆران,61,بازرگان,1559
5694,ژیان سەعيد,ڕانیە,21,بازرگان,1110
5695,تانیا كەریم,سلێمانی,32,ژمێریار,3143
5696,ئاری عوسمان,کۆیە,50,بازرگان,1518
5697,بەرزان بابان,دهۆک,33,گەشەپێدەری سۆفتوێر,2125
5698,لەنیا عەبدوڵڵا,ڕانیە,33,پارێزەر,2421
5699,ئاری قادر,سۆران,32,بازرگان,2459
5700,کوردستان گەرمیانی,کۆیە,55,بازرگان,1617
5701,کوردستان حەسەن,کۆیە,22,بازرگان,1121
5702,لەنیا ئەحمەد,هەڵەبجە,47,گەشەپێدەری سۆفتوێر,2491
5703,سۆران حەسەن,ڕانیە,56,ژمێریار,2328
5704,کۆسار مەحمود,کۆیە,23,پارێزەر,1147
5705,شنۆ مەحمود,ڕانیە,64,وێنەگر,998
5706,هاوڕێ بابان,ڕانیە,46,ژمێریار,752
5707,هەڵکەوت عەبدوڵڵا,سۆران,24,پارێزەر,2086
5708,تانیا خۆشناو,کەرکووک,26,پزیشک,2518
5709,سۆزان عومەر,کەرکووک,43,وێنەگر,3253
5710,سۆران قادر,ڕانیە,39,وێنەگر,2718
5711,هێمن مەنگوڕی,سلێمانی,32,دیزاینەر,3213
5712,تانیا سۆران,کۆیە,30,ژمێریار,1100
5713,ڕێبین كەریم,سۆران,24,مامۆستا,1868
5714,هەڵکەوت كەریم,هەڵەبجە,62,پارێزەر,2820
5715,هێمن سۆران,دهۆک,26,وێنەگر,1016
5716,سۆران سەعيد,هەڵەبجە,28,مامۆستا,2911
5717,بەرزان خۆشناو,دهۆک,54,وێنەگر,946
5718,دیار كەریم,کەرکووک,55,بازرگان,2736
5719,تارا بابان,دهۆک,25,ڕۆژنامەنوس,601
5720,بەختیار كەریم,هەڵەبجە,23,بازرگان,2104
5721,زانا عەبدوڵڵا,دهۆک,49,ئەندازیار,1318
5722,پشتیوان ئەحمەد,سلێمانی,46,ژمێریار,801
5723,کاروان سەعيد,ڕانیە,44,ئەندازیار,3402
5724,کاروان حەسەن,دهۆک,59,ڕۆژنامەنوس,1900
5725,بەرزان حەسەن,ڕانیە,24,وێنەگر,3319
5726,سۆران عەبدوڵڵا,دهۆک,34,گەشەپێدەری سۆفتوێر,1407
5727,تانیا بابان,کەرکووک,34,بازرگان,2004
5728,سۆران كەریم,کەرکووک,21,ئەندازیار,1482
5729,هێمن گەرمیانی,ڕانیە,45,پارێزەر,3331
5730,هەڵکەوت عوسمان,ڕانیە,47,پزیشک,1221
5731,سۆزان جاف,هەڵەبجە,33,دیزاینەر,2273
5732,ئاری مەحمود,سلێمانی,55,مامۆستا,982
5733,هەڵکەوت مەحمود,سلێمانی,46,مامۆستا,1902
5734,شنۆ سۆران,هەولێر,63,پزیشک,3491
5735,لەنیا بابان,کەرکووک,51,پزیشک,881
5736,کۆسار مەحمود,ڕانیە,21,دیزاینەر,1534
5737,سارا مەنگوڕی,دهۆک,32,وێنەگر,2149
5738,ڕێبین خۆشناو,هەڵەبجە,39,ژمێریار,2139
5739,زانا گەرمیانی,کەرکووک,33,پارێزەر,1207
5740,زانا موكری,سلێمانی,38,دیزاینەر,3028
5741,زانا گەرمیانی,کۆیە,49,وێنەگر,2074
5742,هەڵکەوت ئەحمەد,سلێمانی,53,ڕۆژنامەنوس,2345
5743,تانیا قادر,دهۆک,21,ژمێریار,1616
5744,زانا خۆشناو,کۆیە,37,ڕۆژنامەنوس,1476
5745,هێمن حەسەن,هەولێر,46,گەشەپێدەری سۆفتوێر,674
5746,تانیا سۆران,سلێمانی,57,ڕۆژنامەنوس,2262
5747,دیار حەسەن,هەڵەبجە,63,پزیشک,2874
5748,شنۆ خۆشناو,دهۆک,39,پارێزەر,1601
5749,لەنیا ئەحمەد,دهۆک,40,ڕۆژنامەنوس,1824
5750,کوردستان عوسمان,کەرکووک,45,پزیشک,405
5751,لەنیا عومەر,ڕانیە,23,دیزاینەر,1024
5752,تانیا گەرمیانی,هەڵەبجە,41,دیزاینەر,2914
5753,ئاری عوسمان,دهۆک,61,ئەندازیار,1773
5754,ڕێبین گەرمیانی,ڕانیە,23,مامۆستا,637
5755,دیار عەبدوڵڵا,هەڵەبجە,55,ئەندازیار,783
5756,ژینۆ مەحمود,هەڵەبجە,30,ڕۆژنامەنوس,1256
5757,سۆران عوسمان,دهۆک,60,گەشەپێدەری سۆفتوێر,1843
5758,ژینۆ قادر,هەڵەبجە,19,ڕۆژنامەنوس,2793
5759,نیشتمان سۆران,سلێمانی,30,وێنەگر,1577
5760,شێركۆ موكری,سلێمانی,33,ڕۆژنامەنوس,2968
5761,سۆران سەعيد,سلێمانی,23,دیزاینەر,2785
5762,کوردستان حەسەن,هەولێر,55,گەشەپێدەری سۆفتوێر,1807
5763,پشتیوان خۆشناو,سلێمانی,27,پزیشک,1850
5764,هەڵکەوت ئەحمەد,کەرکووک,47,ڕۆژنامەنوس,3341
5765,تارا مەنگوڕی,هەولێر,50,پارێزەر,403
5766,بەختیار عومەر,هەولێر,44,ئەندازیار,1773
5767,پشتیوان جاف,ڕانیە,28,ئەندازیار,954
5768,ئاری مەحمود,سلێمانی,36,مامۆستا,3212
5769,ڕێبین حەسەن,کۆیە,63,گەشەپێدەری سۆفتوێر,530
5770,نیشتمان بابان,سلێمانی,42,دیزاینەر,3184
5771,شێركۆ جاف,ڕانیە,28,ئەندازیار,1181
5772,کوردستان موكری,کۆیە,21,ڕۆژنامەنوس,1720
5773,تارا عوسمان,ڕانیە,58,پزیشک,1098
5774,لەنیا گەرمیانی,کەرکووک,28,وێنەگر,973
5775,نیشتمان بابان,هەولێر,25,ئەندازیار,1619
5776,ژینۆ قادر,کۆیە,44,ژمێریار,1338
5777,لەنیا بابان,سۆران,63,ئەندازیار,3023
5778,بەختیار عەبدوڵڵا,هەولێر,50,گەشەپێدەری سۆفتوێر,889
5779,تانیا مەحمود,هەڵەبجە,50,ئەندازیار,2529
5780,هێمن موكری,هەولێر,41,ڕۆژنامەنوس,1731
5781,سارا مەحمود,ڕانیە,19,ڕۆژنامەنوس,1678
5782,تانیا بابان,هەولێر,32,مامۆستا,1207
5783,کوردستان حەسەن,هەولێر,52,ڕۆژنامەنوس,2874
5784,پشتیوان عومەر,کۆیە,60,پزیشک,888
5785,هێمن جاف,سلێمانی,52,ڕۆژنامەنوس,2528
5786,شێركۆ عومەر,ڕانیە,28,بازرگان,2370
5787,ڕێبین جاف,سلێمانی,55,بازرگان,3114
5788,بەرزان موكری,ڕانیە,32,بازرگان,1595
5789,هێمن عوسمان,سۆران,23,وێنەگر,1557
5790,تانیا عەبدوڵڵا,سلێمانی,39,گەشەپێدەری سۆفتوێر,577
5791,هاوڕێ قادر,دهۆک,42,مامۆستا,928
5792,لەنیا موكری,دهۆک,36,ڕۆژنامەنوس,3250
5793,سۆزان عومەر,سۆران,51,پارێزەر,1682
5794,بەختیار گەرمیانی,ڕانیە,24,ئەندازیار,2615
5795,کاروان موكری,سۆران,42,پارێزەر,675
5796,دیار خۆشناو,دهۆک,39,مامۆستا,1225
5797,پشتیوان گەرمیانی,دهۆک,53,وێنەگر,2777
5798,ئاری مەنگوڕی,هەڵەبجە,21,ژمێریار,812
5799,سۆران مەحمود,سلێمانی,45,بازرگان,1740
5800,لەنیا موكری,هەولێر,65,ڕۆژنامەنوس,2306
5801,کوردستان سەعيد,سۆران,30,پارێزەر,735
5802,تارا سۆران,کەرکووک,51,بازرگان,1380
5803,کاروان ئەحمەد,ڕانیە,38,مامۆستا,3235
5804,پشتیوان سۆران,کەرکووک,64,مامۆستا,3489
5805,هەڵکەوت سۆران,کۆیە,65,گەشەپێدەری سۆفتوێر,3461
5806,دیار حەسەن,هەولێر,44,دیزاینەر,2679
5807,تانیا بابان,هەڵەبجە,36,ئەندازیار,1344
5808,کوردستان عەبدوڵڵا,ڕانیە,31,ئەندازیار,1858
5809,بەختیار بابان,هەولێر,19,پارێزەر,2005
5810,ڕێبین بابان,کەرکووک,28,پزیشک,3471
5811,ژینۆ حەسەن,هەولێر,45,ڕۆژنامەنوس,1333
5812,زانا قادر,هەولێر,49,ژمێریار,1509
5813,ژیان خۆشناو,کەرکووک,46,ئەندازیار,1375
5814,نیشتمان سەعيد,دهۆک,54,ڕۆژنامەنوس,899
5815,نیشتمان گەرمیانی,سۆران,25,پزیشک,1632
5816,کاروان عومەر,دهۆک,55,پزیشک,1109
5817,سۆزان بابان,سلێمانی,20,ژمێریار,1037
5818,بەرزان جاف,دهۆک,54,مامۆستا,2052
5819,شنۆ ئەحمەد,سلێمانی,26,ژمێریار,2904
5820,سارا بابان,کەرکووک,57,مامۆستا,1075
5821,تانیا جاف,هەولێر,52,دیزاینەر,985
5822,ژینۆ حەسەن,هەولێر,33,ڕۆژنامەنوس,1682
5823,بەختیار عەبدوڵڵا,ڕانیە,29,پارێزەر,1729
5824,شێركۆ عومەر,هەولێر,46,ژمێریار,2553
5825,کۆسار جاف,دهۆک,36,وێنەگر,553
5826,کۆسار گەرمیانی,ڕانیە,25,ژمێریار,2736
5827,دیار جاف,هەڵەبجە,64,ژمێریار,463
5828,هەڵکەوت خۆشناو,دهۆک,65,مامۆستا,2619
5829,کاروان موكری,کۆیە,39,پزیشک,2988
5830,دیار سۆران,کەرکووک,38,ئەندازیار,682
5831,ڕێبین ئەحمەد,سۆران,43,گەشەپێدەری سۆفتوێر,2780
5832,ڕێبین حەسەن,هەڵەبجە,47,ڕۆژنامەنوس,2987
5833,نیشتمان كەریم,هەولێر,43,دیزاینەر,2180
5834,زانا گەرمیانی,دهۆک,49,پزیشک,2590
5835,سۆران مەحمود,ڕانیە,56,ڕۆژنامەنوس,857
5836,هێمن سەعيد,هەڵەبجە,26,ڕۆژنامەنوس,1152
5837,شنۆ بابان,سلێمانی,43,پزیشک,1086
5838,بەختیار خۆشناو,سۆران,22,وێنەگر,1194
5839,ژیان عوسمان,دهۆک,53,ژمێریار,2649
5840,بەختیار خۆشناو,سلێمانی,60,مامۆستا,739
5841,ژیان گەرمیانی,کۆیە,27,وێنەگر,2596
5842,کاروان موكری,کۆیە,19,بازرگان,2551
5843,بەرزان عوسمان,کۆیە,31,ئەندازیار,961
5844,کوردستان جاف,دهۆک,36,وێنەگر,2358
5845,تانیا ئەحمەد,ڕانیە,31,ڕۆژنامەنوس,2891
5846,ئاری سۆران,کەرکووک,33,پزیشک,3418
5847,دیار عومەر,دهۆک,18,ڕۆژنامەنوس,3029
5848,کۆسار عوسمان,دهۆک,33,پزیشک,2523
5849,هاوڕێ خۆشناو,سۆران,55,پارێزەر,840
5850,سۆران عوسمان,کۆیە,48,پارێزەر,3041
5851,هاوڕێ جاف,دهۆک,41,گەشەپێدەری سۆفتوێر,1203
5852,ژینۆ مەنگوڕی,سلێمانی,57,مامۆستا,1092
5853,ژیان جاف,دهۆک,27,مامۆستا,3212
5854,کوردستان خۆشناو,سلێمانی,30,مامۆستا,1362
5855,سۆران موكری,کەرکووک,31,پارێزەر,3053
5856,بەرزان موكری,هەولێر,57,دیزاینەر,2886
5857,کۆسار عەبدوڵڵا,هەولێر,35,دیزاینەر,1332
5858,شنۆ عوسمان,سلێمانی,19,پارێزەر,1576
5859,دیار بابان,هەولێر,41,پارێزەر,3418
5860,سۆران مەحمود,سلێمانی,37,ئەندازیار,547
5861,کاروان خۆشناو,هەولێر,35,بازرگان,827
5862,تارا سۆران,سۆران,22,دیزاینەر,1030
5863,تانیا عوسمان,سۆران,20,ژمێریار,1569
5864,تارا مەحمود,کەرکووک,48,گەشەپێدەری سۆفتوێر,3178
5865,زانا عوسمان,کەرکووک,37,دیزاینەر,3052
5866,لەنیا كەریم,هەڵەبجە,39,پزیشک,1589
5867,شنۆ موكری,کۆیە,60,گەشەپێدەری سۆفتوێر,2236
5868,پشتیوان مەنگوڕی,هەولێر,57,ڕۆژنامەنوس,735
5869,شێركۆ سەعيد,ڕانیە,59,وێنەگر,1570
5870,ئاری مەحمود,کەرکووک,40,ژمێریار,1759
5871,ڕێبین كەریم,کەرکووک,61,پارێزەر,516
5872,بەرزان مەحمود,ڕانیە,29,بازرگان,1425
5873,تارا مەحمود,کەرکووک,46,ڕۆژنامەنوس,1900
5874,تانیا گەرمیانی,کەرکووک,52,مامۆستا,1848
5875,نیشتمان بابان,سلێمانی,27,ڕۆژنامەنوس,3276
5876,بەرزان مەنگوڕی,سۆران,49,پزیشک,2209
5877,پشتیوان عەبدوڵڵا,سلێمانی,45,گەشەپێدەری سۆفتوێر,1116
5878,سۆزان حەسەن,سۆران,32,پارێزەر,2780
5879,دیار جاف,ڕانیە,54,گەشەپێدەری سۆفتوێر,1140
5880,هەڵکەوت مەحمود,کەرکووک,42,وێنەگر,3352
5881,هێمن سەعيد,دهۆک,52,پارێزەر,935
5882,ژینۆ مەحمود,کۆیە,42,ژمێریار,2188
5883,بەختیار عوسمان,هەولێر,63,پزیشک,1701
5884,کوردستان خۆشناو,دهۆک,43,پزیشک,478
5885,تانیا عومەر,ڕانیە,48,دیزاینەر,2915
5886,هاوڕێ بابان,کەرکووک,64,پزیشک,679
5887,ئاری قادر,ڕانیە,46,بازرگان,1083
5888,سۆران خۆشناو,هەولێر,53,ئەندازیار,2996
5889,ڕێبین سەعيد,کەرکووک,37,بازرگان,2694
5890,شێركۆ عەبدوڵڵا,هەولێر,18,وێنەگر,2488
5891,بەختیار گەرمیانی,کەرکووک,24,ڕۆژنامەنوس,2955
5892,دیار مەحمود,دهۆک,25,بازرگان,2479
5893,هەڵکەوت جاف,هەولێر,22,دیزاینەر,1602
5894,سۆران جاف,سۆران,63,وێنەگر,1440
5895,زانا عوسمان,کۆیە,37,مامۆستا,2949
5896,دیار حەسەن,ڕانیە,63,پارێزەر,1000
5897,شنۆ سۆران,هەولێر,28,پارێزەر,2823
5898,ئاری سۆران,هەڵەبجە,34,وێنەگر,1882
5899,ڕێبین سەعيد,هەڵەبجە,25,مامۆستا,3143
5900,زانا جاف,سۆران,31,ئەندازیار,895
5901,نیشتمان عەبدوڵڵا,سۆران,53,گەشەپێدەری سۆفتوێر,2226
5902,زانا گەرمیانی,هەولێر,48,دیزاینەر,1272
5903,کۆسار عومەر,کەرکووک,21,دیزاینەر,1564
5904,زانا حەسەن,کۆیە,26,بازرگان,2397
5905,سارا گەرمیانی,هەڵەبجە,56,وێنەگر,2760
5906,شنۆ موكری,کۆیە,50,گەشەپێدەری سۆفتوێر,2700
5907,شنۆ سۆران,کۆیە,53,وێنەگر,2260
5908,زانا ئەحمەد,دهۆک,62,گەشەپێدەری سۆفتوێر,1746
5909,دیار حەسەن,کەرکووک,19,وێنەگر,3392
5910,پشتیوان عوسمان,ڕانیە,28,گەشەپێدەری سۆفتوێر,3055
5911,تارا جاف,کۆیە,56,ئەندازیار,731
5912,بەختیار موكری,کەرکووک,22,وێنەگر,909
5913,شنۆ خۆشناو,ڕانیە,51,ئەندازیار,1138
5914,سارا مەحمود,دهۆک,59,بازرگان,3356
5915,تارا سەعيد,سۆران,34,مامۆستا,1096
5916,هێمن عەبدوڵڵا,هەڵەبجە,24,دیزاینەر,719
5917,هاوڕێ حەسەن,ڕانیە,42,ژمێریار,3023
5918,ئاری موكری,هەولێر,25,پزیشک,3069
5919,لەنیا موكری,هەولێر,63,بازرگان,1020
5920,شنۆ قادر,سلێمانی,25,بازرگان,1070
5921,سارا عومەر,سلێمانی,65,پزیشک,3004
5922,لەنیا عەبدوڵڵا,سۆران,60,مامۆستا,1920
5923,نیشتمان عومەر,کۆیە,22,ڕۆژنامەنوس,3478
5924,نیشتمان جاف,هەولێر,53,پارێزەر,598
5925,هێمن بابان,دهۆک,52,پارێزەر,1015
5926,دیار قادر,هەولێر,35,گەشەپێدەری سۆفتوێر,779
5927,سۆزان سۆران,هەولێر,49,ڕۆژنامەنوس,2193
5928,شنۆ مەنگوڕی,کەرکووک,24,دیزاینەر,3437
5929,شنۆ بابان,سۆران,31,بازرگان,2618
5930,بەختیار گەرمیانی,سۆران,22,پزیشک,1352
5931,بەرزان حەسەن,هەولێر,52,ئەندازیار,3067
5932,هێمن قادر,ڕانیە,46,بازرگان,1514
5933,کاروان عومەر,کۆیە,60,مامۆستا,2557
5934,دیار گەرمیانی,کۆیە,56,دیزاینەر,1328
5935,تارا موكری,سلێمانی,61,گەشەپێدەری سۆفتوێر,2234
5936,دیار موكری,هەولێر,22,پزیشک,1754
5937,ڕێبین گەرمیانی,دهۆک,63,گەشەپێدەری سۆفتوێر,2546
5938,سارا حەسەن,هەولێر,38,بازرگان,2873
5939,ئاری گەرمیانی,هەڵەبجە,56,دیزاینەر,3357
5940,سۆران خۆشناو,دهۆک,23,گەشەپێدەری سۆفتوێر,2950
5941,ژیان ئەحمەد,هەولێر,44,بازرگان,1642
5942,شنۆ سۆران,کەرکووک,39,ڕۆژنامەنوس,942
5943,کوردستان خۆشناو,دهۆک,29,گەشەپێدەری سۆفتوێر,1854
5944,پشتیوان حەسەن,ڕانیە,46,ڕۆژنامەنوس,2483
5945,پشتیوان گەرمیانی,کۆیە,37,ئەندازیار,1110
5946,لەنیا عوسمان,هەڵەبجە,50,وێنەگر,2818
5947,سۆزان بابان,ڕانیە,35,پزیشک,1986
5948,ڕێبین كەریم,هەولێر,59,ڕۆژنامەنوس,1666
5949,هێمن خۆشناو,سۆران,50,وێنەگر,2149
5950,ژیان سۆران,ڕانیە,55,ژمێریار,1635
5951,ژینۆ كەریم,هەولێر,18,ڕۆژنامەنوس,3402
5952,ژینۆ سۆران,هەڵەبجە,18,وێنەگر,1594
5953,لەنیا گەرمیانی,کەرکووک,56,بازرگان,1693
5954,کۆسار عەبدوڵڵا,هەڵەبجە,49,بازرگان,2592
5955,تارا عوسمان,کەرکووک,20,ئەندازیار,1421
5956,دیار موكری,کۆیە,45,پزیشک,521
5957,پشتیوان عوسمان,دهۆک,55,وێنەگر,518
5958,ژینۆ حەسەن,هەڵەبجە,30,ژمێریار,2705
5959,ئاری عەبدوڵڵا,ڕانیە,62,گەشەپێدەری سۆفتوێر,1289
5960,تانیا عوسمان,سلێمانی,30,پارێزەر,1207
5961,هاوڕێ موكری,هەولێر,24,پارێزەر,467
5962,ڕێبین عوسمان,سۆران,32,ئەندازیار,2538
5963,هاوڕێ سۆران,کەرکووک,22,ڕۆژنامەنوس,2972
5964,دیار سۆران,ڕانیە,30,ڕۆژنامەنوس,1990
5965,سارا مەحمود,هەڵەبجە,54,ڕۆژنامەنوس,685
5966,پشتیوان عوسمان,سلێمانی,61,ئەندازیار,1689
5967,هاوڕێ كەریم,ڕانیە,18,پارێزەر,2622
5968,کاروان عەبدوڵڵا,هەولێر,46,ژمێریار,2623
5969,هەڵکەوت كەریم,کەرکووک,36,گەشەپێدەری سۆفتوێر,2624
5970,تارا بابان,هەولێر,29,گەشەپێدەری سۆفتوێر,2720
5971,نیشتمان مەحمود,ڕانیە,18,دیزاینەر,2636
5972,سۆران مەنگوڕی,کەرکووک,38,ژمێریار,3156
5973,نیشتمان موكری,دهۆک,57,ڕۆژنامەنوس,3185
5974,دیار مەنگوڕی,هەولێر,51,پارێزەر,2124
5975,ژیان عەبدوڵڵا,کەرکووک,63,ئەندازیار,2389
5976,لەنیا عەبدوڵڵا,کەرکووک,60,پارێزەر,2730
5977,تانیا جاف,هەڵەبجە,43,وێنەگر,1071
5978,دیار عوسمان,هەولێر,49,ڕۆژنامەنوس,2354
5979,هەڵکەوت جاف,هەڵەبجە,54,گەشەپێدەری سۆفتوێر,1492
5980,سۆران گەرمیانی,دهۆک,38,مامۆستا,2992
5981,هەڵکەوت كەریم,ڕانیە,20,گەشەپێدەری سۆفتوێر,3232
5982,لەنیا عەبدوڵڵا,کۆیە,20,پزیشک,2934
5983,پشتیوان موكری,کۆیە,49,دیزاینەر,3256
5984,ژیان سۆران,ڕانیە,38,پارێزەر,3308
5985,شنۆ حەسەن,کۆیە,36,وێنەگر,672
5986,هێمن جاف,کۆیە,44,وێنەگر,433
5987,لەنیا سەعيد,دهۆک,59,پزیشک,3041
5988,سارا حەسەن,سلێمانی,63,پارێزەر,963
5989,بەختیار كەریم,دهۆک,59,وێنەگر,592
5990,تانیا مەحمود,سلێمانی,27,مامۆستا,3061
5991,دیار گەرمیانی,سلێمانی,35,ژمێریار,3447
5992,پشتیوان قادر,سۆران,54,ڕۆژنامەنوس,1253
5993,نیشتمان مەحمود,سلێمانی,46,پارێزەر,768
5994,تانیا سەعيد,دهۆک,33,بازرگان,1927
5995,شنۆ كەریم,کۆیە,49,وێنەگر,1716
5996,لەنیا عەبدوڵڵا,دهۆک,58,ڕۆژنامەنوس,3369
5997,هێمن جاف,سلێمانی,34,ژمێریار,1134
5998,تارا موكری,هەولێر,42,بازرگان,3393
5999,تانیا مەحمود,کۆیە,65,بازرگان,1288
6000,شنۆ مەحمود,ڕانیە,46,ئەندازیار,928
6001,هەڵکەوت بابان,ڕانیە,29,مامۆستا,1210
6002,هەڵکەوت مەحمود,هەڵەبجە,42,ڕۆژنامەنوس,1022
6003,کۆسار گەرمیانی,سۆران,54,ڕۆژنامەنوس,3416
6004,زانا بابان,هەولێر,43,ژمێریار,3331
6005,ڕێبین عەبدوڵڵا,سۆران,47,بازرگان,3012
6006,هێمن مەحمود,ڕانیە,33,گەشەپێدەری سۆفتوێر,2048
6007,بەختیار عومەر,ڕانیە,34,مامۆستا,2037
6008,سۆران سۆران,سلێمانی,27,پارێزەر,3125
6009,تانیا كەریم,هەڵەبجە,19,پزیشک,2999
6010,کۆسار عەبدوڵڵا,ڕانیە,35,وێنەگر,2752
6011,سارا ئەحمەد,دهۆک,36,گەشەپێدەری سۆفتوێر,1309
6012,سۆران جاف,کەرکووک,59,ڕۆژنامەنوس,2195
6013,کۆسار گەرمیانی,هەڵەبجە,33,وێنەگر,2767
6014,هەڵکەوت حەسەن,سلێمانی,25,پزیشک,404
6015,شنۆ موكری,سۆران,42,پارێزەر,527
6016,تانیا عوسمان,هەولێر,50,پزیشک,3453
6017,ژینۆ قادر,هەڵەبجە,60,ڕۆژنامەنوس,1243
6018,تارا سۆران,هەولێر,41,ئەندازیار,2162
6019,کۆسار ئەحمەد,هەڵەبجە,30,ڕۆژنامەنوس,1618
6020,شنۆ مەحمود,کۆیە,60,دیزاینەر,2062
6021,دیار سۆران,ڕانیە,58,پارێزەر,1089
6022,ژیان خۆشناو,ڕانیە,47,ڕۆژنامەنوس,1332
6023,دیار مەنگوڕی,دهۆک,25,وێنەگر,3281
6024,سارا مەحمود,سلێمانی,23,پزیشک,2615
6025,هاوڕێ بابان,کۆیە,59,پارێزەر,1797
6026,سۆزان سەعيد,سلێمانی,39,گەشەپێدەری سۆفتوێر,3211
6027,ڕێبین سەعيد,کۆیە,50,وێنەگر,1797
6028,سۆران جاف,دهۆک,56,دیزاینەر,2871
6029,کۆسار قادر,دهۆک,29,وێنەگر,2467
6030,ژیان عومەر,سلێمانی,57,ئەندازیار,2609
6031,تانیا ئەحمەد,سلێمانی,51,ئەندازیار,2505
6032,پشتیوان ئەحمەد,کۆیە,20,پزیشک,1900
6033,تارا سەعيد,سۆران,62,وێنەگر,581
6034,بەرزان سۆران,کەرکووک,42,پارێزەر,3116
6035,ژیان حەسەن,کۆیە,54,پزیشک,974
6036,هێمن گەرمیانی,هەولێر,43,گەشەپێدەری سۆفتوێر,2934
6037,بەختیار قادر,ڕانیە,19,ئەندازیار,2154
6038,هاوڕێ خۆشناو,سۆران,53,پزیشک,3470
6039,کاروان حەسەن,سۆران,30,ژمێریار,3194
6040,شێركۆ جاف,دهۆک,48,وێنەگر,3300
6041,هاوڕێ كەریم,کەرکووک,26,ڕۆژنامەنوس,2605
6042,نیشتمان ئەحمەد,هەولێر,65,وێنەگر,1456
6043,شێركۆ سۆران,کەرکووک,44,گەشەپێدەری سۆفتوێر,2379
6044,تانیا گەرمیانی,ڕانیە,65,پارێزەر,949
6045,سۆران سۆران,کۆیە,61,پارێزەر,1472
6046,پشتیوان موكری,دهۆک,54,پزیشک,938
6047,شنۆ گەرمیانی,دهۆک,31,پارێزەر,2806
6048,سۆزان بابان,ڕانیە,64,بازرگان,1182
6049,تانیا جاف,سۆران,38,دیزاینەر,609
6050,ڕێبین سۆران,ڕانیە,32,گەشەپێدەری سۆفتوێر,1861
6051,هەڵکەوت مەحمود,هەڵەبجە,34,بازرگان,497
6052,دیار حەسەن,هەڵەبجە,52,بازرگان,1347
6053,تانیا جاف,سۆران,44,ژمێریار,1983
6054,بەرزان مەنگوڕی,سلێمانی,57,بازرگان,1850
6055,ژیان سۆران,کۆیە,37,پزیشک,1987
6056,هەڵکەوت خۆشناو,هەڵەبجە,36,پارێزەر,1229
6057,سۆزان قادر,سلێمانی,62,دیزاینەر,2498
6058,ئاری حەسەن,ڕانیە,18,بازرگان,3118
6059,کوردستان خۆشناو,کۆیە,42,بازرگان,2252
6060,کۆسار جاف,دهۆک,44,وێنەگر,1322
6061,سارا ئەحمەد,هەولێر,49,گەشەپێدەری سۆفتوێر,2257
6062,هاوڕێ عومەر,دهۆک,30,پارێزەر,1279
6063,سارا سۆران,دهۆک,32,گەشەپێدەری سۆفتوێر,1060
6064,پشتیوان مەنگوڕی,سلێمانی,42,ژمێریار,1928
6065,ئاری سەعيد,هەڵەبجە,44,ئەندازیار,1650
6066,زانا قادر,کۆیە,39,ئەندازیار,3006
6067,هێمن گەرمیانی,سلێمانی,18,ئەندازیار,3497
6068,ڕێبین ئەحمەد,هەڵەبجە,60,ئەندازیار,2986
6069,شێركۆ عوسمان,هەولێر,18,گەشەپێدەری سۆفتوێر,1459
6070,ژینۆ قادر,سۆران,56,ژمێریار,2526
6071,بەختیار سەعيد,سۆران,24,وێنەگر,1418
6072,هاوڕێ سۆران,دهۆک,57,گەشەپێدەری سۆفتوێر,1131
6073,زانا قادر,کەرکووک,47,پزیشک,1767
6074,سۆزان سەعيد,هەولێر,49,ژمێریار,829
6075,کوردستان گەرمیانی,کەرکووک,23,ژمێریار,1386
6076,سۆزان مەحمود,ڕانیە,35,پزیشک,2569
6077,بەختیار سۆران,کۆیە,43,ڕۆژنامەنوس,1568
6078,سارا مەنگوڕی,هەولێر,46,گەشەپێدەری سۆفتوێر,2066
6079,دیار موكری,هەولێر,56,گەشەپێدەری سۆفتوێر,1398
6080,زانا كەریم,کەرکووک,40,دیزاینەر,2496
6081,سۆزان كەریم,هەولێر,42,ئەندازیار,3226
6082,لەنیا كەریم,ڕانیە,50,وێنەگر,2669
6083,هاوڕێ عوسمان,کەرکووک,25,ڕۆژنامەنوس,2719
6084,سۆران عومەر,هەڵەبجە,34,دیزاینەر,1953
6085,ژینۆ خۆشناو,دهۆک,51,پزیشک,2427
6086,ڕێبین قادر,هەڵەبجە,36,ژمێریار,752
6087,کۆسار حەسەن,کۆیە,23,پارێزەر,1937
6088,سۆزان قادر,کەرکووک,64,ژمێریار,3298
6089,سۆران گەرمیانی,کۆیە,54,دیزاینەر,2962
6090,هاوڕێ گەرمیانی,سۆران,27,ڕۆژنامەنوس,500
6091,تارا خۆشناو,دهۆک,51,گەشەپێدەری سۆفتوێر,485
6092,زانا قادر,کەرکووک,34,وێنەگر,2769
6093,لەنیا مەنگوڕی,کەرکووک,44,گەشەپێدەری سۆفتوێر,1217
6094,زانا حەسەن,سلێمانی,23,ئەندازیار,1389
6095,ژینۆ مەحمود,دهۆک,34,دیزاینەر,1261
6096,کوردستان كەریم,هەڵەبجە,57,پزیشک,2542
6097,دیار قادر,سلێمانی,23,پارێزەر,2450
6098,شنۆ گەرمیانی,ڕانیە,40,ژمێریار,544
6099,لەنیا سۆران,هەولێر,23,دیزاینەر,483
6100,تانیا مەحمود,کۆیە,23,پزیشک,1660
6101,شنۆ جاف,دهۆک,18,پارێزەر,1116
6102,سۆزان ئەحمەد,کۆیە,44,ڕۆژنامەنوس,1889
6103,بەرزان سەعيد,کەرکووک,46,ڕۆژنامەنوس,624
6104,سۆران كەریم,هەڵەبجە,51,پارێزەر,2222
6105,لەنیا خۆشناو,دهۆک,47,وێنەگر,736
6106,سۆزان عومەر,هەڵەبجە,45,پارێزەر,597
6107,دیار سۆران,ڕانیە,40,پارێزەر,1714
6108,پشتیوان جاف,سلێمانی,49,مامۆستا,1957
6109,سۆران سەعيد,ڕانیە,49,دیزاینەر,2166
6110,سۆران قادر,سۆران,30,بازرگان,936
6111,سارا مەحمود,سۆران,42,پارێزەر,2568
6112,ژینۆ موكری,کەرکووک,65,پزیشک,878
6113,هاوڕێ بابان,کەرکووک,54,ئەندازیار,2060
6114,کوردستان سۆران,کۆیە,51,ژمێریار,640
6115,سۆران ئەحمەد,هەڵەبجە,27,پزیشک,2894
6116,شێركۆ جاف,دهۆک,50,پزیشک,2151
6117,هاوڕێ سەعيد,هەولێر,35,پزیشک,3209
6118,ژیان عەبدوڵڵا,سۆران,59,دیزاینەر,3440
6119,هەڵکەوت بابان,هەڵەبجە,42,گەشەپێدەری سۆفتوێر,1174
6120,کاروان ئەحمەد,سلێمانی,39,پزیشک,641
6121,لەنیا سۆران,سلێمانی,62,بازرگان,2999
6122,نیشتمان قادر,هەڵەبجە,51,وێنەگر,944
6123,کوردستان گەرمیانی,کەرکووک,32,مامۆستا,657
6124,شنۆ بابان,سۆران,20,دیزاینەر,1565
6125,بەختیار سەعيد,کۆیە,58,ڕۆژنامەنوس,3498
6126,سۆران سەعيد,دهۆک,38,ڕۆژنامەنوس,672
6127,کوردستان مەحمود,هەڵەبجە,28,پزیشک,3253
6128,تانیا كەریم,هەولێر,29,ئەندازیار,1138
6129,بەرزان كەریم,هەولێر,47,ڕۆژنامەنوس,451
6130,ئاری حەسەن,سلێمانی,61,وێنەگر,1768
6131,ژینۆ جاف,هەولێر,21,ڕۆژنامەنوس,1634
6132,نیشتمان ئەحمەد,کەرکووک,22,وێنەگر,1412
6133,کۆسار كەریم,هەڵەبجە,27,وێنەگر,2675
6134,زانا سۆران,ڕانیە,21,پارێزەر,3265
6135,بەرزان سۆران,کەرکووک,39,مامۆستا,691
6136,هێمن ئەحمەد,هەولێر,43,وێنەگر,3068
6137,نیشتمان عوسمان,دهۆک,34,ژمێریار,1705
6138,کاروان سەعيد,سۆران,58,مامۆستا,2181
6139,پشتیوان سەعيد,هەڵەبجە,41,وێنەگر,1917
6140,بەختیار بابان,دهۆک,48,ڕۆژنامەنوس,769
6141,سارا حەسەن,کۆیە,64,گەشەپێدەری سۆفتوێر,885
6142,ئاری مەحمود,سلێمانی,19,وێنەگر,941
6143,شێركۆ عەبدوڵڵا,ڕانیە,36,ژمێریار,2652
6144,کۆسار قادر,کەرکووک,52,ژمێریار,2063
6145,نیشتمان موكری,دهۆک,33,پارێزەر,1040
6146,ژینۆ بابان,ڕانیە,59,بازرگان,3116
6147,بەرزان بابان,هەڵەبجە,35,گەشەپێدەری سۆفتوێر,2669
6148,سۆزان بابان,هەولێر,36,دیزاینەر,2637
6149,کۆسار سۆران,کۆیە,58,پارێزەر,553
6150,لەنیا قادر,هەڵەبجە,34,بازرگان,1005
6151,تانیا بابان,ڕانیە,31,وێنەگر,2569
6152,دیار مەنگوڕی,هەولێر,28,گەشەپێدەری سۆفتوێر,2375
6153,تارا خۆشناو,ڕانیە,62,گەشەپێدەری سۆفتوێر,699
6154,سۆران بابان,ڕانیە,19,وێنەگر,517
6155,تارا مەحمود,ڕانیە,27,بازرگان,1501
6156,ئاری عوسمان,کەرکووک,34,ئەندازیار,2923
6157,بەختیار بابان,دهۆک,18,ئەندازیار,3159
6158,لەنیا ئەحمەد,ڕانیە,29,دیزاینەر,893
6159,ئاری مەحمود,دهۆک,25,پارێزەر,1130
6160,دیار عەبدوڵڵا,سلێمانی,60,ژمێریار,1143
6161,شێركۆ گەرمیانی,سۆران,54,وێنەگر,3132
6162,لەنیا مەحمود,کۆیە,51,پزیشک,3421
6163,زانا گەرمیانی,سۆران,39,دیزاینەر,2759
6164,ژینۆ بابان,هەڵەبجە,27,گەشەپێدەری سۆفتوێر,3027
6165,شنۆ بابان,سلێمانی,22,گەشەپێدەری سۆفتوێر,3323
6166,سۆران عومەر,دهۆک,26,مامۆستا,2682
6167,ڕێبین حەسەن,سۆران,44,ژمێریار,2459
6168,کۆسار بابان,هەولێر,23,مامۆستا,481
6169,هێمن مەنگوڕی,سۆران,22,ڕۆژنامەنوس,701
6170,تانیا سۆران,هەڵەبجە,19,ڕۆژنامەنوس,2187
6171,سۆران كەریم,ڕانیە,61,دیزاینەر,2215
6172,ڕێبین عەبدوڵڵا,سۆران,29,دیزاینەر,1073
6173,بەرزان مەنگوڕی,ڕانیە,30,بازرگان,2754
6174,شنۆ سەعيد,هەولێر,50,ئەندازیار,1240
6175,سارا سەعيد,هەڵەبجە,22,گەشەپێدەری سۆفتوێر,2574
6176,سۆران عەبدوڵڵا,سلێمانی,45,ژمێریار,2488
6177,لەنیا جاف,دهۆک,62,دیزاینەر,1607
6178,نیشتمان موكری,کۆیە,26,پزیشک,3357
6179,ئاری قادر,دهۆک,20,بازرگان,2512
6180,تارا حەسەن,سلێمانی,63,ئەندازیار,2207
6181,هەڵکەوت عومەر,هەولێر,28,گەشەپێدەری سۆفتوێر,2329
6182,هاوڕێ ئەحمەد,دهۆک,62,دیزاینەر,810
6183,شێركۆ موكری,سۆران,45,مامۆستا,450
6184,ژیان موكری,سۆران,52,ئەندازیار,3386
6185,سۆزان عوسمان,کەرکووک,62,وێنەگر,526
6186,سۆزان مەنگوڕی,کۆیە,24,پارێزەر,3216
6187,بەرزان مەحمود,کەرکووک,40,بازرگان,2649
6188,کۆسار عەبدوڵڵا,کەرکووک,33,ژمێریار,497
6189,کوردستان مەنگوڕی,هەڵەبجە,34,بازرگان,511
6190,سۆران جاف,دهۆک,63,بازرگان,1120
6191,ڕێبین سۆران,سۆران,40,پزیشک,2185
6192,هەڵکەوت بابان,کەرکووک,21,مامۆستا,3304
6193,هەڵکەوت گەرمیانی,دهۆک,32,ڕۆژنامەنوس,1539
6194,ڕێبین حەسەن,دهۆک,40,گەشەپێدەری سۆفتوێر,895
6195,کوردستان خۆشناو,کۆیە,30,ژمێریار,868
6196,تانیا مەحمود,هەڵەبجە,45,مامۆستا,3235
6197,تانیا كەریم,سۆران,18,بازرگان,1258
6198,کۆسار ئەحمەد,سۆران,51,ژمێریار,1812
6199,ژینۆ ئەحمەد,دهۆک,23,پارێزەر,3367
6200,سۆزان عەبدوڵڵا,هەولێر,54,بازرگان,2832
6201,ئاری مەحمود,هەولێر,23,پزیشک,460
6202,شنۆ عەبدوڵڵا,کەرکووک,22,بازرگان,1331
6203,شنۆ سەعيد,سۆران,42,پزیشک,1782
6204,ئاری سۆران,دهۆک,41,پزیشک,915
6205,کۆسار ئەحمەد,کەرکووک,35,بازرگان,811
6206,شێركۆ سۆران,هەڵەبجە,18,ڕۆژنامەنوس,2605
6207,تارا مەحمود,کۆیە,55,وێنەگر,2452
6208,ژیان مەحمود,دهۆک,48,ئەندازیار,1292
6209,سۆران قادر,کەرکووک,25,گەشەپێدەری سۆفتوێر,1501
6210,لەنیا سەعيد,کۆیە,18,دیزاینەر,758
6211,پشتیوان عومەر,هەڵەبجە,54,بازرگان,2062
6212,سۆزان قادر,سلێمانی,25,ژمێریار,962
6213,کوردستان ئەحمەد,هەڵەبجە,48,ئەندازیار,1643
6214,لەنیا قادر,هەولێر,54,ئەندازیار,3250
6215,ژیان ئەحمەد,هەولێر,55,گەشەپێدەری سۆفتوێر,2124
6216,تانیا عەبدوڵڵا,هەڵەبجە,59,پزیشک,3306
6217,بەرزان مەنگوڕی,هەولێر,26,گەشەپێدەری سۆفتوێر,1578
6218,کوردستان گەرمیانی,کەرکووک,38,پارێزەر,2562
6219,کوردستان بابان,کەرکووک,35,ئەندازیار,2724
6220,لەنیا بابان,کەرکووک,49,بازرگان,3014
6221,کۆسار عوسمان,کەرکووک,59,ژمێریار,2296
6222,لەنیا بابان,کەرکووک,45,مامۆستا,2542
6223,بەختیار جاف,هەڵەبجە,19,ژمێریار,1966
6224,شنۆ حەسەن,دهۆک,29,ژمێریار,2610
6225,پشتیوان گەرمیانی,ڕانیە,56,ئەندازیار,2338
6226,تانیا سۆران,ڕانیە,24,پزیشک,921
6227,پشتیوان موكری,هەولێر,48,پزیشک,633
6228,شنۆ موكری,ڕانیە,57,مامۆستا,2434
6229,ڕێبین مەنگوڕی,کۆیە,25,گەشەپێدەری سۆفتوێر,2744
6230,شنۆ كەریم,کۆیە,59,ئەندازیار,2982
6231,سۆران ئەحمەد,هەڵەبجە,24,پارێزەر,2076
6232,پشتیوان عومەر,هەڵەبجە,30,ڕۆژنامەنوس,3030
6233,تانیا عومەر,دهۆک,34,پارێزەر,2716
6234,ڕێبین مەنگوڕی,دهۆک,20,وێنەگر,1146
6235,شێركۆ ئەحمەد,کۆیە,49,دیزاینەر,844
6236,سارا عەبدوڵڵا,دهۆک,59,وێنەگر,971
6237,کوردستان بابان,سۆران,56,گەشەپێدەری سۆفتوێر,1610
6238,ڕێبین عوسمان,دهۆک,36,بازرگان,1126
6239,هەڵکەوت ئەحمەد,هەڵەبجە,42,دیزاینەر,2126
6240,هاوڕێ گەرمیانی,هەولێر,40,دیزاینەر,2486
6241,هێمن كەریم,کەرکووک,65,ژمێریار,2166
6242,هێمن قادر,کەرکووک,42,ڕۆژنامەنوس,1549
6243,هاوڕێ ئەحمەد,دهۆک,59,بازرگان,1802
6244,بەرزان مەنگوڕی,هەڵەبجە,29,پارێزەر,1673
6245,سۆزان بابان,دهۆک,46,پزیشک,2704
6246,ڕێبین عوسمان,هەولێر,51,پزیشک,1799
6247,کوردستان مەنگوڕی,سۆران,20,مامۆستا,3284
6248,ژیان سەعيد,کەرکووک,28,پارێزەر,3401
6249,کاروان مەحمود,هەڵەبجە,45,ژمێریار,1142
6250,زانا ئەحمەد,دهۆک,22,ڕۆژنامەنوس,3201
6251,ئاری كەریم,کەرکووک,23,وێنەگر,2844
6252,ژیان عوسمان,سۆران,24,پارێزەر,581
6253,تانیا حەسەن,ڕانیە,62,بازرگان,2372
6254,نیشتمان موكری,هەولێر,39,گەشەپێدەری سۆفتوێر,1426
6255,تارا ئەحمەد,هەڵەبجە,29,ئەندازیار,1236
6256,تانیا ئەحمەد,هەڵەبجە,55,دیزاینەر,552
6257,ژیان سۆران,کەرکووک,26,ژمێریار,2993
6258,پشتیوان گەرمیانی,سلێمانی,65,دیزاینەر,881
6259,ئاری سەعيد,هەولێر,23,ڕۆژنامەنوس,3217
6260,لەنیا كەریم,دهۆک,25,پارێزەر,1354
6261,دیار سۆران,ڕانیە,45,پارێزەر,2629
6262,هەڵکەوت عوسمان,ڕانیە,43,بازرگان,760
6263,سۆران جاف,ڕانیە,25,ئەندازیار,1432
6264,شێركۆ مەحمود,هەولێر,62,ڕۆژنامەنوس,1473
6265,ژینۆ عومەر,هەولێر,34,ئەندازیار,3222
6266,بەرزان مەحمود,دهۆک,65,دیزاینەر,2031
6267,دیار مەحمود,کۆیە,34,ژمێریار,1206
6268,شنۆ قادر,هەڵەبجە,19,پارێزەر,2404
6269,کوردستان موكری,کەرکووک,55,گەشەپێدەری سۆفتوێر,1075
6270,شێركۆ عوسمان,کۆیە,62,وێنەگر,3420
6271,سارا عومەر,دهۆک,23,ئەندازیار,1753
6272,بەختیار موكری,هەڵەبجە,56,ئەندازیار,1161
6273,پشتیوان بابان,ڕانیە,46,وێنەگر,1319
6274,ژیان عەبدوڵڵا,سلێمانی,32,گەشەپێدەری سۆفتوێر,2907
6275,هاوڕێ عەبدوڵڵا,هەڵەبجە,38,پزیشک,3121
6276,ڕێبین حەسەن,ڕانیە,48,وێنەگر,3244
6277,شێركۆ بابان,هەولێر,42,پارێزەر,1381
6278,بەرزان خۆشناو,هەڵەبجە,48,وێنەگر,1658
6279,کوردستان گەرمیانی,کۆیە,37,بازرگان,1170
6280,تانیا سۆران,دهۆک,52,گەشەپێدەری سۆفتوێر,2933
6281,زانا كەریم,سۆران,32,ئەندازیار,781
6282,پشتیوان قادر,سلێمانی,60,پارێزەر,1146
6283,نیشتمان قادر,کۆیە,36,گەشەپێدەری سۆفتوێر,2977
6284,ژینۆ كەریم,دهۆک,31,ژمێریار,2050
6285,ژینۆ مەنگوڕی,هەڵەبجە,30,بازرگان,661
6286,تارا ئەحمەد,کۆیە,43,ڕۆژنامەنوس,2552
6287,ژینۆ جاف,هەولێر,51,گەشەپێدەری سۆفتوێر,3249
6288,بەختیار جاف,هەولێر,62,بازرگان,3146
6289,کۆسار حەسەن,ڕانیە,32,گەشەپێدەری سۆفتوێر,2376
6290,شێركۆ جاف,کەرکووک,60,ئەندازیار,1208
6291,کوردستان بابان,کۆیە,37,مامۆستا,2025
6292,نیشتمان جاف,هەولێر,38,دیزاینەر,1097
6293,کۆسار بابان,ڕانیە,19,دیزاینەر,640
6294,ڕێبین موكری,کۆیە,18,پزیشک,846
6295,ئاری سەعيد,سۆران,27,وێنەگر,1300
6296,کوردستان سەعيد,ڕانیە,23,پارێزەر,747
6297,کۆسار ئەحمەد,کەرکووک,32,پارێزەر,2305
6298,سۆران حەسەن,سۆران,27,ڕۆژنامەنوس,1916
6299,سۆزان عەبدوڵڵا,هەڵەبجە,33,بازرگان,3499
6300,زانا خۆشناو,سلێمانی,23,گەشەپێدەری سۆفتوێر,3380
6301,شنۆ حەسەن,هەڵەبجە,49,مامۆستا,1181
6302,سۆزان جاف,کەرکووک,35,وێنەگر,480
6303,هاوڕێ سەعيد,دهۆک,42,گەشەپێدەری سۆفتوێر,408
6304,شنۆ عەبدوڵڵا,کەرکووک,37,ژمێریار,2046
6305,دیار بابان,کەرکووک,24,بازرگان,2168
6306,ڕێبین كەریم,کۆیە,62,گەشەپێدەری سۆفتوێر,2931
6307,لەنیا موكری,سۆران,63,ڕۆژنامەنوس,3125
6308,کۆسار گەرمیانی,سلێمانی,27,دیزاینەر,1285
6309,هاوڕێ بابان,ڕانیە,26,گەشەپێدەری سۆفتوێر,3409
6310,زانا موكری,سلێمانی,31,پارێزەر,2355
6311,شێركۆ مەحمود,ڕانیە,26,بازرگان,1052
6312,لەنیا سۆران,سلێمانی,42,ژمێریار,2352
6313,کۆسار ئەحمەد,کۆیە,33,ژمێریار,2251
6314,ڕێبین عەبدوڵڵا,هەولێر,25,ئەندازیار,3310
6315,دیار ئەحمەد,سۆران,18,ڕۆژنامەنوس,2688
6316,شنۆ عوسمان,هەولێر,29,پارێزەر,1851
6317,سارا سۆران,کەرکووک,46,پزیشک,3329
6318,کوردستان قادر,هەولێر,51,دیزاینەر,964
6319,سۆران عومەر,سلێمانی,64,دیزاینەر,519
6320,سۆزان عومەر,دهۆک,20,مامۆستا,430
6321,پشتیوان خۆشناو,ڕانیە,60,بازرگان,1236
6322,کاروان سەعيد,هەولێر,30,ئەندازیار,2348
6323,سۆزان كەریم,دهۆک,41,بازرگان,2808
6324,سۆران قادر,کەرکووک,60,بازرگان,775
6325,ژینۆ سۆران,سۆران,24,دیزاینەر,665
6326,شنۆ كەریم,کۆیە,22,دیزاینەر,3232
6327,ئاری موكری,سۆران,34,ژمێریار,2213
6328,کوردستان كەریم,کۆیە,48,دیزاینەر,2220
6329,تارا خۆشناو,کۆیە,32,بازرگان,1154
6330,هەڵکەوت كەریم,ڕانیە,26,پارێزەر,513
6331,دیار عەبدوڵڵا,هەڵەبجە,55,وێنەگر,3095
6332,کۆسار قادر,ڕانیە,35,ژمێریار,1887
6333,سۆزان خۆشناو,دهۆک,63,ڕۆژنامەنوس,2350
6334,ژینۆ سەعيد,هەولێر,60,ژمێریار,1373
6335,تانیا عەبدوڵڵا,دهۆک,42,پزیشک,1082
6336,سۆزان حەسەن,سلێمانی,36,بازرگان,1196
6337,سۆران خۆشناو,سلێمانی,63,وێنەگر,1811
6338,زانا ئەحمەد,هەڵەبجە,37,پزیشک,916
6339,نیشتمان عوسمان,سلێمانی,18,مامۆستا,2141
6340,کاروان سۆران,کەرکووک,51,گەشەپێدەری سۆفتوێر,3140
6341,هاوڕێ قادر,ڕانیە,42,گەشەپێدەری سۆفتوێر,819
6342,کۆسار سەعيد,هەولێر,59,بازرگان,1508
6343,لەنیا قادر,هەڵەبجە,52,پارێزەر,2644
6344,لەنیا سەعيد,ڕانیە,42,پارێزەر,2187
6345,دیار ئەحمەد,کۆیە,39,بازرگان,1146
6346,کۆسار مەحمود,سلێمانی,25,پارێزەر,2270
6347,هاوڕێ عومەر,هەڵەبجە,19,مامۆستا,524
6348,پشتیوان كەریم,هەڵەبجە,34,پزیشک,2691
6349,ژینۆ كەریم,کۆیە,65,بازرگان,1584
6350,ژینۆ مەحمود,دهۆک,27,گەشەپێدەری سۆفتوێر,2660
6351,هێمن حەسەن,کەرکووک,35,پزیشک,1644
6352,سارا بابان,دهۆک,46,گەشەپێدەری سۆفتوێر,2974
6353,هەڵکەوت گەرمیانی,هەولێر,33,بازرگان,3112
6354,بەختیار مەنگوڕی,سلێمانی,24,ڕۆژنامەنوس,1093
6355,هێمن قادر,هەولێر,58,دیزاینەر,714
6356,سارا ئەحمەد,سۆران,18,ڕۆژنامەنوس,782
6357,سارا عەبدوڵڵا,دهۆک,51,دیزاینەر,532
6358,ژیان عومەر,دهۆک,21,بازرگان,3020
6359,کۆسار جاف,هەڵەبجە,29,پارێزەر,1559
6360,هێمن عوسمان,هەولێر,27,دیزاینەر,1604
6361,کۆسار سەعيد,دهۆک,51,وێنەگر,1446
6362,سارا خۆشناو,سۆران,58,وێنەگر,2899
6363,بەختیار مەنگوڕی,ڕانیە,30,بازرگان,2454
6364,کوردستان بابان,ڕانیە,61,وێنەگر,2058
6365,بەختیار قادر,هەولێر,44,وێنەگر,2250
6366,پشتیوان عوسمان,هەولێر,27,گەشەپێدەری سۆفتوێر,2289
6367,کۆسار سەعيد,کۆیە,31,دیزاینەر,1145
6368,ژینۆ عوسمان,کەرکووک,33,پزیشک,1053
6369,سارا گەرمیانی,سۆران,60,پزیشک,3265
6370,سۆزان گەرمیانی,سلێمانی,49,ڕۆژنامەنوس,1056
6371,ڕێبین مەنگوڕی,سلێمانی,48,دیزاینەر,1422
6372,سۆران عومەر,دهۆک,30,ئەندازیار,1621
6373,سۆزان سۆران,ڕانیە,30,وێنەگر,2689
6374,سۆران مەنگوڕی,کۆیە,58,ڕۆژنامەنوس,673
6375,ڕێبین مەحمود,سۆران,29,ئەندازیار,1743
6376,کوردستان حەسەن,ڕانیە,28,وێنەگر,3276
6377,کاروان كەریم,ڕانیە,39,ژمێریار,2410
6378,ژیان مەنگوڕی,هەولێر,65,پزیشک,656
6379,لەنیا عەبدوڵڵا,کەرکووک,23,گەشەپێدەری سۆفتوێر,2365
6380,ئاری سۆران,هەڵەبجە,27,وێنەگر,1567
6381,ژیان خۆشناو,سۆران,56,پارێزەر,476
6382,تانیا بابان,کەرکووک,18,ڕۆژنامەنوس,705
6383,کۆسار گەرمیانی,کۆیە,54,ئەندازیار,509
6384,ڕێبین عومەر,دهۆک,48,پارێزەر,1702
6385,تارا كەریم,سۆران,34,ئەندازیار,2603
6386,ژیان عومەر,هەولێر,46,ژمێریار,1914
6387,تارا بابان,سۆران,56,پزیشک,2537
6388,تارا موكری,هەولێر,32,ژمێریار,794
6389,ژینۆ كەریم,هەڵەبجە,44,ڕۆژنامەنوس,473
6390,دیار عەبدوڵڵا,کەرکووک,30,گەشەپێدەری سۆفتوێر,2673
6391,سارا حەسەن,کەرکووک,55,پارێزەر,3143
6392,زانا بابان,دهۆک,65,وێنەگر,2508
6393,پشتیوان موكری,دهۆک,44,پزیشک,2590
6394,شێركۆ سۆران,کەرکووک,34,گەشەپێدەری سۆفتوێر,904
6395,کوردستان عومەر,دهۆک,55,وێنەگر,2005
6396,کوردستان بابان,سلێمانی,47,مامۆستا,1756
6397,ژینۆ ئەحمەد,کۆیە,59,ڕۆژنامەنوس,952
6398,هەڵکەوت سەعيد,کەرکووک,61,پزیشک,1834
6399,لەنیا كەریم,دهۆک,31,ڕۆژنامەنوس,2156
6400,ژیان گەرمیانی,هەڵەبجە,55,ئەندازیار,2581
6401,بەختیار عەبدوڵڵا,هەولێر,24,وێنەگر,1844
6402,نیشتمان بابان,دهۆک,59,ڕۆژنامەنوس,1687
6403,هەڵکەوت ئەحمەد,کۆیە,55,ئەندازیار,727
6404,کوردستان كەریم,ڕانیە,55,پارێزەر,1967
6405,هەڵکەوت سەعيد,کەرکووک,57,بازرگان,2750
6406,کوردستان مەنگوڕی,هەولێر,47,پزیشک,2061
6407,ژیان سۆران,هەولێر,41,بازرگان,2103
6408,ڕێبین خۆشناو,کۆیە,43,ئەندازیار,761
6409,بەختیار موكری,دهۆک,48,وێنەگر,1845
6410,بەختیار خۆشناو,ڕانیە,22,وێنەگر,1542
6411,ژینۆ جاف,هەولێر,59,پزیشک,2273
6412,بەختیار مەنگوڕی,دهۆک,52,پارێزەر,418
6413,پشتیوان عومەر,ڕانیە,37,وێنەگر,1289
6414,هاوڕێ سۆران,سۆران,42,ژمێریار,2251
6415,کوردستان خۆشناو,دهۆک,61,گەشەپێدەری سۆفتوێر,2241
6416,سارا كەریم,هەولێر,31,مامۆستا,1485
6417,ژیان گەرمیانی,کەرکووک,57,پزیشک,1138
6418,کۆسار جاف,هەولێر,54,ژمێریار,2059
6419,نیشتمان قادر,کەرکووک,48,وێنەگر,882
6420,ژینۆ كەریم,کۆیە,35,ئەندازیار,1576
6421,شێركۆ خۆشناو,کۆیە,20,پارێزەر,2485
6422,سۆزان عوسمان,ڕانیە,47,پارێزەر,3050
6423,زانا كەریم,هەولێر,65,گەشەپێدەری سۆفتوێر,2804
6424,ژینۆ عومەر,هەولێر,53,ژمێریار,1127
6425,سارا جاف,کۆیە,62,وێنەگر,1344
6426,شنۆ حەسەن,ڕانیە,47,ئەندازیار,1593
6427,سۆران عوسمان,سلێمانی,57,ڕۆژنامەنوس,3149
6428,شنۆ ئەحمەد,کۆیە,34,گەشەپێدەری سۆفتوێر,2356
6429,شنۆ خۆشناو,سۆران,20,ڕۆژنامەنوس,1651
6430,لەنیا خۆشناو,کەرکووک,19,بازرگان,3314
6431,شنۆ عوسمان,دهۆک,41,وێنەگر,3495
6432,کوردستان خۆشناو,هەولێر,44,وێنەگر,1370
6433,کۆسار قادر,کۆیە,52,بازرگان,846
6434,ژینۆ گەرمیانی,هەڵەبجە,36,ڕۆژنامەنوس,1247
6435,هێمن عەبدوڵڵا,کەرکووک,36,ڕۆژنامەنوس,1937
6436,دیار بابان,هەولێر,62,بازرگان,2650
6437,زانا موكری,کەرکووک,45,ڕۆژنامەنوس,1321
6438,سارا قادر,سۆران,20,پزیشک,1837
6439,شنۆ موكری,هەولێر,49,پزیشک,2089
6440,سارا مەنگوڕی,کەرکووک,61,ژمێریار,1145
6441,ژیان خۆشناو,دهۆک,41,مامۆستا,3302
6442,زانا قادر,دهۆک,61,پزیشک,445
6443,شێركۆ مەنگوڕی,سۆران,35,دیزاینەر,3376
6444,تانیا عومەر,کەرکووک,64,گەشەپێدەری سۆفتوێر,1510
6445,تارا حەسەن,هەڵەبجە,32,ژمێریار,812
6446,کۆسار عەبدوڵڵا,کۆیە,26,ئەندازیار,1631
6447,سارا مەحمود,سۆران,29,ڕۆژنامەنوس,1610
6448,کوردستان سەعيد,سلێمانی,25,وێنەگر,2462
6449,تارا بابان,هەولێر,24,ژمێریار,1968
6450,هاوڕێ ئەحمەد,هەولێر,29,دیزاینەر,2877
6451,زانا جاف,هەولێر,20,ڕۆژنامەنوس,2535
6452,نیشتمان عەبدوڵڵا,سۆران,21,پارێزەر,2216
6453,تارا جاف,دهۆک,26,ڕۆژنامەنوس,1347
6454,ژینۆ كەریم,ڕانیە,48,پارێزەر,671
6455,تانیا سۆران,سلێمانی,60,پزیشک,1212
6456,سۆزان گەرمیانی,کەرکووک,50,وێنەگر,593
6457,بەختیار خۆشناو,هەولێر,43,پزیشک,2896
6458,پشتیوان كەریم,کۆیە,20,گەشەپێدەری سۆفتوێر,527
6459,دیار كەریم,سلێمانی,21,گەشەپێدەری سۆفتوێر,2357
6460,هێمن عوسمان,سلێمانی,56,پارێزەر,1679
6461,هێمن قادر,ڕانیە,63,ئەندازیار,2616
6462,لەنیا عوسمان,کەرکووک,19,مامۆستا,1993
6463,تانیا بابان,سلێمانی,56,پارێزەر,1132
6464,کۆسار عوسمان,کەرکووک,44,مامۆستا,1404
6465,ژیان سەعيد,کەرکووک,59,پارێزەر,2329
6466,دیار خۆشناو,هەولێر,53,مامۆستا,648
6467,سارا عوسمان,کەرکووک,53,گەشەپێدەری سۆفتوێر,3454
6468,بەختیار موكری,ڕانیە,49,دیزاینەر,937
6469,ژیان گەرمیانی,کەرکووک,18,بازرگان,2735
6470,دیار مەنگوڕی,هەڵەبجە,57,ڕۆژنامەنوس,2704
6471,بەرزان مەحمود,سلێمانی,46,ژمێریار,1306
6472,لەنیا عەبدوڵڵا,ڕانیە,41,ڕۆژنامەنوس,2342
6473,نیشتمان موكری,ڕانیە,59,پارێزەر,3120
6474,لەنیا مەحمود,کۆیە,63,ژمێریار,1103
6475,بەختیار عوسمان,هەولێر,24,پزیشک,976
6476,کاروان ئەحمەد,هەولێر,40,بازرگان,3418
6477,زانا جاف,کەرکووک,23,وێنەگر,1326
6478,سۆران كەریم,سۆران,27,ئەندازیار,3154
6479,دیار بابان,ڕانیە,42,مامۆستا,1582
6480,ڕێبین قادر,هەولێر,31,ڕۆژنامەنوس,3375
6481,تانیا سەعيد,هەڵەبجە,41,ئەندازیار,1585
6482,ژیان مەنگوڕی,سۆران,58,پارێزەر,3466
6483,هەڵکەوت مەنگوڕی,هەڵەبجە,65,پارێزەر,2617
6484,لەنیا موكری,کەرکووک,29,بازرگان,1886
6485,کاروان عومەر,سۆران,39,گەشەپێدەری سۆفتوێر,603
6486,زانا مەحمود,ڕانیە,44,ژمێریار,993
6487,شنۆ مەنگوڕی,هەولێر,25,ئەندازیار,783
6488,تارا سۆران,دهۆک,55,دیزاینەر,1330
6489,سۆران قادر,کۆیە,43,وێنەگر,2381
6490,زانا خۆشناو,هەڵەبجە,37,پزیشک,2326
6491,ژینۆ بابان,دهۆک,25,گەشەپێدەری سۆفتوێر,1264
6492,ژیان خۆشناو,کەرکووک,37,پزیشک,578
6493,شنۆ مەحمود,ڕانیە,62,ڕۆژنامەنوس,1441
6494,ژینۆ حەسەن,سلێمانی,60,پارێزەر,930
6495,ژینۆ مەنگوڕی,ڕانیە,42,وێنەگر,3133
6496,ژیان قادر,کەرکووک,63,ئەندازیار,2099
6497,ئاری مەحمود,دهۆک,36,ڕۆژنامەنوس,2592
6498,نیشتمان سەعيد,هەولێر,43,پزیشک,1515
6499,سۆزان عوسمان,کۆیە,45,وێنەگر,745
6500,تانیا سۆران,هەڵەبجە,45,ڕۆژنامەنوس,1483
6501,سارا سەعيد,سۆران,64,ژمێریار,1938
6502,سارا عەبدوڵڵا,کەرکووک,56,ژمێریار,2028
6503,هێمن خۆشناو,ڕانیە,52,پارێزەر,2768
6504,هەڵکەوت جاف,سلێمانی,57,ئەندازیار,2812
6505,ژینۆ عوسمان,سۆران,39,پارێزەر,3064
6506,شێركۆ گەرمیانی,سۆران,20,مامۆستا,1251
6507,شنۆ مەحمود,سلێمانی,56,مامۆستا,747
6508,کاروان مەنگوڕی,دهۆک,33,ڕۆژنامەنوس,2399
6509,هێمن گەرمیانی,هەڵەبجە,19,ژمێریار,2994
6510,کۆسار بابان,هەولێر,57,پزیشک,3381
6511,هێمن كەریم,ڕانیە,21,دیزاینەر,870
6512,ڕێبین گەرمیانی,دهۆک,42,وێنەگر,3069
6513,پشتیوان عوسمان,دهۆک,27,پزیشک,518
6514,هەڵکەوت خۆشناو,کەرکووک,54,گەشەپێدەری سۆفتوێر,2189
6515,شنۆ سۆران,سۆران,39,ڕۆژنامەنوس,562
6516,شنۆ عەبدوڵڵا,هەولێر,59,ئەندازیار,2252
6517,ئاری جاف,ڕانیە,46,پارێزەر,2422
6518,بەرزان عومەر,ڕانیە,57,وێنەگر,1499
6519,پشتیوان سۆران,کەرکووک,37,وێنەگر,1730
6520,تانیا سۆران,سۆران,28,بازرگان,1178
6521,کۆسار موكری,کۆیە,26,ڕۆژنامەنوس,2840
6522,تارا مەنگوڕی,سلێمانی,47,وێنەگر,2589
6523,لەنیا سەعيد,هەولێر,36,ئەندازیار,2893
6524,هێمن قادر,سۆران,26,پارێزەر,968
6525,شێركۆ سۆران,هەولێر,19,مامۆستا,1756
6526,کوردستان مەنگوڕی,دهۆک,34,پارێزەر,2445
6527,کوردستان عەبدوڵڵا,هەولێر,65,گەشەپێدەری سۆفتوێر,1376
6528,شنۆ ئەحمەد,ڕانیە,20,بازرگان,2056
6529,دیار جاف,کەرکووک,24,مامۆستا,1284
6530,سۆران عومەر,سۆران,21,گەشەپێدەری سۆفتوێر,2353
6531,سارا سۆران,کۆیە,64,وێنەگر,1107
6532,شنۆ سەعيد,هەڵەبجە,18,ژمێریار,1653
6533,بەرزان سەعيد,کەرکووک,44,وێنەگر,589
6534,سارا عەبدوڵڵا,سلێمانی,55,ڕۆژنامەنوس,3265
6535,لەنیا حەسەن,کۆیە,55,مامۆستا,3222
6536,پشتیوان موكری,هەڵەبجە,41,پارێزەر,3085
6537,لەنیا خۆشناو,هەڵەبجە,25,ژمێریار,3347
6538,ژیان سۆران,سۆران,44,پزیشک,1958
6539,هێمن سۆران,کەرکووک,43,ڕۆژنامەنوس,900
6540,تارا عەبدوڵڵا,هەولێر,24,وێنەگر,2226
6541,ژینۆ قادر,سۆران,41,ژمێریار,885
6542,تارا عەبدوڵڵا,دهۆک,27,وێنەگر,2963
6543,تارا گەرمیانی,ڕانیە,61,ڕۆژنامەنوس,1443
6544,هاوڕێ عومەر,کۆیە,54,ڕۆژنامەنوس,3461
6545,ئاری خۆشناو,ڕانیە,50,مامۆستا,2826
6546,زانا ئەحمەد,دهۆک,31,گەشەپێدەری سۆفتوێر,2668
6547,لەنیا حەسەن,کەرکووک,54,ئەندازیار,2461
6548,ڕێبین ئەحمەد,کەرکووک,49,ڕۆژنامەنوس,958
6549,سارا گەرمیانی,هەولێر,35,پزیشک,2086
6550,نیشتمان مەحمود,کەرکووک,59,ژمێریار,2607
6551,ژینۆ مەحمود,کۆیە,63,دیزاینەر,3301
6552,کاروان كەریم,دهۆک,31,پزیشک,2171
6553,کۆسار مەنگوڕی,سۆران,58,مامۆستا,1176
6554,ژیان خۆشناو,سۆران,31,گەشەپێدەری سۆفتوێر,962
6555,دیار خۆشناو,کۆیە,37,دیزاینەر,2258
6556,تانیا مەحمود,ڕانیە,40,ژمێریار,3088
6557,نیشتمان سەعيد,دهۆک,19,ئەندازیار,3449
6558,سۆزان بابان,هەڵەبجە,51,ژمێریار,1617
6559,تارا بابان,سلێمانی,59,ئەندازیار,2239
6560,زانا سۆران,هەڵەبجە,60,پارێزەر,2412
6561,تانیا عەبدوڵڵا,سلێمانی,28,ئەندازیار,2345
6562,سارا عومەر,کەرکووک,42,گەشەپێدەری سۆفتوێر,980
6563,کاروان مەنگوڕی,سۆران,61,وێنەگر,624
6564,لەنیا عومەر,کۆیە,23,مامۆستا,739
6565,کۆسار عومەر,هەولێر,21,ڕۆژنامەنوس,1055
6566,زانا عومەر,هەولێر,50,وێنەگر,1832
6567,ڕێبین مەنگوڕی,هەڵەبجە,60,ئەندازیار,726
6568,پشتیوان عەبدوڵڵا,هەڵەبجە,40,دیزاینەر,3136
6569,سۆران مەحمود,کۆیە,44,بازرگان,3450
6570,هێمن كەریم,سۆران,33,بازرگان,1074
6571,شنۆ عەبدوڵڵا,سلێمانی,43,ژمێریار,1957
6572,ژیان خۆشناو,سۆران,27,ژمێریار,1591
6573,سارا عەبدوڵڵا,کەرکووک,48,گەشەپێدەری سۆفتوێر,562
6574,شنۆ جاف,دهۆک,33,پارێزەر,2627
6575,شێركۆ سۆران,کۆیە,63,مامۆستا,2087
6576,شنۆ عومەر,ڕانیە,43,پارێزەر,447
6577,کوردستان خۆشناو,سلێمانی,20,مامۆستا,1506
6578,زانا ئەحمەد,ڕانیە,31,پزیشک,2109
6579,هێمن عوسمان,کۆیە,34,پارێزەر,3033
6580,بەرزان سەعيد,ڕانیە,41,پزیشک,3471
6581,سۆران سۆران,کەرکووک,29,پزیشک,1062
6582,شنۆ عەبدوڵڵا,کەرکووک,60,دیزاینەر,1583
6583,سۆران جاف,سلێمانی,21,ڕۆژنامەنوس,3469
6584,کۆسار كەریم,ڕانیە,24,دیزاینەر,2515
6585,تانیا عەبدوڵڵا,سلێمانی,20,وێنەگر,2772
6586,هەڵکەوت عوسمان,کەرکووک,27,پارێزەر,1025
6587,لەنیا عوسمان,دهۆک,34,ڕۆژنامەنوس,1313
6588,هێمن گەرمیانی,کەرکووک,62,دیزاینەر,977
6589,نیشتمان عوسمان,سۆران,64,ژمێریار,3467
6590,کاروان خۆشناو,دهۆک,32,ئەندازیار,2040
6591,شنۆ موكری,ڕانیە,54,وێنەگر,1550
6592,هاوڕێ قادر,سلێمانی,28,ڕۆژنامەنوس,2483
6593,دیار سەعيد,کۆیە,29,ڕۆژنامەنوس,1781
6594,ژینۆ مەنگوڕی,ڕانیە,38,پزیشک,1962
6595,لەنیا جاف,سلێمانی,29,ژمێریار,500
6596,ئاری عومەر,کەرکووک,59,ڕۆژنامەنوس,2232
6597,پشتیوان مەحمود,هەڵەبجە,64,دیزاینەر,1688
6598,ئاری مەحمود,سۆران,49,مامۆستا,3144
6599,تارا گەرمیانی,کۆیە,50,مامۆستا,3290
6600,سۆزان جاف,سلێمانی,43,مامۆستا,2158
6601,هاوڕێ ئەحمەد,هەڵەبجە,40,ژمێریار,881
6602,سارا مەحمود,دهۆک,43,وێنەگر,3399
6603,ئاری گەرمیانی,کۆیە,42,ژمێریار,3177
6604,کاروان عەبدوڵڵا,هەولێر,57,پارێزەر,2761
6605,شێركۆ حەسەن,سلێمانی,44,بازرگان,628
6606,شێركۆ كەریم,سۆران,22,بازرگان,2003
6607,تارا مەنگوڕی,کۆیە,51,وێنەگر,3362
6608,کۆسار حەسەن,سۆران,21,ژمێریار,2252
6609,سۆران بابان,کۆیە,41,مامۆستا,2255
6610,دیار كەریم,هەڵەبجە,53,ژمێریار,3362
6611,سۆران عەبدوڵڵا,دهۆک,41,پزیشک,1057
6612,هێمن سۆران,کۆیە,32,وێنەگر,3311
6613,سارا مەنگوڕی,دهۆک,59,پزیشک,1858
6614,تارا گەرمیانی,هەولێر,48,دیزاینەر,1978
6615,شێركۆ مەحمود,هەولێر,57,دیزاینەر,912
6616,نیشتمان بابان,سلێمانی,38,دیزاینەر,2148
6617,ڕێبین بابان,هەڵەبجە,43,بازرگان,2418
6618,هاوڕێ قادر,کۆیە,53,وێنەگر,2918
6619,ژینۆ ئەحمەد,دهۆک,24,پارێزەر,1914
6620,بەرزان سۆران,دهۆک,37,وێنەگر,3269
6621,بەختیار عەبدوڵڵا,دهۆک,43,پارێزەر,1631
6622,زانا ئەحمەد,ڕانیە,31,بازرگان,1132
6623,کوردستان سەعيد,هەڵەبجە,50,وێنەگر,607
6624,زانا عەبدوڵڵا,کەرکووک,21,پارێزەر,1224
6625,زانا عومەر,هەڵەبجە,25,ڕۆژنامەنوس,1688
6626,شێركۆ بابان,سلێمانی,43,بازرگان,2298
6627,نیشتمان سۆران,سلێمانی,49,وێنەگر,1707
6628,سۆران گەرمیانی,ڕانیە,21,مامۆستا,2367
6629,لەنیا عەبدوڵڵا,سۆران,44,پارێزەر,3427
6630,سۆزان سەعيد,دهۆک,64,ئەندازیار,2803
6631,دیار سۆران,دهۆک,58,پارێزەر,1492
6632,سۆزان مەنگوڕی,ڕانیە,58,دیزاینەر,2762
6633,تانیا عومەر,سلێمانی,64,پارێزەر,1387
6634,ڕێبین بابان,کۆیە,50,گەشەپێدەری سۆفتوێر,2412
6635,لەنیا كەریم,ڕانیە,48,پزیشک,1188
6636,زانا مەنگوڕی,سلێمانی,40,پزیشک,3323
6637,هاوڕێ سۆران,هەڵەبجە,35,بازرگان,2381
6638,ژیان عوسمان,هەڵەبجە,27,مامۆستا,2105
6639,ژیان ئەحمەد,کەرکووک,62,پارێزەر,668
6640,نیشتمان عەبدوڵڵا,هەڵەبجە,55,بازرگان,3442
6641,دیار موكری,سۆران,64,پزیشک,606
6642,هێمن خۆشناو,هەڵەبجە,58,وێنەگر,1895
6643,نیشتمان سۆران,سلێمانی,21,گەشەپێدەری سۆفتوێر,1631
6644,کاروان عەبدوڵڵا,هەولێر,39,ئەندازیار,1319
6645,سارا عومەر,هەولێر,37,پزیشک,2274
6646,ڕێبین گەرمیانی,کەرکووک,51,پزیشک,1338
6647,نیشتمان قادر,ڕانیە,18,دیزاینەر,1955
6648,هەڵکەوت جاف,دهۆک,58,پزیشک,946
6649,بەرزان عومەر,کۆیە,31,گەشەپێدەری سۆفتوێر,499
6650,هێمن سەعيد,سۆران,28,بازرگان,437
6651,شنۆ ئەحمەد,کۆیە,23,مامۆستا,2452
6652,تانیا عوسمان,کەرکووک,64,وێنەگر,2097
6653,ئاری كەریم,هەڵەبجە,36,ڕۆژنامەنوس,2899
6654,هەڵکەوت خۆشناو,هەولێر,48,ژمێریار,1734
6655,تانیا حەسەن,سۆران,41,دیزاینەر,2984
6656,شێركۆ جاف,ڕانیە,37,پزیشک,434
6657,بەختیار مەنگوڕی,ڕانیە,57,دیزاینەر,559
6658,ئاری گەرمیانی,سۆران,54,ڕۆژنامەنوس,2541
6659,تارا قادر,کەرکووک,19,ڕۆژنامەنوس,1384
6660,ڕێبین موكری,دهۆک,32,ژمێریار,3143
6661,هەڵکەوت عوسمان,ڕانیە,49,دیزاینەر,825
6662,شێركۆ ئەحمەد,هەڵەبجە,52,ئەندازیار,2010
6663,سارا خۆشناو,هەولێر,26,پارێزەر,2232
6664,تانیا مەنگوڕی,ڕانیە,37,ڕۆژنامەنوس,1466
6665,شنۆ بابان,هەڵەبجە,57,ئەندازیار,2719
6666,هێمن عەبدوڵڵا,کەرکووک,26,پزیشک,3071
6667,شنۆ مەحمود,ڕانیە,60,ئەندازیار,2677
6668,کۆسار گەرمیانی,کۆیە,55,ژمێریار,1186
6669,شێركۆ كەریم,دهۆک,23,ڕۆژنامەنوس,1415
6670,دیار حەسەن,کۆیە,32,ئەندازیار,1533
6671,هێمن قادر,سلێمانی,22,ڕۆژنامەنوس,2013
6672,ئاری عومەر,ڕانیە,24,مامۆستا,1652
6673,ژینۆ موكری,سۆران,27,ڕۆژنامەنوس,2470
6674,کوردستان جاف,هەولێر,40,بازرگان,2554
6675,سارا موكری,سۆران,55,پارێزەر,2565
6676,کوردستان جاف,سۆران,56,ڕۆژنامەنوس,426
6677,هەڵکەوت خۆشناو,سۆران,64,دیزاینەر,2867
6678,بەختیار بابان,دهۆک,20,ژمێریار,3290
6679,سۆران مەنگوڕی,کۆیە,46,مامۆستا,3410
6680,ئاری گەرمیانی,کەرکووک,38,وێنەگر,2243
6681,ئاری مەحمود,سلێمانی,22,ژمێریار,1289
6682,تانیا سەعيد,هەڵەبجە,63,بازرگان,1761
6683,کوردستان سۆران,ڕانیە,37,دیزاینەر,2434
6684,ژینۆ مەحمود,ڕانیە,26,مامۆستا,650
6685,کۆسار جاف,سۆران,65,مامۆستا,1378
6686,سۆزان مەحمود,سلێمانی,63,پزیشک,436
6687,کوردستان عومەر,سۆران,41,پارێزەر,2781
6688,زانا خۆشناو,ڕانیە,49,ژمێریار,2043
6689,پشتیوان كەریم,هەولێر,60,پزیشک,1377
6690,لەنیا بابان,هەولێر,54,گەشەپێدەری سۆفتوێر,2292
6691,سارا خۆشناو,سۆران,54,ژمێریار,1984
6692,شێركۆ عەبدوڵڵا,کۆیە,27,ئەندازیار,675
6693,کاروان قادر,سلێمانی,49,مامۆستا,2999
6694,ئاری خۆشناو,کۆیە,42,ئەندازیار,859
6695,ئاری مەنگوڕی,سلێمانی,56,بازرگان,3495
6696,تانیا عەبدوڵڵا,کەرکووک,37,ژمێریار,1219
6697,سارا خۆشناو,هەڵەبجە,21,مامۆستا,1974
6698,سۆزان مەحمود,هەولێر,47,ژمێریار,1487
6699,سارا عەبدوڵڵا,ڕانیە,37,گەشەپێدەری سۆفتوێر,2346
6700,ئاری عوسمان,هەولێر,39,پارێزەر,2903
6701,کۆسار عومەر,سلێمانی,39,پزیشک,757
6702,هێمن عوسمان,ڕانیە,64,گەشەپێدەری سۆفتوێر,1792
6703,لەنیا عوسمان,سلێمانی,29,ژمێریار,967
6704,هێمن مەنگوڕی,هەولێر,26,پزیشک,3095
6705,کاروان عەبدوڵڵا,هەڵەبجە,39,ئەندازیار,710
6706,کاروان جاف,کەرکووک,32,وێنەگر,2367
6707,سۆزان مەحمود,هەولێر,18,مامۆستا,1474
6708,سارا حەسەن,سلێمانی,42,وێنەگر,3435
6709,شنۆ حەسەن,کۆیە,35,دیزاینەر,2974
6710,ژینۆ حەسەن,هەولێر,34,بازرگان,982
6711,سارا سۆران,سلێمانی,30,ڕۆژنامەنوس,1360
6712,تانیا موكری,کەرکووک,64,وێنەگر,1303
6713,سۆزان قادر,دهۆک,31,وێنەگر,2188
6714,زانا خۆشناو,سۆران,46,دیزاینەر,2310
6715,کۆسار عومەر,هەڵەبجە,57,بازرگان,2704
6716,شێركۆ عەبدوڵڵا,سۆران,42,وێنەگر,3376
6717,کاروان قادر,سلێمانی,48,ژمێریار,538
6718,بەرزان سەعيد,ڕانیە,33,پارێزەر,1251
6719,کاروان خۆشناو,هەولێر,49,دیزاینەر,2086
6720,تانیا سەعيد,کۆیە,20,ڕۆژنامەنوس,2759
6721,پشتیوان سەعيد,کۆیە,41,بازرگان,3368
6722,تارا مەحمود,ڕانیە,45,بازرگان,1259
6723,هاوڕێ عوسمان,ڕانیە,26,ژمێریار,3274
6724,لەنیا موكری,کەرکووک,26,پارێزەر,2539
6725,تارا جاف,هەولێر,25,پارێزەر,2040
6726,تانیا خۆشناو,سۆران,42,پارێزەر,1876
6727,سۆزان قادر,هەولێر,48,ئەندازیار,1497
6728,سۆزان جاف,سۆران,31,دیزاینەر,634
6729,سۆزان مەحمود,ڕانیە,42,ئەندازیار,1148
6730,ئاری مەنگوڕی,کۆیە,30,گەشەپێدەری سۆفتوێر,1365
6731,پشتیوان سۆران,دهۆک,48,گەشەپێدەری سۆفتوێر,1243
6732,سۆزان حەسەن,سۆران,53,بازرگان,830
6733,زانا ئەحمەد,ڕانیە,51,پزیشک,3416
6734,ژیان سۆران,ڕانیە,20,پزیشک,2278
6735,کوردستان بابان,کۆیە,42,وێنەگر,1677
6736,ڕێبین عەبدوڵڵا,هەولێر,28,دیزاینەر,2609
6737,سۆزان عومەر,کەرکووک,26,ژمێریار,2855
6738,کاروان سۆران,سلێمانی,35,ڕۆژنامەنوس,2783
6739,دیار سەعيد,کۆیە,48,ڕۆژنامەنوس,1827
6740,ژینۆ عەبدوڵڵا,کۆیە,61,بازرگان,2227
6741,هێمن مەحمود,دهۆک,22,ژمێریار,2128
6742,هاوڕێ مەنگوڕی,سلێمانی,57,دیزاینەر,1398
6743,ژینۆ مەنگوڕی,سۆران,53,وێنەگر,2760
6744,هێمن كەریم,هەڵەبجە,45,دیزاینەر,1633
6745,کوردستان كەریم,سلێمانی,18,ئەندازیار,877
6746,شێركۆ عوسمان,کۆیە,30,ڕۆژنامەنوس,2990
6747,ڕێبین ئەحمەد,کۆیە,62,ڕۆژنامەنوس,1321
6748,پشتیوان قادر,کۆیە,31,ژمێریار,3154
6749,دیار ئەحمەد,هەولێر,29,گەشەپێدەری سۆفتوێر,1973
6750,هەڵکەوت قادر,سلێمانی,48,ئەندازیار,2821
6751,ژینۆ گەرمیانی,سلێمانی,58,گەشەپێدەری سۆفتوێر,2342
6752,کاروان عوسمان,ڕانیە,37,ڕۆژنامەنوس,849
6753,لەنیا قادر,سۆران,21,ئەندازیار,1474
6754,ڕێبین حەسەن,سۆران,25,پارێزەر,1365
6755,سۆزان سەعيد,سۆران,55,مامۆستا,1364
6756,تانیا ئەحمەد,دهۆک,59,گەشەپێدەری سۆفتوێر,1911
6757,تانیا سۆران,کەرکووک,35,ژمێریار,791
6758,زانا عومەر,هەڵەبجە,62,بازرگان,538
6759,کوردستان موكری,سلێمانی,39,ژمێریار,1913
6760,تارا جاف,سلێمانی,62,ئەندازیار,2367
6761,ژیان بابان,ڕانیە,61,پارێزەر,1321
6762,هێمن كەریم,دهۆک,60,پارێزەر,1082
6763,شنۆ مەحمود,سلێمانی,23,دیزاینەر,3159
6764,کاروان كەریم,سۆران,48,ڕۆژنامەنوس,2162
6765,ژیان بابان,ڕانیە,52,گەشەپێدەری سۆفتوێر,2016
6766,ژینۆ بابان,هەولێر,18,بازرگان,500
6767,سۆران جاف,هەڵەبجە,46,ئەندازیار,2119
6768,هاوڕێ بابان,هەڵەبجە,18,ئەندازیار,1062
6769,دیار جاف,کەرکووک,18,گەشەپێدەری سۆفتوێر,1191
6770,زانا گەرمیانی,سۆران,42,پارێزەر,2486
6771,کوردستان حەسەن,ڕانیە,18,پزیشک,1202
6772,هاوڕێ جاف,کۆیە,45,وێنەگر,792
6773,شێركۆ بابان,کۆیە,34,پزیشک,3470
6774,شنۆ مەنگوڕی,سۆران,25,ئەندازیار,2884
6775,سۆزان جاف,هەڵەبجە,52,وێنەگر,2442
6776,ژیان عەبدوڵڵا,ڕانیە,37,ئەندازیار,567
6777,کۆسار سەعيد,دهۆک,33,گەشەپێدەری سۆفتوێر,2370
6778,کۆسار بابان,دهۆک,49,بازرگان,3382
6779,تانیا مەنگوڕی,دهۆک,51,پزیشک,2032
6780,هاوڕێ سۆران,ڕانیە,33,پارێزەر,2832
6781,کاروان عومەر,سۆران,24,پارێزەر,832
6782,ئاری بابان,کۆیە,58,گەشەپێدەری سۆفتوێر,3100
6783,کۆسار جاف,کەرکووک,29,ئەندازیار,2362
6784,هاوڕێ عەبدوڵڵا,سلێمانی,46,ژمێریار,2792
6785,کۆسار سەعيد,دهۆک,35,دیزاینەر,1014
6786,ژیان ئەحمەد,سلێمانی,31,بازرگان,1331
6787,پشتیوان كەریم,هەولێر,22,ڕۆژنامەنوس,1894
6788,لەنیا سۆران,هەڵەبجە,43,ئەندازیار,1935
6789,ژیان سەعيد,سۆران,20,گەشەپێدەری سۆفتوێر,2536
6790,ڕێبین مەنگوڕی,ڕانیە,32,بازرگان,1223
6791,هاوڕێ مەحمود,ڕانیە,63,پارێزەر,3025
6792,کوردستان مەنگوڕی,کۆیە,37,دیزاینەر,988
6793,دیار كەریم,کەرکووک,65,ئەندازیار,3405
6794,کۆسار سۆران,کەرکووک,45,مامۆستا,2439
6795,بەرزان حەسەن,هەولێر,25,مامۆستا,2641
6796,بەرزان عومەر,سۆران,45,گەشەپێدەری سۆفتوێر,3148
6797,سارا مەنگوڕی,ڕانیە,21,ئەندازیار,603
6798,کاروان سەعيد,سلێمانی,30,ئەندازیار,2379
6799,هێمن بابان,هەولێر,25,پزیشک,781
6800,ئاری ئەحمەد,کۆیە,21,وێنەگر,2268
6801,نیشتمان سۆران,کۆیە,59,پارێزەر,2978
6802,بەختیار سەعيد,ڕانیە,30,ئەندازیار,2833
6803,بەختیار خۆشناو,کەرکووک,57,وێنەگر,2705
6804,کاروان كەریم,کەرکووک,45,گەشەپێدەری سۆفتوێر,1576
6805,نیشتمان كەریم,کەرکووک,54,پارێزەر,2432
6806,سۆزان عەبدوڵڵا,کۆیە,35,پزیشک,993
6807,ژینۆ خۆشناو,هەولێر,22,ئەندازیار,421
6808,بەرزان جاف,دهۆک,33,پزیشک,1900
6809,کوردستان ئەحمەد,کۆیە,51,ڕۆژنامەنوس,3082
6810,زانا عەبدوڵڵا,کۆیە,50,بازرگان,404
6811,دیار قادر,دهۆک,20,ڕۆژنامەنوس,1841
6812,هەڵکەوت سۆران,هەولێر,60,پارێزەر,2289
6813,سارا قادر,کۆیە,30,ڕۆژنامەنوس,547
6814,کوردستان سۆران,کۆیە,36,مامۆستا,970
6815,ئاری خۆشناو,هەولێر,40,وێنەگر,2410
6816,سارا مەحمود,سۆران,65,پارێزەر,1984
6817,سۆزان جاف,هەڵەبجە,23,دیزاینەر,1252
6818,هەڵکەوت عوسمان,هەولێر,42,ڕۆژنامەنوس,796
6819,هێمن سەعيد,سۆران,20,وێنەگر,3473
6820,بەختیار عومەر,کەرکووک,36,مامۆستا,2631
6821,کۆسار ئەحمەد,دهۆک,39,مامۆستا,3318
6822,تانیا موكری,هەڵەبجە,53,پارێزەر,2658
6823,ڕێبین عەبدوڵڵا,کۆیە,41,ئەندازیار,2029
6824,تارا عومەر,کەرکووک,21,پزیشک,2698
6825,کاروان مەنگوڕی,سۆران,46,پزیشک,3363
6826,ڕێبین گەرمیانی,ڕانیە,19,ئەندازیار,2131
6827,ئاری كەریم,هەڵەبجە,57,بازرگان,1554
6828,ئاری بابان,کۆیە,38,پارێزەر,1448
6829,کۆسار كەریم,سۆران,40,گەشەپێدەری سۆفتوێر,1541
6830,دیار سۆران,دهۆک,57,مامۆستا,1517
6831,زانا بابان,دهۆک,26,وێنەگر,1443
6832,سۆزان بابان,ڕانیە,62,گەشەپێدەری سۆفتوێر,3315
6833,ڕێبین حەسەن,هەڵەبجە,22,وێنەگر,2353
6834,کاروان سەعيد,سلێمانی,41,ڕۆژنامەنوس,1212
6835,پشتیوان عوسمان,سۆران,40,ئەندازیار,2502
6836,نیشتمان موكری,سلێمانی,61,وێنەگر,3265
6837,کوردستان عوسمان,دهۆک,38,ئەندازیار,1401
6838,شێركۆ گەرمیانی,هەولێر,19,مامۆستا,1642
6839,لەنیا عوسمان,کەرکووک,56,ژمێریار,991
6840,کۆسار قادر,سلێمانی,36,ئەندازیار,1983
6841,کۆسار عەبدوڵڵا,هەولێر,60,مامۆستا,729
6842,ژیان حەسەن,سۆران,44,ڕۆژنامەنوس,1869
6843,پشتیوان قادر,کۆیە,61,ڕۆژنامەنوس,1144
6844,بەرزان حەسەن,کۆیە,25,گەشەپێدەری سۆفتوێر,1372
6845,ڕێبین مەنگوڕی,ڕانیە,30,پارێزەر,764
6846,ئاری حەسەن,کۆیە,34,پزیشک,1065
6847,بەختیار بابان,ڕانیە,52,مامۆستا,2694
6848,هەڵکەوت قادر,سلێمانی,20,وێنەگر,1133
6849,بەرزان عومەر,کەرکووک,41,دیزاینەر,1806
6850,کۆسار گەرمیانی,ڕانیە,44,گەشەپێدەری سۆفتوێر,2246
6851,سۆزان مەنگوڕی,هەولێر,38,مامۆستا,1725
6852,نیشتمان عوسمان,هەولێر,40,گەشەپێدەری سۆفتوێر,3139
6853,بەختیار مەنگوڕی,سلێمانی,29,مامۆستا,1070
6854,هێمن ئەحمەد,سلێمانی,50,وێنەگر,3096
6855,ژینۆ بابان,هەولێر,20,مامۆستا,1770
6856,ئاری سۆران,سۆران,64,بازرگان,2163
6857,کۆسار سەعيد,هەڵەبجە,28,وێنەگر,2460
6858,کۆسار مەحمود,سلێمانی,55,ژمێریار,917
6859,زانا مەنگوڕی,هەڵەبجە,18,ژمێریار,1043
6860,سۆران مەحمود,کەرکووک,64,مامۆستا,3056
6861,نیشتمان مەنگوڕی,کەرکووک,22,پارێزەر,646
6862,کوردستان عومەر,سلێمانی,53,ژمێریار,2174
6863,نیشتمان عوسمان,کەرکووک,61,ئەندازیار,943
6864,تانیا عومەر,ڕانیە,22,ڕۆژنامەنوس,2009
6865,لەنیا عوسمان,دهۆک,56,مامۆستا,1913
6866,ڕێبین عوسمان,کەرکووک,52,وێنەگر,671
6867,کوردستان گەرمیانی,سۆران,56,مامۆستا,515
6868,بەرزان گەرمیانی,ڕانیە,57,وێنەگر,2128
6869,شنۆ سۆران,سۆران,28,پارێزەر,2252
6870,تانیا سۆران,ڕانیە,38,بازرگان,1934
6871,ڕێبین گەرمیانی,سۆران,39,مامۆستا,2903
6872,سۆران عومەر,هەڵەبجە,46,مامۆستا,1700
6873,ئاری خۆشناو,هەولێر,65,بازرگان,1163
6874,کاروان سۆران,کەرکووک,23,گەشەپێدەری سۆفتوێر,707
6875,دیار موكری,سۆران,23,بازرگان,403
6876,شنۆ ئەحمەد,کەرکووک,30,وێنەگر,1395
6877,کاروان عەبدوڵڵا,دهۆک,27,ئەندازیار,2023
6878,سارا سۆران,هەولێر,43,دیزاینەر,2453
6879,سارا جاف,دهۆک,55,گەشەپێدەری سۆفتوێر,1822
6880,شێركۆ كەریم,ڕانیە,28,پزیشک,2663
6881,تارا جاف,سلێمانی,62,دیزاینەر,1651
6882,ژیان عومەر,سلێمانی,28,ڕۆژنامەنوس,623
6883,سۆزان گەرمیانی,هەولێر,47,ژمێریار,2531
6884,لەنیا موكری,دهۆک,61,گەشەپێدەری سۆفتوێر,2897
6885,ئاری كەریم,سۆران,42,پزیشک,1169
6886,هێمن مەحمود,سۆران,63,پزیشک,3078
6887,هەڵکەوت موكری,سلێمانی,51,مامۆستا,2885
6888,هێمن جاف,هەڵەبجە,59,گەشەپێدەری سۆفتوێر,2715
6889,هەڵکەوت خۆشناو,کۆیە,64,مامۆستا,904
6890,کاروان عوسمان,هەولێر,65,گەشەپێدەری سۆفتوێر,974
6891,هاوڕێ گەرمیانی,دهۆک,41,ژمێریار,423
6892,ژیان عوسمان,سلێمانی,30,پزیشک,457
6893,سارا مەحمود,سلێمانی,57,ئەندازیار,2416
6894,هەڵکەوت گەرمیانی,سۆران,21,پارێزەر,1587
6895,کوردستان سەعيد,سۆران,50,گەشەپێدەری سۆفتوێر,2889
6896,سارا كەریم,ڕانیە,22,ژمێریار,2414
6897,ڕێبین موكری,دهۆک,64,ئەندازیار,1922
6898,هەڵکەوت سەعيد,ڕانیە,30,ڕۆژنامەنوس,2342
6899,کاروان مەحمود,هەڵەبجە,41,گەشەپێدەری سۆفتوێر,1139
6900,کۆسار عوسمان,ڕانیە,55,ژمێریار,1034
6901,سۆزان عەبدوڵڵا,کۆیە,62,دیزاینەر,617
6902,سۆزان ئەحمەد,ڕانیە,51,مامۆستا,1157
6903,سۆزان سەعيد,ڕانیە,39,مامۆستا,2036
6904,سۆران جاف,دهۆک,22,بازرگان,1240
6905,تانیا عەبدوڵڵا,هەڵەبجە,61,پزیشک,2168
6906,پشتیوان خۆشناو,کۆیە,58,بازرگان,818
6907,لەنیا مەنگوڕی,سلێمانی,49,مامۆستا,559
6908,کۆسار عەبدوڵڵا,سۆران,65,ژمێریار,2851
6909,لەنیا گەرمیانی,هەولێر,26,وێنەگر,3073
6910,پشتیوان سۆران,ڕانیە,32,ژمێریار,457
6911,بەختیار گەرمیانی,سلێمانی,19,گەشەپێدەری سۆفتوێر,3489
6912,هێمن ئەحمەد,کەرکووک,57,ئەندازیار,1880
6913,سارا مەنگوڕی,هەڵەبجە,22,ڕۆژنامەنوس,2975
6914,سۆران سەعيد,ڕانیە,45,ئەندازیار,928
6915,سارا حەسەن,ڕانیە,64,ئەندازیار,2829
6916,شنۆ موكری,سۆران,53,دیزاینەر,689
6917,هاوڕێ بابان,سۆران,62,گەشەپێدەری سۆفتوێر,620
6918,زانا جاف,ڕانیە,57,مامۆستا,643
6919,هاوڕێ مەنگوڕی,سلێمانی,20,بازرگان,2533
6920,لەنیا عەبدوڵڵا,هەڵەبجە,31,پارێزەر,2585
6921,تارا بابان,دهۆک,43,ژمێریار,1692
6922,تانیا سۆران,هەولێر,56,وێنەگر,2251
6923,ڕێبین خۆشناو,هەڵەبجە,22,پزیشک,3007
6924,هاوڕێ موكری,دهۆک,22,ڕۆژنامەنوس,1771
6925,پشتیوان خۆشناو,هەولێر,43,دیزاینەر,1381
6926,بەختیار بابان,هەولێر,65,گەشەپێدەری سۆفتوێر,2027
6927,نیشتمان عەبدوڵڵا,هەڵەبجە,52,وێنەگر,1246
6928,هەڵکەوت خۆشناو,سۆران,55,بازرگان,1994
6929,کاروان ئەحمەد,کۆیە,57,وێنەگر,1035
6930,هێمن حەسەن,کەرکووک,52,ئەندازیار,2733
6931,هەڵکەوت ئەحمەد,کۆیە,19,ئەندازیار,423
6932,هاوڕێ ئەحمەد,سۆران,53,پزیشک,2071
6933,ژینۆ مەنگوڕی,ڕانیە,20,پزیشک,561
6934,تانیا بابان,هەولێر,25,ئەندازیار,2631
6935,هێمن بابان,هەڵەبجە,20,ژمێریار,958
6936,ژینۆ خۆشناو,سۆران,40,ڕۆژنامەنوس,1462
6937,ڕێبین بابان,ڕانیە,37,ڕۆژنامەنوس,1898
6938,هێمن بابان,ڕانیە,40,دیزاینەر,688
6939,سۆران عەبدوڵڵا,کەرکووک,30,ئەندازیار,438
6940,کوردستان عەبدوڵڵا,هەڵەبجە,29,ڕۆژنامەنوس,2986
6941,تانیا جاف,ڕانیە,62,پزیشک,1461
6942,شێركۆ سەعيد,هەولێر,28,وێنەگر,823
6943,زانا قادر,ڕانیە,64,بازرگان,526
6944,شنۆ مەنگوڕی,سلێمانی,33,ئەندازیار,409
6945,لەنیا حەسەن,دهۆک,36,مامۆستا,2740
6946,ژیان عەبدوڵڵا,دهۆک,65,بازرگان,1300
6947,تارا عومەر,کۆیە,26,گەشەپێدەری سۆفتوێر,545
6948,شنۆ موكری,هەولێر,52,وێنەگر,2944
6949,دیار حەسەن,سلێمانی,58,پارێزەر,1730
6950,سۆزان سۆران,کۆیە,56,پزیشک,1443
6951,ژینۆ ئەحمەد,سلێمانی,24,بازرگان,2786
6952,لەنیا حەسەن,هەڵەبجە,23,بازرگان,3041
6953,نیشتمان قادر,دهۆک,27,پارێزەر,751
6954,دیار ئەحمەد,کەرکووک,36,پزیشک,2556
6955,شنۆ قادر,کۆیە,57,پارێزەر,890
6956,شێركۆ بابان,کۆیە,37,پارێزەر,897
6957,پشتیوان مەحمود,سۆران,32,دیزاینەر,2884
6958,ڕێبین سۆران,هەولێر,21,وێنەگر,2913
6959,نیشتمان بابان,دهۆک,56,مامۆستا,677
6960,کوردستان بابان,هەولێر,38,پارێزەر,3063
6961,شنۆ عومەر,دهۆک,38,ئەندازیار,1362
6962,بەرزان موكری,سلێمانی,36,پارێزەر,3178
6963,هاوڕێ عەبدوڵڵا,هەڵەبجە,37,دیزاینەر,3041
6964,کۆسار سەعيد,هەڵەبجە,45,پارێزەر,1217
6965,بەرزان عەبدوڵڵا,هەولێر,54,ڕۆژنامەنوس,3229
6966,شێركۆ سۆران,کۆیە,47,پارێزەر,1896
6967,ژینۆ مەحمود,هەولێر,61,ژمێریار,3045
6968,ژینۆ عومەر,هەولێر,48,دیزاینەر,1863
6969,نیشتمان حەسەن,سۆران,54,ڕۆژنامەنوس,1516
6970,هێمن عوسمان,سۆران,21,ڕۆژنامەنوس,1372
6971,شنۆ مەنگوڕی,ڕانیە,58,ژمێریار,889
6972,نیشتمان حەسەن,کۆیە,48,مامۆستا,1872
6973,هەڵکەوت موكری,دهۆک,59,ژمێریار,2917
6974,شنۆ بابان,هەولێر,19,ڕۆژنامەنوس,2516
6975,هاوڕێ جاف,سۆران,31,وێنەگر,1602
6976,شێركۆ خۆشناو,کەرکووک,51,پارێزەر,2461
6977,شنۆ جاف,سۆران,35,پزیشک,3359
6978,کاروان بابان,سۆران,57,ئەندازیار,2260
6979,هێمن گەرمیانی,هەڵەبجە,51,گەشەپێدەری سۆفتوێر,1900
6980,هەڵکەوت خۆشناو,کەرکووک,21,ڕۆژنامەنوس,2827
6981,کۆسار خۆشناو,کۆیە,19,مامۆستا,531
6982,نیشتمان موكری,هەڵەبجە,41,ژمێریار,2365
6983,ژینۆ بابان,دهۆک,28,ئەندازیار,1954
6984,زانا كەریم,کەرکووک,30,ژمێریار,1004
6985,پشتیوان عەبدوڵڵا,کۆیە,31,گەشەپێدەری سۆفتوێر,3152
6986,هێمن حەسەن,ڕانیە,21,گەشەپێدەری سۆفتوێر,2776
6987,سارا مەحمود,کەرکووک,27,دیزاینەر,782
6988,ژینۆ ئەحمەد,سۆران,60,ڕۆژنامەنوس,1459
6989,سۆزان سەعيد,هەڵەبجە,39,ئەندازیار,2933
6990,سۆران خۆشناو,کۆیە,32,ژمێریار,2861
6991,کۆسار عومەر,دهۆک,19,ژمێریار,3085
6992,هاوڕێ قادر,سۆران,20,ژمێریار,2502
6993,پشتیوان قادر,هەولێر,55,ژمێریار,2809
6994,شنۆ گەرمیانی,دهۆک,33,ڕۆژنامەنوس,604
6995,هەڵکەوت قادر,ڕانیە,63,ئەندازیار,2113
6996,ئاری موكری,هەولێر,20,پزیشک,3046
6997,کاروان ئەحمەد,دهۆک,50,ئەندازیار,2714
6998,تارا سەعيد,سۆران,36,ڕۆژنامەنوس,2584
6999,کوردستان جاف,کۆیە,55,بازرگان,478
7000,بەرزان قادر,کەرکووک,47,بازرگان,2618
7001,ڕێبین كەریم,هەڵەبجە,51,پارێزەر,3388
7002,ژینۆ بابان,کەرکووک,61,ڕۆژنامەنوس,1584
7003,تارا كەریم,هەولێر,30,بازرگان,3255
7004,کۆسار عومەر,سلێمانی,22,وێنەگر,3386
7005,ژیان سۆران,سۆران,23,ڕۆژنامەنوس,2028
7006,ژیان خۆشناو,هەڵەبجە,18,ڕۆژنامەنوس,2621
7007,تانیا بابان,هەولێر,57,پزیشک,1501
7008,نیشتمان مەنگوڕی,کەرکووک,37,مامۆستا,1923
7009,کاروان عوسمان,هەڵەبجە,19,ڕۆژنامەنوس,2596
7010,شێركۆ مەحمود,کۆیە,27,بازرگان,2189
7011,سارا قادر,ڕانیە,48,مامۆستا,722
7012,تانیا موكری,هەڵەبجە,57,گەشەپێدەری سۆفتوێر,758
7013,نیشتمان ئەحمەد,هەڵەبجە,38,گەشەپێدەری سۆفتوێر,3281
7014,هاوڕێ موكری,کەرکووک,37,پزیشک,488
7015,شێركۆ عومەر,سلێمانی,37,پارێزەر,1425
7016,ڕێبین موكری,هەولێر,34,بازرگان,2034
7017,ژینۆ مەحمود,ڕانیە,49,بازرگان,521
7018,بەختیار كەریم,ڕانیە,25,گەشەپێدەری سۆفتوێر,1148
7019,نیشتمان سەعيد,سلێمانی,62,بازرگان,413
7020,شێركۆ مەنگوڕی,هەولێر,55,ئەندازیار,494
7021,کاروان سەعيد,کەرکووک,61,پارێزەر,595
7022,لەنیا عەبدوڵڵا,سۆران,24,گەشەپێدەری سۆفتوێر,2204
7023,بەرزان قادر,سلێمانی,48,ڕۆژنامەنوس,3148
7024,تانیا مەحمود,کەرکووک,43,پزیشک,942
7025,کۆسار ئەحمەد,سۆران,36,ئەندازیار,2393
7026,هێمن بابان,سۆران,43,پارێزەر,2558
7027,کاروان بابان,ڕانیە,58,ڕۆژنامەنوس,1060
7028,سۆران گەرمیانی,هەولێر,37,ڕۆژنامەنوس,2987
7029,ئاری مەنگوڕی,کۆیە,26,ئەندازیار,2009
7030,بەرزان سەعيد,ڕانیە,40,ژمێریار,2205
7031,ڕێبین قادر,سلێمانی,20,وێنەگر,3338
7032,شێركۆ سۆران,دهۆک,59,مامۆستا,1669
7033,لەنیا جاف,کەرکووک,43,دیزاینەر,874
7034,تارا گەرمیانی,هەولێر,55,ڕۆژنامەنوس,1258
7035,بەرزان موكری,هەولێر,31,ڕۆژنامەنوس,829
7036,سارا عومەر,کۆیە,32,ئەندازیار,2498
7037,شنۆ جاف,ڕانیە,35,بازرگان,2037
7038,هێمن كەریم,هەولێر,20,بازرگان,1526
7039,هێمن قادر,دهۆک,37,دیزاینەر,1782
7040,ڕێبین ئەحمەد,ڕانیە,55,پارێزەر,2138
7041,شنۆ خۆشناو,کەرکووک,53,دیزاینەر,1781
7042,تارا كەریم,هەولێر,33,ژمێریار,2693
7043,سارا گەرمیانی,کەرکووک,49,ژمێریار,415
7044,زانا سەعيد,سۆران,34,ژمێریار,3076
7045,کوردستان مەحمود,هەڵەبجە,61,ژمێریار,2382
7046,ژینۆ سۆران,ڕانیە,31,دیزاینەر,2686
7047,تارا ئەحمەد,سۆران,39,ژمێریار,1646
7048,نیشتمان كەریم,ڕانیە,20,گەشەپێدەری سۆفتوێر,1131
7049,کوردستان قادر,هەڵەبجە,61,مامۆستا,452
7050,سۆزان بابان,سۆران,19,ژمێریار,2761
7051,نیشتمان موكری,سۆران,55,ڕۆژنامەنوس,2428
7052,پشتیوان سەعيد,هەولێر,48,پزیشک,2535
7053,شێركۆ ئەحمەد,دهۆک,54,مامۆستا,2007
7054,کوردستان جاف,هەڵەبجە,65,پارێزەر,2048
7055,ڕێبین ئەحمەد,دهۆک,63,گەشەپێدەری سۆفتوێر,2300
7056,ئاری عوسمان,کەرکووک,65,ژمێریار,2545
7057,دیار جاف,ڕانیە,21,پزیشک,2167
7058,دیار گەرمیانی,ڕانیە,28,دیزاینەر,2945
7059,هێمن قادر,کەرکووک,63,دیزاینەر,1838
7060,هەڵکەوت عوسمان,کەرکووک,61,ڕۆژنامەنوس,2291
7061,هاوڕێ ئەحمەد,سلێمانی,44,گەشەپێدەری سۆفتوێر,2788
7062,هێمن جاف,هەڵەبجە,62,پارێزەر,1207
7063,پشتیوان خۆشناو,سلێمانی,41,مامۆستا,2164
7064,ئاری موكری,ڕانیە,29,دیزاینەر,1107
7065,تارا مەحمود,سلێمانی,53,پزیشک,2986
7066,بەرزان قادر,کۆیە,48,گەشەپێدەری سۆفتوێر,3101
7067,هەڵکەوت گەرمیانی,سلێمانی,21,وێنەگر,2947
7068,پشتیوان موكری,ڕانیە,42,ئەندازیار,747
7069,ژیان مەنگوڕی,کەرکووک,33,دیزاینەر,929
7070,ئاری جاف,سلێمانی,20,وێنەگر,3297
7071,هەڵکەوت قادر,سلێمانی,40,مامۆستا,853
7072,تانیا سەعيد,هەولێر,52,ڕۆژنامەنوس,1277
7073,لەنیا ئەحمەد,دهۆک,28,پزیشک,2973
7074,تارا مەنگوڕی,ڕانیە,37,ڕۆژنامەنوس,1195
7075,سۆزان بابان,کۆیە,53,وێنەگر,2520
7076,هێمن عەبدوڵڵا,کەرکووک,29,ڕۆژنامەنوس,2195
7077,سۆزان مەنگوڕی,هەولێر,40,ڕۆژنامەنوس,1298
7078,تارا موكری,دهۆک,35,ڕۆژنامەنوس,2847
7079,شنۆ جاف,سلێمانی,34,دیزاینەر,3308
7080,دیار عەبدوڵڵا,هەڵەبجە,58,پارێزەر,1515
7081,ژینۆ موكری,دهۆک,40,گەشەپێدەری سۆفتوێر,1592
7082,کۆسار كەریم,دهۆک,24,ژمێریار,2007
7083,کاروان عومەر,ڕانیە,42,وێنەگر,3369
7084,کوردستان مەنگوڕی,هەڵەبجە,60,گەشەپێدەری سۆفتوێر,1973
7085,کۆسار گەرمیانی,سلێمانی,61,ژمێریار,2738
7086,سۆزان گەرمیانی,ڕانیە,27,ئەندازیار,1447
7087,هەڵکەوت عومەر,سلێمانی,48,دیزاینەر,2205
7088,کوردستان سۆران,کەرکووک,45,وێنەگر,1468
7089,کوردستان سۆران,کەرکووک,56,دیزاینەر,1695
7090,دیار گەرمیانی,کەرکووک,42,مامۆستا,765
7091,تارا خۆشناو,کەرکووک,57,مامۆستا,3234
7092,بەرزان گەرمیانی,هەڵەبجە,44,گەشەپێدەری سۆفتوێر,552
7093,شێركۆ عومەر,کۆیە,32,ڕۆژنامەنوس,2546
7094,ئاری سۆران,کەرکووک,38,ئەندازیار,2937
7095,بەرزان مەنگوڕی,هەولێر,27,مامۆستا,1579
7096,ئاری موكری,سۆران,41,بازرگان,1837
7097,ڕێبین عومەر,کەرکووک,64,مامۆستا,1609
7098,شنۆ عوسمان,هەولێر,28,مامۆستا,1789
7099,پشتیوان مەنگوڕی,هەولێر,49,دیزاینەر,3228
7100,هەڵکەوت گەرمیانی,ڕانیە,61,ڕۆژنامەنوس,1409
7101,نیشتمان گەرمیانی,دهۆک,44,ژمێریار,984
7102,ژینۆ موكری,هەولێر,54,ئەندازیار,497
7103,نیشتمان موكری,ڕانیە,55,ڕۆژنامەنوس,2980
7104,سارا حەسەن,سۆران,55,پارێزەر,2532
7105,زانا سەعيد,هەولێر,44,ئەندازیار,1616
7106,سارا عومەر,دهۆک,28,وێنەگر,3477
7107,ڕێبین بابان,هەڵەبجە,63,مامۆستا,3012
7108,شنۆ عەبدوڵڵا,کەرکووک,47,ڕۆژنامەنوس,2656
7109,بەختیار سەعيد,هەولێر,58,پارێزەر,1696
7110,تانیا مەحمود,سلێمانی,60,پارێزەر,2497
7111,کاروان گەرمیانی,سۆران,37,وێنەگر,3006
7112,سۆران مەحمود,هەولێر,29,دیزاینەر,534
7113,پشتیوان گەرمیانی,سلێمانی,63,دیزاینەر,2139
7114,پشتیوان سۆران,دهۆک,39,دیزاینەر,673
7115,سۆران سۆران,سلێمانی,62,پارێزەر,2059
7116,سۆران قادر,هەڵەبجە,49,گەشەپێدەری سۆفتوێر,2062
7117,بەرزان قادر,ڕانیە,40,مامۆستا,1210
7118,سۆزان ئەحمەد,سۆران,51,گەشەپێدەری سۆفتوێر,2927
7119,ئاری عومەر,کۆیە,37,پزیشک,1925
7120,نیشتمان خۆشناو,سلێمانی,24,ڕۆژنامەنوس,459
7121,هێمن ئەحمەد,دهۆک,42,پارێزەر,2288
7122,هاوڕێ خۆشناو,هەڵەبجە,30,ڕۆژنامەنوس,2956
7123,دیار موكری,سۆران,19,مامۆستا,1897
7124,لەنیا قادر,سلێمانی,60,دیزاینەر,1260
7125,ڕێبین بابان,هەولێر,57,پزیشک,974
7126,سۆزان قادر,کەرکووک,38,پزیشک,1238
7127,شنۆ موكری,هەولێر,63,بازرگان,503
7128,بەختیار قادر,کۆیە,46,پارێزەر,686
7129,ڕێبین كەریم,کەرکووک,28,وێنەگر,1819
7130,کاروان مەحمود,سلێمانی,38,ڕۆژنامەنوس,2653
7131,شێركۆ عوسمان,کۆیە,20,ئەندازیار,779
7132,بەرزان خۆشناو,سلێمانی,27,پزیشک,1883
7133,کاروان حەسەن,سلێمانی,35,دیزاینەر,985
7134,کۆسار قادر,سۆران,42,وێنەگر,2213
7135,دیار عوسمان,هەولێر,20,وێنەگر,699
7136,شێركۆ ئەحمەد,کۆیە,24,ئەندازیار,2881
7137,تانیا كەریم,کۆیە,21,دیزاینەر,1574
7138,دیار مەحمود,سلێمانی,21,وێنەگر,3471
7139,ئاری مەنگوڕی,کۆیە,58,ئەندازیار,925
7140,تانیا قادر,هەڵەبجە,63,پزیشک,3042
7141,کاروان سەعيد,کەرکووک,30,ڕۆژنامەنوس,1707
7142,بەرزان كەریم,ڕانیە,60,دیزاینەر,1392
7143,تانیا قادر,هەڵەبجە,39,مامۆستا,937
7144,کۆسار حەسەن,ڕانیە,45,دیزاینەر,2355
7145,هەڵکەوت قادر,کۆیە,23,مامۆستا,718
7146,نیشتمان خۆشناو,سلێمانی,37,گەشەپێدەری سۆفتوێر,3360
7147,کوردستان قادر,دهۆک,50,پزیشک,1930
7148,سارا كەریم,کەرکووک,31,ژمێریار,2966
7149,شێركۆ عەبدوڵڵا,دهۆک,57,دیزاینەر,592
7150,هەڵکەوت جاف,سلێمانی,40,گەشەپێدەری سۆفتوێر,797
7151,شنۆ عومەر,کۆیە,22,ئەندازیار,775
7152,تانیا حەسەن,سۆران,55,ژمێریار,500
7153,نیشتمان سۆران,سلێمانی,38,پارێزەر,1917
7154,تانیا قادر,سلێمانی,62,پارێزەر,733
7155,پشتیوان خۆشناو,هەڵەبجە,39,ژمێریار,402
7156,زانا كەریم,ڕانیە,52,پزیشک,2323
7157,ژیان عەبدوڵڵا,سلێمانی,42,ڕۆژنامەنوس,2623
7158,هێمن بابان,هەڵەبجە,32,پارێزەر,2247
7159,سۆزان حەسەن,کەرکووک,47,وێنەگر,2755
7160,کۆسار جاف,هەولێر,51,پارێزەر,3231
7161,کوردستان عەبدوڵڵا,ڕانیە,23,ژمێریار,1946
7162,شنۆ سەعيد,کۆیە,22,بازرگان,941
7163,نیشتمان سەعيد,سۆران,55,بازرگان,549
7164,زانا گەرمیانی,سۆران,59,گەشەپێدەری سۆفتوێر,763
7165,نیشتمان عومەر,ڕانیە,31,دیزاینەر,515
7166,کۆسار مەحمود,کۆیە,54,بازرگان,679
7167,تانیا مەحمود,کەرکووک,40,مامۆستا,1398
7168,دیار حەسەن,کەرکووک,52,مامۆستا,2057
7169,کۆسار جاف,کەرکووک,29,پارێزەر,1991
7170,هەڵکەوت سۆران,سۆران,48,مامۆستا,1694
7171,ڕێبین سەعيد,هەولێر,64,وێنەگر,3342
7172,کاروان مەحمود,دهۆک,23,پارێزەر,2664
7173,کۆسار سەعيد,دهۆک,52,ڕۆژنامەنوس,1018
7174,بەختیار مەنگوڕی,کەرکووک,21,پزیشک,1764
7175,هەڵکەوت بابان,ڕانیە,32,ژمێریار,1193
7176,هەڵکەوت حەسەن,سلێمانی,50,ئەندازیار,923
7177,کاروان مەحمود,سۆران,37,گەشەپێدەری سۆفتوێر,1944
7178,کۆسار عومەر,ڕانیە,22,ئەندازیار,2342
7179,هاوڕێ مەحمود,هەڵەبجە,35,گەشەپێدەری سۆفتوێر,3301
7180,تانیا جاف,سۆران,54,وێنەگر,3342
7181,سارا كەریم,سلێمانی,63,پارێزەر,2137
7182,بەرزان قادر,هەڵەبجە,65,بازرگان,2194
7183,کوردستان سۆران,دهۆک,34,ئەندازیار,2035
7184,ژیان عوسمان,سلێمانی,30,پارێزەر,2289
7185,ئاری موكری,کەرکووک,65,گەشەپێدەری سۆفتوێر,691
7186,کوردستان مەنگوڕی,هەولێر,35,پارێزەر,1707
7187,نیشتمان جاف,دهۆک,58,وێنەگر,721
7188,لەنیا ئەحمەد,کەرکووک,56,دیزاینەر,2008
7189,کۆسار مەنگوڕی,هەڵەبجە,50,ئەندازیار,1562
7190,نیشتمان ئەحمەد,هەڵەبجە,43,بازرگان,665
7191,هەڵکەوت سۆران,هەولێر,25,ڕۆژنامەنوس,838
7192,هاوڕێ بابان,سۆران,30,ژمێریار,468
7193,ئاری ئەحمەد,کەرکووک,42,بازرگان,683
7194,دیار جاف,هەڵەبجە,47,مامۆستا,1877
7195,بەختیار عەبدوڵڵا,سۆران,39,مامۆستا,784
7196,کاروان خۆشناو,دهۆک,29,پارێزەر,985
7197,شێركۆ سەعيد,ڕانیە,41,پارێزەر,2928
7198,سارا گەرمیانی,کۆیە,27,بازرگان,1978
7199,تانیا خۆشناو,ڕانیە,52,ڕۆژنامەنوس,748
7200,شێركۆ حەسەن,ڕانیە,41,وێنەگر,3309
7201,هاوڕێ بابان,هەڵەبجە,21,ئەندازیار,734
7202,کۆسار عوسمان,سۆران,19,ژمێریار,2976
7203,نیشتمان عومەر,هەڵەبجە,43,مامۆستا,3349
7204,ڕێبین مەحمود,سۆران,43,وێنەگر,1806
7205,ئاری عوسمان,کەرکووک,42,دیزاینەر,3489
7206,ژیان حەسەن,هەڵەبجە,47,دیزاینەر,2029
7207,هاوڕێ بابان,هەڵەبجە,22,ڕۆژنامەنوس,3264
7208,تانیا مەنگوڕی,سۆران,34,پزیشک,3116
7209,زانا خۆشناو,سلێمانی,64,ڕۆژنامەنوس,1755
7210,پشتیوان موكری,هەڵەبجە,44,بازرگان,1675
7211,هاوڕێ عەبدوڵڵا,ڕانیە,64,مامۆستا,466
7212,سارا گەرمیانی,سلێمانی,38,دیزاینەر,2803
7213,کاروان جاف,دهۆک,52,بازرگان,1995
7214,سۆزان بابان,سلێمانی,50,وێنەگر,522
7215,ژیان عەبدوڵڵا,کۆیە,33,بازرگان,942
7216,پشتیوان عەبدوڵڵا,سۆران,58,بازرگان,2947
7217,زانا مەحمود,هەولێر,21,ڕۆژنامەنوس,1500
7218,تارا ئەحمەد,هەولێر,38,پارێزەر,3400
7219,سۆزان گەرمیانی,سلێمانی,59,مامۆستا,3059
7220,تارا سەعيد,کۆیە,22,پارێزەر,2136
7221,کاروان ئەحمەد,دهۆک,53,دیزاینەر,2867
7222,هێمن سەعيد,هەولێر,18,وێنەگر,3353
7223,نیشتمان عەبدوڵڵا,ڕانیە,32,ئەندازیار,3152
7224,شنۆ خۆشناو,دهۆک,20,ڕۆژنامەنوس,3254
7225,سۆران كەریم,کۆیە,25,ژمێریار,1852
7226,لەنیا حەسەن,ڕانیە,33,دیزاینەر,2025
7227,ئاری جاف,سلێمانی,45,پزیشک,2144
7228,شنۆ جاف,کۆیە,21,ژمێریار,1112
7229,ڕێبین عەبدوڵڵا,دهۆک,49,مامۆستا,1521
7230,کۆسار عوسمان,دهۆک,39,وێنەگر,800
7231,سۆران عوسمان,سلێمانی,41,پزیشک,3193
7232,هێمن سەعيد,کۆیە,41,ژمێریار,2351
7233,تارا عەبدوڵڵا,کەرکووک,30,وێنەگر,3046
7234,شێركۆ كەریم,کەرکووک,18,بازرگان,2430
7235,ژینۆ موكری,کۆیە,61,مامۆستا,2871
7236,پشتیوان عوسمان,ڕانیە,30,پارێزەر,2430
7237,هاوڕێ موكری,سۆران,21,گەشەپێدەری سۆفتوێر,1385
7238,شنۆ موكری,ڕانیە,34,وێنەگر,1973
7239,کوردستان خۆشناو,دهۆک,33,پارێزەر,669
7240,کوردستان موكری,سۆران,24,دیزاینەر,1224
7241,پشتیوان عەبدوڵڵا,کەرکووک,37,مامۆستا,1174
7242,سۆران سۆران,دهۆک,44,بازرگان,1236
7243,سارا قادر,سلێمانی,45,دیزاینەر,772
7244,سۆزان جاف,سۆران,45,ڕۆژنامەنوس,2492
7245,کۆسار سەعيد,کۆیە,46,وێنەگر,2904
7246,نیشتمان عومەر,کەرکووک,65,دیزاینەر,2205
7247,تارا سەعيد,کەرکووک,20,وێنەگر,1733
7248,لەنیا عوسمان,ڕانیە,42,ژمێریار,1870
7249,ژینۆ كەریم,کەرکووک,24,پزیشک,2808
7250,تانیا كەریم,کەرکووک,22,گەشەپێدەری سۆفتوێر,1790
7251,ژینۆ سەعيد,ڕانیە,61,وێنەگر,848
7252,هەڵکەوت قادر,دهۆک,20,گەشەپێدەری سۆفتوێر,1234
7253,تارا سۆران,هەڵەبجە,33,وێنەگر,1305
7254,تانیا موكری,دهۆک,30,پارێزەر,414
7255,کوردستان مەحمود,کەرکووک,65,ئەندازیار,2417
7256,ژیان سەعيد,هەولێر,64,پزیشک,2096
7257,ڕێبین كەریم,کۆیە,56,ژمێریار,1087
7258,کاروان قادر,هەڵەبجە,32,ئەندازیار,3289
7259,ڕێبین مەحمود,کەرکووک,33,پارێزەر,2571
7260,شێركۆ ئەحمەد,هەڵەبجە,50,وێنەگر,1367
7261,تانیا عوسمان,دهۆک,62,وێنەگر,3229
7262,بەرزان عەبدوڵڵا,هەولێر,27,ئەندازیار,2808
7263,کوردستان جاف,کەرکووک,50,بازرگان,2819
7264,شنۆ سۆران,هەولێر,28,گەشەپێدەری سۆفتوێر,460
7265,ڕێبین حەسەن,هەڵەبجە,65,ڕۆژنامەنوس,604
7266,دیار عەبدوڵڵا,کەرکووک,62,ئەندازیار,546
7267,هەڵکەوت گەرمیانی,ڕانیە,37,بازرگان,2489
7268,سۆران عومەر,هەڵەبجە,59,ئەندازیار,1722
7269,تانیا گەرمیانی,کەرکووک,28,مامۆستا,1827
7270,نیشتمان قادر,دهۆک,28,وێنەگر,3316
7271,زانا موكری,هەولێر,28,بازرگان,1559
7272,سۆزان كەریم,سۆران,31,ئەندازیار,1761
7273,لەنیا مەنگوڕی,ڕانیە,30,بازرگان,1699
7274,شنۆ ئەحمەد,کەرکووک,28,ڕۆژنامەنوس,1401
7275,سۆزان قادر,کۆیە,42,ڕۆژنامەنوس,2276
7276,نیشتمان جاف,ڕانیە,53,ئەندازیار,1174
7277,شنۆ مەنگوڕی,کەرکووک,47,دیزاینەر,3307
7278,هاوڕێ ئەحمەد,کەرکووک,42,وێنەگر,3271
7279,ژیان سەعيد,هەڵەبجە,40,پزیشک,2845
7280,شنۆ عوسمان,هەڵەبجە,31,بازرگان,948
7281,کۆسار مەنگوڕی,ڕانیە,50,دیزاینەر,1431
7282,لەنیا گەرمیانی,دهۆک,18,ئەندازیار,1605
7283,بەرزان جاف,سۆران,51,ژمێریار,1009
7284,شێركۆ ئەحمەد,هەولێر,34,وێنەگر,1085
7285,کۆسار مەنگوڕی,کەرکووک,28,بازرگان,3059
7286,شێركۆ حەسەن,کەرکووک,58,پزیشک,3495
7287,بەختیار سەعيد,دهۆک,48,ڕۆژنامەنوس,2376
7288,لەنیا ئەحمەد,کەرکووک,47,وێنەگر,889
7289,ڕێبین بابان,سلێمانی,62,ڕۆژنامەنوس,1487
7290,پشتیوان مەنگوڕی,سلێمانی,63,دیزاینەر,1736
7291,زانا سەعيد,سۆران,52,ئەندازیار,1051
7292,پشتیوان حەسەن,دهۆک,26,پارێزەر,2115
7293,سۆران حەسەن,ڕانیە,19,ئەندازیار,418
7294,بەختیار سەعيد,دهۆک,44,دیزاینەر,2155
7295,نیشتمان حەسەن,ڕانیە,61,دیزاینەر,2826
7296,نیشتمان عومەر,هەڵەبجە,31,ئەندازیار,1679
7297,سارا حەسەن,دهۆک,55,ڕۆژنامەنوس,1840
7298,سۆزان قادر,کۆیە,22,پارێزەر,3475
7299,بەرزان موكری,سلێمانی,35,دیزاینەر,1801
7300,کاروان خۆشناو,کەرکووک,42,ئەندازیار,2826
7301,کوردستان جاف,ڕانیە,36,گەشەپێدەری سۆفتوێر,1571
7302,کوردستان حەسەن,سۆران,41,دیزاینەر,1174
7303,لەنیا عومەر,هەڵەبجە,19,دیزاینەر,1999
7304,ژینۆ ئەحمەد,کەرکووک,54,مامۆستا,1162
7305,تارا مەحمود,کۆیە,19,وێنەگر,2224
7306,ژینۆ سۆران,کەرکووک,29,بازرگان,2414
7307,دیار عومەر,کۆیە,31,ژمێریار,1107
7308,زانا قادر,دهۆک,57,ڕۆژنامەنوس,487
7309,ژیان عەبدوڵڵا,کەرکووک,65,گەشەپێدەری سۆفتوێر,2019
7310,دیار كەریم,هەولێر,30,پزیشک,827
7311,پشتیوان سەعيد,هەڵەبجە,64,ژمێریار,2450
7312,دیار جاف,هەڵەبجە,39,پارێزەر,3166
7313,تانیا سەعيد,هەڵەبجە,23,بازرگان,2715
7314,زانا عوسمان,هەولێر,41,پارێزەر,2073
7315,کاروان عوسمان,دهۆک,19,وێنەگر,3333
7316,دیار عومەر,هەولێر,30,بازرگان,1064
7317,کاروان عوسمان,کەرکووک,53,پارێزەر,2803
7318,کۆسار سۆران,سلێمانی,51,ڕۆژنامەنوس,3063
7319,هەڵکەوت بابان,هەڵەبجە,32,ڕۆژنامەنوس,3278
7320,پشتیوان سەعيد,سۆران,63,دیزاینەر,1711
7321,ڕێبین ئەحمەد,هەولێر,65,پارێزەر,788
7322,سارا عوسمان,هەڵەبجە,35,مامۆستا,3283
7323,تارا خۆشناو,کەرکووک,50,پزیشک,1259
7324,شێركۆ قادر,هەولێر,54,دیزاینەر,3055
7325,هێمن خۆشناو,سلێمانی,51,مامۆستا,608
7326,کۆسار حەسەن,سلێمانی,24,وێنەگر,1590
7327,سۆزان بابان,دهۆک,49,بازرگان,2488
7328,سارا عەبدوڵڵا,ڕانیە,58,گەشەپێدەری سۆفتوێر,2140
7329,ڕێبین قادر,سلێمانی,33,مامۆستا,2207
7330,تارا سۆران,سۆران,34,مامۆستا,1785
7331,تانیا مەنگوڕی,دهۆک,57,ڕۆژنامەنوس,2582
7332,هاوڕێ گەرمیانی,کەرکووک,39,ئەندازیار,3308
7333,ڕێبین سەعيد,هەڵەبجە,65,گەشەپێدەری سۆفتوێر,2790
7334,سۆزان مەنگوڕی,هەڵەبجە,59,دیزاینەر,1102
7335,کوردستان ئەحمەد,سۆران,24,وێنەگر,3036
7336,شێركۆ ئەحمەد,هەولێر,30,پزیشک,1839
7337,زانا سەعيد,دهۆک,38,ژمێریار,799
7338,بەختیار مەنگوڕی,هەولێر,20,پزیشک,699
7339,ژیان عوسمان,هەڵەبجە,22,بازرگان,3112
7340,سۆزان سەعيد,کەرکووک,63,پارێزەر,2889
7341,کاروان خۆشناو,سلێمانی,19,بازرگان,465
7342,کاروان عوسمان,دهۆک,40,گەشەپێدەری سۆفتوێر,2959
7343,کاروان ئەحمەد,ڕانیە,36,مامۆستا,2217
7344,لەنیا عوسمان,سۆران,46,ژمێریار,2301
7345,ئاری قادر,سۆران,35,ڕۆژنامەنوس,2059
7346,تانیا سۆران,کۆیە,40,گەشەپێدەری سۆفتوێر,3380
7347,سۆران سەعيد,ڕانیە,29,ژمێریار,2545
7348,پشتیوان موكری,هەولێر,60,ئەندازیار,2047
7349,سارا جاف,کۆیە,33,دیزاینەر,456
7350,سارا عوسمان,دهۆک,35,وێنەگر,452
7351,ژیان حەسەن,کۆیە,46,دیزاینەر,423
7352,ڕێبین سەعيد,ڕانیە,46,مامۆستا,2299
7353,سۆزان قادر,سلێمانی,42,وێنەگر,3041
7354,بەرزان قادر,دهۆک,24,ژمێریار,2957
7355,سارا گەرمیانی,کۆیە,20,ژمێریار,3065
7356,هێمن مەحمود,سۆران,55,وێنەگر,2863
7357,هەڵکەوت حەسەن,هەڵەبجە,31,وێنەگر,400
7358,کۆسار سەعيد,هەڵەبجە,62,مامۆستا,2070
7359,شنۆ ئەحمەد,هەولێر,61,وێنەگر,1186
7360,تانیا گەرمیانی,ڕانیە,49,بازرگان,899
7361,ڕێبین بابان,سلێمانی,31,ژمێریار,1298
7362,سارا موكری,ڕانیە,56,ڕۆژنامەنوس,1289
7363,بەرزان سۆران,هەڵەبجە,40,ژمێریار,667
7364,زانا سەعيد,کۆیە,49,گەشەپێدەری سۆفتوێر,1146
7365,ژیان عوسمان,هەڵەبجە,41,ئەندازیار,2673
7366,سارا بابان,سۆران,30,مامۆستا,3465
7367,بەرزان عوسمان,دهۆک,41,گەشەپێدەری سۆفتوێر,1712
7368,بەرزان عومەر,هەولێر,33,دیزاینەر,3213
7369,سارا گەرمیانی,کەرکووک,55,گەشەپێدەری سۆفتوێر,3170
7370,سارا جاف,هەڵەبجە,32,مامۆستا,2731
7371,کوردستان سۆران,کەرکووک,30,دیزاینەر,3349
7372,ڕێبین بابان,کۆیە,45,ژمێریار,2185
7373,ژینۆ عومەر,سلێمانی,32,دیزاینەر,1989
7374,سۆزان قادر,دهۆک,47,ژمێریار,696
7375,زانا مەنگوڕی,دهۆک,50,دیزاینەر,2398
7376,هێمن بابان,کەرکووک,33,بازرگان,1966
7377,هاوڕێ كەریم,سۆران,65,پارێزەر,2734
7378,هاوڕێ سەعيد,دهۆک,53,بازرگان,1019
7379,کۆسار قادر,ڕانیە,57,دیزاینەر,1266
7380,هەڵکەوت عەبدوڵڵا,کۆیە,44,وێنەگر,2649
7381,هەڵکەوت جاف,دهۆک,26,گەشەپێدەری سۆفتوێر,762
7382,کۆسار سەعيد,کۆیە,54,مامۆستا,3393
7383,بەرزان كەریم,کەرکووک,62,ئەندازیار,732
7384,سارا سۆران,هەڵەبجە,49,بازرگان,2983
7385,تانیا موكری,کەرکووک,57,مامۆستا,2090
7386,کاروان موكری,کۆیە,57,گەشەپێدەری سۆفتوێر,1198
7387,هاوڕێ بابان,هەڵەبجە,27,پارێزەر,2731
7388,تانیا بابان,کۆیە,25,پارێزەر,2645
7389,هێمن موكری,سۆران,20,پارێزەر,1762
7390,تارا عوسمان,دهۆک,31,پارێزەر,1058
7391,لەنیا جاف,هەولێر,36,گەشەپێدەری سۆفتوێر,2970
7392,سۆزان قادر,هەڵەبجە,41,وێنەگر,1032
7393,ئاری كەریم,دهۆک,20,گەشەپێدەری سۆفتوێر,1736
7394,شنۆ حەسەن,کۆیە,48,بازرگان,2337
7395,دیار خۆشناو,سلێمانی,27,دیزاینەر,1963
7396,سۆزان سەعيد,ڕانیە,54,مامۆستا,1894
7397,هێمن مەحمود,کەرکووک,65,مامۆستا,740
7398,دیار قادر,ڕانیە,40,ژمێریار,3389
7399,تانیا كەریم,سلێمانی,24,ڕۆژنامەنوس,1423
7400,نیشتمان كەریم,دهۆک,27,مامۆستا,1606
7401,هاوڕێ عوسمان,سلێمانی,55,ژمێریار,2081
7402,ژیان حەسەن,کەرکووک,45,ژمێریار,1219
7403,شێركۆ حەسەن,سلێمانی,26,مامۆستا,3442
7404,شنۆ كەریم,هەولێر,24,گەشەپێدەری سۆفتوێر,2530
7405,زانا سەعيد,ڕانیە,25,ژمێریار,1933
7406,هاوڕێ جاف,سۆران,20,پارێزەر,3037
7407,بەرزان عەبدوڵڵا,هەڵەبجە,56,وێنەگر,1018
7408,ژینۆ مەحمود,هەولێر,36,ئەندازیار,2960
7409,تارا موكری,کۆیە,41,گەشەپێدەری سۆفتوێر,858
7410,شێركۆ مەنگوڕی,هەولێر,33,ڕۆژنامەنوس,2156
7411,شنۆ عومەر,ڕانیە,25,پزیشک,1117
7412,تارا مەنگوڕی,کەرکووک,46,مامۆستا,2265
7413,هەڵکەوت حەسەن,هەولێر,35,بازرگان,503
7414,کۆسار عەبدوڵڵا,دهۆک,20,ئەندازیار,2262
7415,سۆران خۆشناو,کەرکووک,59,وێنەگر,903
7416,کۆسار سەعيد,کۆیە,52,پارێزەر,533
7417,شنۆ جاف,سۆران,31,مامۆستا,2949
7418,هێمن عەبدوڵڵا,سلێمانی,34,پارێزەر,1216
7419,ژینۆ جاف,ڕانیە,34,دیزاینەر,1058
7420,دیار قادر,سلێمانی,63,دیزاینەر,2204
7421,ڕێبین عەبدوڵڵا,سلێمانی,37,پارێزەر,1386
7422,دیار موكری,سلێمانی,59,ژمێریار,1417
7423,هەڵکەوت قادر,سۆران,62,مامۆستا,2628
7424,زانا حەسەن,کەرکووک,20,ئەندازیار,2898
7425,دیار سەعيد,هەڵەبجە,37,ئەندازیار,1760
7426,هەڵکەوت گەرمیانی,ڕانیە,41,ژمێریار,1276
7427,سارا موكری,هەولێر,23,دیزاینەر,460
7428,شنۆ سەعيد,هەولێر,21,گەشەپێدەری سۆفتوێر,2085
7429,سۆزان سەعيد,هەڵەبجە,55,مامۆستا,495
7430,نیشتمان گەرمیانی,سۆران,51,گەشەپێدەری سۆفتوێر,3409
7431,تانیا عوسمان,کەرکووک,58,پزیشک,1110
7432,کاروان عومەر,هەولێر,23,پزیشک,559
7433,سۆران مەحمود,سۆران,37,ئەندازیار,3251
7434,تانیا سۆران,هەولێر,40,دیزاینەر,2633
7435,نیشتمان جاف,دهۆک,42,گەشەپێدەری سۆفتوێر,2040
7436,تانیا قادر,ڕانیە,62,دیزاینەر,587
7437,پشتیوان مەحمود,ڕانیە,27,ئەندازیار,2064
7438,ژیان ئەحمەد,هەڵەبجە,54,بازرگان,2631
7439,ژیان موكری,کەرکووک,52,وێنەگر,1408
7440,سۆزان قادر,دهۆک,38,بازرگان,2375
7441,کۆسار گەرمیانی,ڕانیە,33,مامۆستا,1938
7442,لەنیا بابان,ڕانیە,26,بازرگان,1668
7443,تانیا عەبدوڵڵا,ڕانیە,42,ڕۆژنامەنوس,467
7444,تارا خۆشناو,کەرکووک,26,ژمێریار,486
7445,هەڵکەوت كەریم,دهۆک,18,بازرگان,2490
7446,ڕێبین موكری,کەرکووک,52,ڕۆژنامەنوس,1438
7447,بەختیار عوسمان,سلێمانی,48,ڕۆژنامەنوس,1956
7448,تانیا مەحمود,ڕانیە,56,گەشەپێدەری سۆفتوێر,2932
7449,سارا گەرمیانی,کەرکووک,37,ڕۆژنامەنوس,1079
7450,سۆران سۆران,کۆیە,62,ڕۆژنامەنوس,1296
7451,نیشتمان حەسەن,دهۆک,60,ئەندازیار,1890
7452,لەنیا سۆران,کۆیە,23,وێنەگر,2555
7453,هاوڕێ جاف,کەرکووک,61,دیزاینەر,3140
7454,زانا مەنگوڕی,دهۆک,42,ڕۆژنامەنوس,3345
7455,ژینۆ مەنگوڕی,سۆران,28,گەشەپێدەری سۆفتوێر,1805
7456,ژینۆ مەنگوڕی,کەرکووک,29,پزیشک,3416
7457,دیار خۆشناو,کەرکووک,29,گەشەپێدەری سۆفتوێر,724
7458,بەختیار كەریم,سلێمانی,59,ژمێریار,2158
7459,هەڵکەوت موكری,کەرکووک,50,پزیشک,3176
7460,هێمن خۆشناو,سۆران,53,ڕۆژنامەنوس,3497
7461,شێركۆ گەرمیانی,کۆیە,20,پزیشک,3392
7462,ژیان كەریم,کۆیە,58,ژمێریار,3394
7463,شنۆ عومەر,سۆران,44,دیزاینەر,3262
7464,بەختیار ئەحمەد,کۆیە,41,پزیشک,3071
7465,تانیا قادر,هەولێر,32,بازرگان,1807
7466,زانا عومەر,سۆران,51,وێنەگر,1879
7467,نیشتمان عوسمان,دهۆک,40,بازرگان,1045
7468,هەڵکەوت بابان,هەڵەبجە,36,مامۆستا,3105
7469,هەڵکەوت عومەر,سۆران,58,گەشەپێدەری سۆفتوێر,2993
7470,ژیان عومەر,هەولێر,64,ئەندازیار,900
7471,هاوڕێ حەسەن,هەولێر,27,ئەندازیار,2665
7472,تارا جاف,سلێمانی,35,مامۆستا,2318
7473,ڕێبین جاف,هەڵەبجە,26,ئەندازیار,1493
7474,ژیان سەعيد,ڕانیە,59,دیزاینەر,469
7475,تارا حەسەن,هەڵەبجە,29,ئەندازیار,2511
7476,شنۆ قادر,سلێمانی,48,پزیشک,2805
7477,لەنیا كەریم,سلێمانی,36,ئەندازیار,1482
7478,بەرزان كەریم,سۆران,23,ژمێریار,1998
7479,هاوڕێ عومەر,سۆران,43,پزیشک,3094
7480,پشتیوان عوسمان,سلێمانی,40,ڕۆژنامەنوس,2676
7481,دیار گەرمیانی,کەرکووک,50,دیزاینەر,478
7482,ڕێبین عوسمان,ڕانیە,61,بازرگان,3233
7483,شنۆ ئەحمەد,کۆیە,35,ئەندازیار,3153
7484,کوردستان مەنگوڕی,کۆیە,52,وێنەگر,3373
7485,کوردستان عەبدوڵڵا,ڕانیە,19,مامۆستا,2111
7486,نیشتمان خۆشناو,هەڵەبجە,41,پارێزەر,3134
7487,نیشتمان سەعيد,هەڵەبجە,55,پارێزەر,1446
7488,نیشتمان عومەر,سۆران,44,ئەندازیار,2617
7489,لەنیا جاف,دهۆک,34,پارێزەر,1005
7490,سۆران مەنگوڕی,کۆیە,32,مامۆستا,955
7491,هێمن سۆران,کۆیە,57,دیزاینەر,3396
7492,تانیا سەعيد,کۆیە,18,پارێزەر,1343
7493,سارا سۆران,سلێمانی,64,پزیشک,430
7494,کاروان مەحمود,سۆران,41,ژمێریار,1198
7495,هەڵکەوت عومەر,کەرکووک,47,بازرگان,3100
7496,لەنیا مەحمود,دهۆک,53,ئەندازیار,1953
7497,سۆران گەرمیانی,دهۆک,51,پارێزەر,1315
7498,شێركۆ عومەر,سۆران,52,گەشەپێدەری سۆفتوێر,577
7499,کوردستان عەبدوڵڵا,دهۆک,43,گەشەپێدەری سۆفتوێر,1490
7500,ژینۆ عوسمان,هەولێر,49,پارێزەر,3327
7501,پشتیوان سەعيد,کەرکووک,59,وێنەگر,3373
7502,تارا بابان,دهۆک,49,مامۆستا,471
7503,نیشتمان مەنگوڕی,هەولێر,26,پزیشک,2599
7504,تارا مەنگوڕی,کۆیە,59,وێنەگر,2524
7505,هێمن حەسەن,هەڵەبجە,33,ژمێریار,2731
7506,نیشتمان سۆران,کۆیە,63,پارێزەر,496
7507,دیار سۆران,سلێمانی,36,مامۆستا,3257
7508,دیار بابان,سلێمانی,44,ئەندازیار,595
7509,ئاری حەسەن,ڕانیە,48,ئەندازیار,2616
7510,شێركۆ عوسمان,هەولێر,29,مامۆستا,3332
7511,سۆزان جاف,کەرکووک,25,ڕۆژنامەنوس,683
7512,ژینۆ عوسمان,سۆران,28,ژمێریار,3234
7513,پشتیوان سۆران,هەولێر,38,دیزاینەر,3098
7514,تانیا موكری,ڕانیە,61,دیزاینەر,1492
7515,بەختیار مەنگوڕی,هەولێر,36,ڕۆژنامەنوس,1714
7516,نیشتمان عومەر,هەولێر,35,ئەندازیار,2652
7517,هاوڕێ سەعيد,هەڵەبجە,22,بازرگان,1645
7518,ڕێبین سەعيد,هەڵەبجە,42,مامۆستا,3349
7519,لەنیا مەنگوڕی,کۆیە,31,ژمێریار,3126
7520,تانیا موكری,هەولێر,60,وێنەگر,3115
7521,بەرزان قادر,هەڵەبجە,27,مامۆستا,2468
7522,زانا مەنگوڕی,ڕانیە,60,ژمێریار,1211
7523,دیار مەحمود,کۆیە,33,مامۆستا,1364
7524,هاوڕێ موكری,ڕانیە,34,بازرگان,3383
7525,تانیا ئەحمەد,سلێمانی,39,ژمێریار,1077
7526,سارا سەعيد,کۆیە,50,ڕۆژنامەنوس,2880
7527,دیار عومەر,هەولێر,47,ژمێریار,961
7528,هەڵکەوت حەسەن,سلێمانی,39,ڕۆژنامەنوس,2922
7529,تارا بابان,کەرکووک,46,وێنەگر,2012
7530,هەڵکەوت عوسمان,هەولێر,37,ڕۆژنامەنوس,1826
7531,هەڵکەوت مەنگوڕی,کۆیە,20,ژمێریار,2882
7532,بەرزان جاف,هەولێر,26,ئەندازیار,2134
7533,ژینۆ كەریم,هەولێر,54,مامۆستا,1138
7534,هەڵکەوت عومەر,سلێمانی,63,ڕۆژنامەنوس,2960
7535,نیشتمان مەنگوڕی,کۆیە,57,وێنەگر,1142
7536,هاوڕێ كەریم,سلێمانی,58,ڕۆژنامەنوس,1100
7537,کوردستان عەبدوڵڵا,هەڵەبجە,60,ئەندازیار,647
7538,کۆسار حەسەن,هەولێر,25,گەشەپێدەری سۆفتوێر,1276
7539,هەڵکەوت خۆشناو,کەرکووک,59,ژمێریار,2937
7540,تارا بابان,ڕانیە,33,ژمێریار,1436
7541,سۆزان حەسەن,هەولێر,28,پارێزەر,3489
7542,ژیان بابان,کەرکووک,59,ژمێریار,567
7543,سۆزان مەحمود,دهۆک,59,گەشەپێدەری سۆفتوێر,1649
7544,ڕێبین حەسەن,ڕانیە,60,گەشەپێدەری سۆفتوێر,863
7545,کوردستان كەریم,ڕانیە,62,مامۆستا,772
7546,کۆسار جاف,ڕانیە,45,ڕۆژنامەنوس,1835
7547,هەڵکەوت سۆران,ڕانیە,26,پارێزەر,1666
7548,شێركۆ عەبدوڵڵا,سۆران,62,وێنەگر,686
7549,تانیا كەریم,کەرکووک,53,دیزاینەر,2287
7550,ئاری قادر,ڕانیە,31,ڕۆژنامەنوس,1620
7551,لەنیا بابان,کەرکووک,21,پزیشک,2384
7552,ئاری حەسەن,هەڵەبجە,48,مامۆستا,2359
7553,لەنیا عەبدوڵڵا,سۆران,49,گەشەپێدەری سۆفتوێر,2291
7554,نیشتمان بابان,دهۆک,23,گەشەپێدەری سۆفتوێر,1950
7555,تارا ئەحمەد,هەولێر,31,پارێزەر,3377
7556,ژیان مەحمود,هەولێر,42,بازرگان,2160
7557,سۆران جاف,کۆیە,40,دیزاینەر,790
7558,پشتیوان موكری,کۆیە,34,وێنەگر,1270
7559,تارا عەبدوڵڵا,دهۆک,38,مامۆستا,621
7560,پشتیوان گەرمیانی,ڕانیە,46,ڕۆژنامەنوس,769
7561,تارا عەبدوڵڵا,هەولێر,50,گەشەپێدەری سۆفتوێر,2354
7562,کوردستان گەرمیانی,هەڵەبجە,48,ژمێریار,1369
7563,پشتیوان قادر,ڕانیە,62,پارێزەر,1747
7564,تارا خۆشناو,کۆیە,43,وێنەگر,2632
7565,سۆران خۆشناو,کەرکووک,32,بازرگان,2588
7566,نیشتمان بابان,هەولێر,37,بازرگان,3262
7567,سارا خۆشناو,هەڵەبجە,30,ژمێریار,1500
7568,کاروان قادر,هەڵەبجە,63,مامۆستا,794
7569,بەرزان خۆشناو,کەرکووک,28,پارێزەر,2546
7570,ڕێبین بابان,سۆران,57,پارێزەر,1167
7571,ڕێبین سۆران,کۆیە,40,وێنەگر,468
7572,ژیان مەحمود,دهۆک,25,بازرگان,2394
7573,کۆسار مەنگوڕی,ڕانیە,56,پارێزەر,1411
7574,تارا خۆشناو,کۆیە,45,ڕۆژنامەنوس,2892
7575,تارا كەریم,سلێمانی,55,پزیشک,2970
7576,نیشتمان بابان,کۆیە,37,ژمێریار,3222
7577,هاوڕێ عەبدوڵڵا,دهۆک,51,بازرگان,3433
7578,شێركۆ قادر,سلێمانی,41,دیزاینەر,477
7579,شێركۆ مەنگوڕی,دهۆک,24,پارێزەر,1126
7580,بەختیار بابان,هەولێر,44,بازرگان,1220
7581,کوردستان بابان,سۆران,22,دیزاینەر,2982
7582,بەختیار سەعيد,ڕانیە,49,بازرگان,1342
7583,شێركۆ موكری,کۆیە,47,پارێزەر,2795
7584,بەختیار قادر,سلێمانی,27,پزیشک,2080
7585,ژیان بابان,هەڵەبجە,31,پارێزەر,2021
7586,هاوڕێ سەعيد,ڕانیە,50,بازرگان,2151
7587,کاروان عەبدوڵڵا,سلێمانی,43,گەشەپێدەری سۆفتوێر,1546
7588,سۆران عومەر,هەولێر,31,پارێزەر,2959
7589,شنۆ قادر,ڕانیە,55,ژمێریار,1590
7590,نیشتمان عومەر,ڕانیە,24,ئەندازیار,2399
7591,تارا حەسەن,سلێمانی,39,پارێزەر,1683
7592,نیشتمان مەنگوڕی,سلێمانی,27,وێنەگر,663
7593,زانا عومەر,هەڵەبجە,22,مامۆستا,3466
7594,ڕێبین عومەر,سۆران,36,بازرگان,2336
7595,کاروان مەنگوڕی,هەڵەبجە,35,پارێزەر,1866
7596,شنۆ حەسەن,کۆیە,32,دیزاینەر,1171
7597,سۆران خۆشناو,سۆران,23,ئەندازیار,1710
7598,سۆزان حەسەن,کۆیە,18,ئەندازیار,2583
7599,بەختیار ئەحمەد,دهۆک,64,دیزاینەر,1256
7600,کوردستان خۆشناو,هەڵەبجە,33,مامۆستا,2030
7601,سۆزان قادر,سۆران,61,دیزاینەر,740
7602,بەختیار عومەر,سلێمانی,52,دیزاینەر,1912
7603,هەڵکەوت گەرمیانی,سۆران,38,پزیشک,2519
7604,لەنیا سۆران,سۆران,48,پارێزەر,1962
7605,لەنیا قادر,سلێمانی,41,مامۆستا,2302
7606,شنۆ جاف,ڕانیە,22,پارێزەر,2592
7607,بەختیار عەبدوڵڵا,هەڵەبجە,58,وێنەگر,1001
7608,کۆسار عەبدوڵڵا,ڕانیە,24,دیزاینەر,2695
7609,تانیا موكری,هەولێر,62,بازرگان,3272
7610,زانا قادر,کەرکووک,25,بازرگان,2978
7611,ژینۆ مەحمود,سلێمانی,43,دیزاینەر,2135
7612,کوردستان مەنگوڕی,ڕانیە,64,ژمێریار,1005
7613,شنۆ گەرمیانی,کەرکووک,27,بازرگان,3261
7614,دیار بابان,کەرکووک,51,پزیشک,1359
7615,تارا سۆران,ڕانیە,63,ئەندازیار,2031
7616,سۆران مەنگوڕی,هەڵەبجە,53,مامۆستا,3331
7617,زانا قادر,سۆران,33,پزیشک,3401
7618,هاوڕێ ئەحمەد,کۆیە,59,مامۆستا,1038
7619,ڕێبین جاف,کۆیە,33,دیزاینەر,2557
7620,هێمن عومەر,کۆیە,27,وێنەگر,1806
7621,ئاری سەعيد,کۆیە,59,دیزاینەر,1700
7622,کاروان جاف,کۆیە,50,ڕۆژنامەنوس,2002
7623,تارا مەنگوڕی,سلێمانی,39,وێنەگر,1441
7624,کوردستان سەعيد,کەرکووک,32,بازرگان,1533
7625,ئاری خۆشناو,ڕانیە,30,دیزاینەر,403
7626,ڕێبین سەعيد,سۆران,63,ڕۆژنامەنوس,2191
7627,نیشتمان ئەحمەد,هەڵەبجە,62,گەشەپێدەری سۆفتوێر,1201
7628,زانا گەرمیانی,هەولێر,19,پزیشک,1693
7629,نیشتمان ئەحمەد,ڕانیە,40,وێنەگر,440
7630,ژینۆ جاف,سلێمانی,48,ئەندازیار,2886
7631,کاروان مەنگوڕی,کەرکووک,63,دیزاینەر,1560
7632,کاروان قادر,دهۆک,34,وێنەگر,670
7633,بەختیار سۆران,هەولێر,64,گەشەپێدەری سۆفتوێر,2962
7634,نیشتمان كەریم,کۆیە,39,ژمێریار,2007
7635,پشتیوان سۆران,هەڵەبجە,32,دیزاینەر,1362
7636,هەڵکەوت قادر,سۆران,62,ژمێریار,1867
7637,تانیا سۆران,ڕانیە,32,پزیشک,3211
7638,سۆران عەبدوڵڵا,هەولێر,27,ڕۆژنامەنوس,3148
7639,دیار موكری,هەولێر,60,دیزاینەر,2324
7640,ڕێبین عومەر,سۆران,32,پزیشک,501
7641,سۆزان مەنگوڕی,کۆیە,29,ڕۆژنامەنوس,2268
7642,کاروان عومەر,هەڵەبجە,55,پزیشک,652
7643,هاوڕێ عوسمان,ڕانیە,36,وێنەگر,2551
7644,هەڵکەوت حەسەن,سۆران,24,بازرگان,2688
7645,شێركۆ حەسەن,سلێمانی,25,پارێزەر,3241
7646,ڕێبین گەرمیانی,ڕانیە,24,دیزاینەر,2513
7647,کوردستان خۆشناو,کۆیە,38,گەشەپێدەری سۆفتوێر,2760
7648,ڕێبین بابان,هەڵەبجە,38,پارێزەر,3206
7649,تانیا جاف,هەڵەبجە,46,ژمێریار,822
7650,تانیا جاف,هەولێر,22,ئەندازیار,790
7651,تانیا خۆشناو,هەولێر,26,ڕۆژنامەنوس,3377
7652,زانا جاف,سۆران,63,گەشەپێدەری سۆفتوێر,2544
7653,بەرزان موكری,هەولێر,45,دیزاینەر,1674
7654,سۆزان خۆشناو,هەولێر,49,گەشەپێدەری سۆفتوێر,2140
7655,هێمن عوسمان,سلێمانی,64,گەشەپێدەری سۆفتوێر,1234
7656,تارا بابان,ڕانیە,58,مامۆستا,483
7657,تانیا بابان,هەولێر,53,ژمێریار,1999
7658,کۆسار بابان,هەڵەبجە,29,دیزاینەر,783
7659,سۆزان مەحمود,هەولێر,18,ژمێریار,2512
7660,بەختیار حەسەن,کۆیە,64,پزیشک,516
7661,هەڵکەوت ئەحمەد,هەڵەبجە,62,مامۆستا,821
7662,ژینۆ ئەحمەد,سۆران,61,ژمێریار,2178
7663,سارا مەنگوڕی,دهۆک,36,ژمێریار,1526
7664,کوردستان خۆشناو,هەولێر,52,ئەندازیار,552
7665,شێركۆ سەعيد,هەولێر,29,پزیشک,460
7666,تانیا گەرمیانی,دهۆک,64,بازرگان,1475
7667,ئاری كەریم,ڕانیە,52,پزیشک,433
7668,هێمن عومەر,هەڵەبجە,28,پزیشک,1399
7669,کوردستان موكری,سۆران,23,پارێزەر,2860
7670,بەرزان سۆران,دهۆک,62,گەشەپێدەری سۆفتوێر,1405
7671,کوردستان ئەحمەد,سلێمانی,45,وێنەگر,2417
7672,کۆسار گەرمیانی,سلێمانی,24,دیزاینەر,2989
7673,هەڵکەوت گەرمیانی,کەرکووک,41,گەشەپێدەری سۆفتوێر,3295
7674,سۆران عومەر,کۆیە,64,گەشەپێدەری سۆفتوێر,2318
7675,زانا جاف,سۆران,23,دیزاینەر,935
7676,هێمن گەرمیانی,کەرکووک,21,بازرگان,2764
7677,نیشتمان گەرمیانی,ڕانیە,43,ڕۆژنامەنوس,2714
7678,سۆران سەعيد,دهۆک,30,ژمێریار,2346
7679,بەختیار ئەحمەد,دهۆک,30,ژمێریار,1312
7680,ڕێبین حەسەن,سۆران,32,ژمێریار,939
7681,دیار حەسەن,کەرکووک,59,وێنەگر,2358
7682,سارا كەریم,سۆران,29,پارێزەر,2301
7683,زانا حەسەن,سلێمانی,39,ڕۆژنامەنوس,1589
7684,نیشتمان بابان,ڕانیە,50,وێنەگر,1015
7685,شنۆ ئەحمەد,دهۆک,42,مامۆستا,2947
7686,سۆزان كەریم,کۆیە,50,دیزاینەر,2863
7687,ژیان جاف,ڕانیە,52,مامۆستا,3339
7688,تارا حەسەن,سۆران,33,پزیشک,533
7689,سارا بابان,سۆران,41,ژمێریار,3498
7690,سۆزان كەریم,ڕانیە,43,ئەندازیار,2914
7691,سۆزان خۆشناو,ڕانیە,52,ئەندازیار,1201
7692,شێركۆ مەحمود,کۆیە,29,دیزاینەر,1566
7693,نیشتمان كەریم,کۆیە,36,بازرگان,3410
7694,هێمن جاف,کەرکووک,34,ئەندازیار,867
7695,بەختیار بابان,سۆران,29,پزیشک,1571
7696,ڕێبین كەریم,هەولێر,59,ڕۆژنامەنوس,1502
7697,ئاری خۆشناو,کەرکووک,23,پارێزەر,1336
7698,پشتیوان موكری,سۆران,33,ئەندازیار,1518
7699,دیار كەریم,کۆیە,49,ڕۆژنامەنوس,2407
7700,سۆزان بابان,هەولێر,47,وێنەگر,2764
7701,کوردستان عەبدوڵڵا,کۆیە,61,ژمێریار,2520
7702,پشتیوان عوسمان,دهۆک,42,گەشەپێدەری سۆفتوێر,3113
7703,تانیا حەسەن,دهۆک,33,بازرگان,3443
7704,ژینۆ سۆران,کۆیە,42,بازرگان,658
7705,هاوڕێ بابان,سۆران,27,مامۆستا,530
7706,ڕێبین حەسەن,کۆیە,23,مامۆستا,1850
7707,پشتیوان مەحمود,سۆران,56,مامۆستا,1626
7708,لەنیا سۆران,هەولێر,41,دیزاینەر,3058
7709,ڕێبین عوسمان,دهۆک,19,وێنەگر,1874
7710,سۆران عوسمان,هەولێر,58,گەشەپێدەری سۆفتوێر,611
7711,زانا جاف,هەولێر,45,ڕۆژنامەنوس,3497
7712,دیار گەرمیانی,سۆران,49,ڕۆژنامەنوس,948
7713,ڕێبین عومەر,هەڵەبجە,28,مامۆستا,1836
7714,تارا مەحمود,هەولێر,32,ڕۆژنامەنوس,1818
7715,سۆران حەسەن,دهۆک,23,پزیشک,2956
7716,بەرزان ئەحمەد,سۆران,31,ئەندازیار,1256
7717,سۆران قادر,هەولێر,20,پارێزەر,2143
7718,سارا عەبدوڵڵا,کۆیە,24,مامۆستا,3439
7719,کوردستان سۆران,دهۆک,36,ڕۆژنامەنوس,952
7720,شنۆ قادر,سۆران,40,پارێزەر,2986
7721,سارا عوسمان,هەولێر,34,پارێزەر,404
7722,زانا كەریم,سلێمانی,27,پزیشک,2378
7723,ژیان سەعيد,کۆیە,18,ژمێریار,2963
7724,هەڵکەوت بابان,کەرکووک,56,ئەندازیار,595
7725,هاوڕێ سۆران,کۆیە,38,مامۆستا,2830
7726,زانا عوسمان,کۆیە,40,پارێزەر,2935
7727,زانا موكری,هەولێر,58,گەشەپێدەری سۆفتوێر,2428
7728,ئاری عومەر,کەرکووک,49,بازرگان,601
7729,ژینۆ مەنگوڕی,سۆران,43,ئەندازیار,1987
7730,دیار عوسمان,کەرکووک,49,وێنەگر,1801
7731,زانا مەحمود,کەرکووک,28,مامۆستا,1807
7732,تارا خۆشناو,دهۆک,25,مامۆستا,1800
7733,بەرزان عوسمان,کۆیە,56,وێنەگر,1054
7734,ژیان عومەر,ڕانیە,45,ژمێریار,484
7735,نیشتمان جاف,کەرکووک,34,دیزاینەر,3277
7736,هەڵکەوت مەنگوڕی,ڕانیە,39,ئەندازیار,1546
7737,ڕێبین عەبدوڵڵا,هەولێر,33,مامۆستا,2465
7738,ژیان عومەر,هەولێر,52,پارێزەر,1512
7739,لەنیا مەحمود,سۆران,50,ڕۆژنامەنوس,1456
7740,ڕێبین حەسەن,کەرکووک,41,بازرگان,3315
7741,زانا قادر,ڕانیە,41,گەشەپێدەری سۆفتوێر,2018
7742,هێمن كەریم,سۆران,47,بازرگان,2860
7743,بەختیار گەرمیانی,هەڵەبجە,22,ئەندازیار,880
7744,تارا حەسەن,ڕانیە,27,ژمێریار,711
7745,تانیا بابان,هەولێر,48,ڕۆژنامەنوس,1258
7746,ژینۆ عوسمان,سۆران,23,ئەندازیار,2306
7747,تارا گەرمیانی,کۆیە,24,پارێزەر,3447
7748,ژینۆ سەعيد,سۆران,44,دیزاینەر,1159
7749,ژیان خۆشناو,کۆیە,19,ڕۆژنامەنوس,1392
7750,سارا بابان,کەرکووک,18,ڕۆژنامەنوس,3069
7751,دیار بابان,ڕانیە,54,مامۆستا,1132
7752,سارا عەبدوڵڵا,کەرکووک,46,ڕۆژنامەنوس,2611
7753,پشتیوان مەنگوڕی,هەولێر,36,مامۆستا,1967
7754,نیشتمان جاف,سلێمانی,24,بازرگان,1872
7755,نیشتمان قادر,دهۆک,63,مامۆستا,3217
7756,سارا حەسەن,ڕانیە,42,ژمێریار,2096
7757,کاروان جاف,هەولێر,56,وێنەگر,3339
7758,تانیا سەعيد,کەرکووک,52,وێنەگر,2987
7759,نیشتمان مەنگوڕی,کۆیە,37,مامۆستا,1148
7760,هەڵکەوت كەریم,کەرکووک,65,ژمێریار,990
7761,کاروان قادر,سلێمانی,61,ڕۆژنامەنوس,1980
7762,سۆران موكری,سلێمانی,26,بازرگان,2097
7763,هەڵکەوت كەریم,سلێمانی,61,دیزاینەر,2967
7764,ڕێبین عوسمان,سۆران,26,دیزاینەر,2045
7765,پشتیوان ئەحمەد,سلێمانی,65,دیزاینەر,2274
7766,سارا سۆران,کۆیە,60,ژمێریار,3096
7767,ژینۆ خۆشناو,دهۆک,29,ژمێریار,759
7768,لەنیا سۆران,کەرکووک,32,بازرگان,1617
7769,کوردستان سۆران,سۆران,41,ژمێریار,2483
7770,شنۆ مەحمود,کۆیە,30,پارێزەر,407
7771,کۆسار عەبدوڵڵا,هەولێر,47,مامۆستا,2007
7772,شنۆ بابان,هەولێر,19,مامۆستا,1076
7773,کاروان عەبدوڵڵا,سلێمانی,35,وێنەگر,1056
7774,تارا سۆران,ڕانیە,64,ژمێریار,563
7775,هاوڕێ موكری,هەولێر,60,پزیشک,2245
7776,ڕێبین سەعيد,سلێمانی,60,ڕۆژنامەنوس,1867
7777,سۆزان قادر,سۆران,51,پارێزەر,2351
7778,زانا عومەر,کۆیە,53,ژمێریار,3107
7779,هاوڕێ خۆشناو,کۆیە,50,گەشەپێدەری سۆفتوێر,1695
7780,کوردستان عەبدوڵڵا,هەولێر,38,پارێزەر,3442
7781,بەختیار موكری,ڕانیە,46,پارێزەر,610
7782,تارا جاف,سۆران,33,ڕۆژنامەنوس,2511
7783,شێركۆ مەنگوڕی,کەرکووک,45,پارێزەر,1972
7784,ڕێبین ئەحمەد,سۆران,41,وێنەگر,567
7785,سارا كەریم,سلێمانی,40,پارێزەر,687
7786,دیار قادر,کەرکووک,36,ڕۆژنامەنوس,2130
7787,ژیان بابان,ڕانیە,31,دیزاینەر,3400
7788,بەختیار مەنگوڕی,کەرکووک,20,بازرگان,2199
7789,کاروان عوسمان,ڕانیە,21,وێنەگر,2425
7790,هاوڕێ مەحمود,هەولێر,24,ئەندازیار,1464
7791,ئاری موكری,هەڵەبجە,23,دیزاینەر,2245
7792,هێمن سەعيد,سۆران,19,بازرگان,2599
7793,کاروان كەریم,ڕانیە,63,ژمێریار,2254
7794,تانیا سەعيد,ڕانیە,37,پزیشک,1393
7795,بەختیار ئەحمەد,کەرکووک,28,پزیشک,2816
7796,کوردستان سۆران,کەرکووک,23,پارێزەر,2836
7797,شێركۆ مەنگوڕی,هەڵەبجە,23,وێنەگر,2087
7798,سۆزان مەحمود,هەولێر,32,گەشەپێدەری سۆفتوێر,1570
7799,نیشتمان عومەر,هەولێر,41,ڕۆژنامەنوس,2365
7800,نیشتمان عومەر,سلێمانی,52,پارێزەر,2102
7801,ئاری حەسەن,سلێمانی,50,ئەندازیار,2239
7802,بەختیار عومەر,سلێمانی,63,بازرگان,3041
7803,ژینۆ سەعيد,کۆیە,44,گەشەپێدەری سۆفتوێر,990
7804,ژینۆ خۆشناو,هەولێر,43,ژمێریار,2779
7805,پشتیوان عەبدوڵڵا,ڕانیە,47,ژمێریار,692
7806,تانیا عوسمان,سۆران,37,پزیشک,411
7807,بەختیار بابان,ڕانیە,24,ئەندازیار,3305
7808,زانا مەنگوڕی,سلێمانی,18,دیزاینەر,566
7809,لەنیا مەنگوڕی,دهۆک,18,مامۆستا,1181
7810,لەنیا عەبدوڵڵا,سۆران,63,ئەندازیار,1359
7811,سارا خۆشناو,ڕانیە,33,ژمێریار,1034
7812,شێركۆ حەسەن,دهۆک,22,وێنەگر,2054
7813,هەڵکەوت گەرمیانی,کەرکووک,28,دیزاینەر,1078
7814,ژینۆ سۆران,ڕانیە,43,وێنەگر,746
7815,ژینۆ مەنگوڕی,کۆیە,21,پزیشک,1202
7816,شێركۆ مەنگوڕی,سلێمانی,61,ژمێریار,1401
7817,بەختیار جاف,دهۆک,34,ڕۆژنامەنوس,2959
7818,شنۆ عوسمان,کۆیە,36,مامۆستا,1972
7819,ژینۆ خۆشناو,ڕانیە,44,مامۆستا,2433
7820,ڕێبین خۆشناو,سلێمانی,26,پارێزەر,2409
7821,سۆران خۆشناو,سلێمانی,53,وێنەگر,2276
7822,سۆزان مەحمود,سۆران,40,گەشەپێدەری سۆفتوێر,1437
7823,هەڵکەوت عومەر,کۆیە,65,گەشەپێدەری سۆفتوێر,1774
7824,سۆزان گەرمیانی,کەرکووک,45,پزیشک,1800
7825,کۆسار حەسەن,هەولێر,23,ڕۆژنامەنوس,1079
7826,کۆسار حەسەن,هەولێر,61,ڕۆژنامەنوس,2227
7827,ئاری عومەر,دهۆک,35,بازرگان,1638
7828,پشتیوان حەسەن,کۆیە,34,گەشەپێدەری سۆفتوێر,2275
7829,سۆران عوسمان,کۆیە,33,پارێزەر,1937
7830,هێمن قادر,هەولێر,60,پارێزەر,2296
7831,لەنیا سەعيد,ڕانیە,62,ئەندازیار,1419
7832,ژینۆ عەبدوڵڵا,هەولێر,42,مامۆستا,1153
7833,بەرزان عوسمان,کەرکووک,58,ئەندازیار,1823
7834,دیار بابان,کۆیە,32,مامۆستا,1997
7835,سۆزان عوسمان,هەڵەبجە,52,دیزاینەر,3500
7836,ئاری ئەحمەد,سۆران,30,ئەندازیار,1065
7837,سۆزان بابان,سۆران,50,پارێزەر,2143
7838,ڕێبین خۆشناو,سۆران,27,ئەندازیار,1159
7839,شنۆ مەحمود,هەولێر,41,دیزاینەر,1613
7840,نیشتمان مەنگوڕی,کۆیە,64,وێنەگر,638
7841,کوردستان حەسەن,ڕانیە,22,بازرگان,774
7842,لەنیا بابان,دهۆک,48,ژمێریار,1325
7843,شنۆ عومەر,کەرکووک,37,بازرگان,3208
7844,شنۆ ئەحمەد,کەرکووک,63,وێنەگر,1249
7845,لەنیا جاف,سۆران,40,پارێزەر,3203
7846,ڕێبین عومەر,ڕانیە,20,گەشەپێدەری سۆفتوێر,446
7847,ڕێبین موكری,ڕانیە,41,مامۆستا,2903
7848,ڕێبین عەبدوڵڵا,هەڵەبجە,56,پارێزەر,2427
7849,هەڵکەوت بابان,دهۆک,40,پزیشک,1556
7850,شنۆ جاف,ڕانیە,33,گەشەپێدەری سۆفتوێر,1841
7851,ژینۆ موكری,کەرکووک,20,ژمێریار,2378
7852,ئاری سۆران,سۆران,26,ژمێریار,1913
7853,زانا كەریم,ڕانیە,32,ژمێریار,2636
7854,شێركۆ عوسمان,سۆران,35,بازرگان,420
7855,سۆران سۆران,هەڵەبجە,20,وێنەگر,1354
7856,کاروان موكری,دهۆک,37,پارێزەر,910
7857,ژیان بابان,هەڵەبجە,31,مامۆستا,3449
7858,کوردستان عەبدوڵڵا,هەڵەبجە,21,ڕۆژنامەنوس,2428
7859,تانیا موكری,سۆران,24,گەشەپێدەری سۆفتوێر,2401
7860,ژیان سەعيد,کۆیە,37,پارێزەر,1701
7861,ژیان مەحمود,کەرکووک,38,پارێزەر,2971
7862,کاروان موكری,دهۆک,64,ئەندازیار,2638
7863,ژیان سەعيد,سلێمانی,24,مامۆستا,2814
7864,سۆزان جاف,کۆیە,25,ئەندازیار,2165
7865,کۆسار عومەر,ڕانیە,45,پارێزەر,1831
7866,دیار عومەر,سۆران,63,وێنەگر,2969
7867,ژیان عەبدوڵڵا,کەرکووک,24,وێنەگر,2543
7868,کاروان بابان,هەڵەبجە,64,وێنەگر,2386
7869,دیار عومەر,هەولێر,52,وێنەگر,1369
7870,بەرزان سۆران,هەڵەبجە,34,پارێزەر,1400
7871,تانیا عەبدوڵڵا,هەولێر,47,ئەندازیار,2484
7872,ژیان كەریم,کەرکووک,35,مامۆستا,592
7873,شنۆ سەعيد,دهۆک,39,پارێزەر,2423
7874,نیشتمان بابان,سلێمانی,23,ژمێریار,2686
7875,کاروان مەحمود,ڕانیە,51,دیزاینەر,3035
7876,شێركۆ مەحمود,کۆیە,32,پزیشک,2835
7877,ئاری عوسمان,سۆران,25,دیزاینەر,1627
7878,سۆزان عومەر,کۆیە,46,ژمێریار,2413
7879,کوردستان موكری,هەڵەبجە,26,دیزاینەر,2893
7880,هەڵکەوت مەحمود,هەولێر,40,وێنەگر,3317
7881,سارا خۆشناو,دهۆک,48,وێنەگر,2628
7882,کوردستان سۆران,کەرکووک,18,ڕۆژنامەنوس,3082
7883,بەختیار مەنگوڕی,سۆران,61,ڕۆژنامەنوس,1805
7884,نیشتمان حەسەن,هەولێر,63,پارێزەر,611
7885,کاروان سۆران,دهۆک,45,دیزاینەر,2711
7886,تانیا سۆران,کۆیە,21,پزیشک,586
7887,بەرزان مەحمود,سۆران,42,بازرگان,2783
7888,کاروان سەعيد,کەرکووک,61,دیزاینەر,2495
7889,زانا عەبدوڵڵا,کۆیە,62,ڕۆژنامەنوس,1009
7890,نیشتمان ئەحمەد,سلێمانی,60,مامۆستا,2314
7891,پشتیوان بابان,سلێمانی,54,ئەندازیار,1790
7892,تارا سۆران,دهۆک,31,گەشەپێدەری سۆفتوێر,3405
7893,شێركۆ كەریم,هەڵەبجە,34,ئەندازیار,3299
7894,تارا عومەر,هەولێر,43,وێنەگر,1974
7895,زانا بابان,سلێمانی,33,گەشەپێدەری سۆفتوێر,1308
7896,تارا مەنگوڕی,دهۆک,61,بازرگان,992
7897,شێركۆ موكری,سلێمانی,65,گەشەپێدەری سۆفتوێر,3260
7898,کوردستان سەعيد,سۆران,45,گەشەپێدەری سۆفتوێر,3011
7899,زانا مەنگوڕی,کۆیە,26,ئەندازیار,1430
7900,کۆسار موكری,سلێمانی,53,پارێزەر,3134
7901,ژینۆ حەسەن,هەڵەبجە,56,وێنەگر,1378
7902,کوردستان موكری,سۆران,32,ئەندازیار,2308
7903,کوردستان گەرمیانی,کۆیە,44,بازرگان,2988
7904,کاروان سۆران,سلێمانی,20,ژمێریار,2103
7905,ڕێبین سەعيد,دهۆک,41,ئەندازیار,2414
7906,سۆزان گەرمیانی,کۆیە,28,مامۆستا,2229
7907,تانیا موكری,سلێمانی,34,گەشەپێدەری سۆفتوێر,1905
7908,تارا عومەر,هەولێر,38,وێنەگر,2532
7909,نیشتمان قادر,دهۆک,50,مامۆستا,3422
7910,بەختیار مەنگوڕی,کۆیە,65,ئەندازیار,2880
7911,زانا ئەحمەد,هەولێر,21,پزیشک,1212
7912,سۆزان سۆران,سۆران,24,ئەندازیار,3105
7913,تانیا عەبدوڵڵا,هەولێر,47,ئەندازیار,3389
7914,سۆزان عومەر,سۆران,40,ئەندازیار,2170
7915,دیار ئەحمەد,کەرکووک,31,ڕۆژنامەنوس,1698
7916,دیار عەبدوڵڵا,سۆران,50,ژمێریار,2579
7917,بەرزان عوسمان,کەرکووک,55,بازرگان,1624
7918,ژینۆ عوسمان,سلێمانی,21,مامۆستا,890
7919,کۆسار عەبدوڵڵا,هەولێر,25,دیزاینەر,701
7920,ژیان موكری,کەرکووک,55,وێنەگر,3327
7921,هێمن موكری,کۆیە,51,پزیشک,822
7922,ژینۆ سەعيد,کەرکووک,47,وێنەگر,2612
7923,بەرزان مەنگوڕی,ڕانیە,56,دیزاینەر,1651
7924,پشتیوان كەریم,کەرکووک,50,ئەندازیار,945
7925,لەنیا گەرمیانی,دهۆک,27,ڕۆژنامەنوس,2922
7926,سارا جاف,هەڵەبجە,61,دیزاینەر,968
7927,ئاری موكری,هەولێر,45,پارێزەر,1567
7928,بەرزان مەنگوڕی,ڕانیە,40,گەشەپێدەری سۆفتوێر,573
7929,کاروان سەعيد,هەڵەبجە,46,مامۆستا,3107
7930,نیشتمان ئەحمەد,کۆیە,25,ژمێریار,3445
7931,بەرزان ئەحمەد,هەڵەبجە,58,ئەندازیار,3405
7932,پشتیوان گەرمیانی,سلێمانی,36,مامۆستا,3221
7933,دیار حەسەن,هەولێر,62,دیزاینەر,3001
7934,کۆسار سەعيد,کەرکووک,57,پارێزەر,2937
7935,شنۆ حەسەن,دهۆک,32,مامۆستا,2018
7936,شنۆ سۆران,کەرکووک,52,بازرگان,2773
7937,کۆسار قادر,ڕانیە,58,پارێزەر,3377
7938,سۆزان حەسەن,ڕانیە,37,ڕۆژنامەنوس,1367
7939,دیار عەبدوڵڵا,کەرکووک,39,پارێزەر,1329
7940,پشتیوان ئەحمەد,ڕانیە,48,ڕۆژنامەنوس,803
7941,هێمن جاف,کەرکووک,38,ئەندازیار,2169
7942,کۆسار موكری,ڕانیە,59,بازرگان,1702
7943,بەرزان عوسمان,دهۆک,24,وێنەگر,1744
7944,ژیان حەسەن,کۆیە,37,ڕۆژنامەنوس,1993
7945,ژیان حەسەن,کۆیە,54,ژمێریار,3371
7946,دیار مەحمود,ڕانیە,35,گەشەپێدەری سۆفتوێر,1120
7947,زانا خۆشناو,سۆران,55,مامۆستا,2572
7948,کوردستان عومەر,سلێمانی,44,ژمێریار,527
7949,لەنیا گەرمیانی,سۆران,44,پزیشک,1470
7950,شێركۆ حەسەن,سۆران,29,پارێزەر,2130
7951,نیشتمان سۆران,دهۆک,19,بازرگان,1701
7952,هێمن عوسمان,کۆیە,45,بازرگان,717
7953,شنۆ موكری,کەرکووک,51,پزیشک,2602
7954,ژینۆ بابان,هەڵەبجە,23,مامۆستا,2172
7955,هاوڕێ حەسەن,سۆران,35,ژمێریار,1001
7956,هاوڕێ حەسەن,هەولێر,49,گەشەپێدەری سۆفتوێر,1342
7957,پشتیوان جاف,هەڵەبجە,41,مامۆستا,2692
7958,هەڵکەوت قادر,سۆران,21,پارێزەر,2262
7959,شێركۆ سەعيد,دهۆک,43,وێنەگر,3064
7960,ڕێبین جاف,کەرکووک,38,پزیشک,1854
7961,پشتیوان مەحمود,دهۆک,58,دیزاینەر,3372
7962,ژیان گەرمیانی,هەڵەبجە,29,ژمێریار,787
7963,سۆران قادر,دهۆک,46,گەشەپێدەری سۆفتوێر,3282
7964,ژینۆ گەرمیانی,ڕانیە,56,پزیشک,523
7965,دیار عوسمان,کۆیە,29,ڕۆژنامەنوس,2974
7966,دیار گەرمیانی,کەرکووک,40,ڕۆژنامەنوس,3455
7967,ژینۆ عومەر,هەڵەبجە,41,پارێزەر,944
7968,هێمن مەنگوڕی,هەڵەبجە,21,مامۆستا,1283
7969,سۆران سۆران,هەڵەبجە,48,گەشەپێدەری سۆفتوێر,589
7970,کۆسار مەنگوڕی,کەرکووک,50,پزیشک,3104
7971,پشتیوان ئەحمەد,ڕانیە,56,گەشەپێدەری سۆفتوێر,423
7972,ئاری مەنگوڕی,سۆران,28,وێنەگر,2880
7973,ڕێبین بابان,هەولێر,20,پارێزەر,937
7974,زانا عومەر,سۆران,31,وێنەگر,2673
7975,سۆزان جاف,هەولێر,59,ژمێریار,1745
7976,شنۆ سۆران,هەولێر,46,گەشەپێدەری سۆفتوێر,2763
7977,ئاری مەنگوڕی,ڕانیە,37,پارێزەر,2545
7978,ژیان عەبدوڵڵا,کەرکووک,43,بازرگان,3088
7979,بەختیار خۆشناو,ڕانیە,23,ڕۆژنامەنوس,1487
7980,بەرزان سەعيد,سلێمانی,45,ئەندازیار,640
7981,کۆسار موكری,دهۆک,37,بازرگان,1886
7982,هێمن حەسەن,سلێمانی,23,بازرگان,1719
7983,زانا عومەر,هەولێر,23,دیزاینەر,3333
7984,ژیان كەریم,کۆیە,46,مامۆستا,2696
7985,سارا سەعيد,کۆیە,41,ڕۆژنامەنوس,1357
7986,کوردستان سەعيد,سۆران,35,مامۆستا,1640
7987,ئاری سەعيد,ڕانیە,54,ژمێریار,533
7988,کۆسار ئەحمەد,سۆران,22,ژمێریار,1432
7989,سۆزان مەنگوڕی,دهۆک,52,وێنەگر,2448
7990,کوردستان مەنگوڕی,هەڵەبجە,24,گەشەپێدەری سۆفتوێر,408
7991,ژینۆ ئەحمەد,دهۆک,34,ڕۆژنامەنوس,2547
7992,تارا حەسەن,سۆران,60,ژمێریار,2029
7993,تانیا كەریم,سۆران,57,دیزاینەر,819
7994,کاروان خۆشناو,کەرکووک,41,ڕۆژنامەنوس,3032
7995,سۆزان حەسەن,سۆران,33,دیزاینەر,1546
7996,زانا كەریم,هەولێر,26,ڕۆژنامەنوس,574
7997,سۆزان جاف,دهۆک,41,بازرگان,724
7998,بەرزان مەحمود,هەولێر,51,پارێزەر,875
7999,شنۆ سۆران,هەڵەبجە,31,گەشەپێدەری سۆفتوێر,1586
8000,سۆزان ئەحمەد,کەرکووک,33,پزیشک,3233
8001,هێمن ئەحمەد,هەولێر,23,پارێزەر,3172
8002,کۆسار جاف,کۆیە,60,پزیشک,2292
8003,زانا عەبدوڵڵا,کۆیە,23,وێنەگر,2461
8004,هێمن مەحمود,کەرکووک,53,پزیشک,2679
8005,بەرزان مەحمود,هەڵەبجە,24,مامۆستا,2908
8006,ژینۆ مەحمود,سلێمانی,57,مامۆستا,2494
8007,زانا مەنگوڕی,کۆیە,39,دیزاینەر,2197
8008,لەنیا سۆران,کۆیە,21,دیزاینەر,2922
8009,لەنیا جاف,هەڵەبجە,46,دیزاینەر,2332
8010,ڕێبین جاف,کەرکووک,57,ڕۆژنامەنوس,1989
8011,شنۆ بابان,سلێمانی,42,پارێزەر,1318
8012,تانیا عەبدوڵڵا,دهۆک,32,مامۆستا,1280
8013,تارا ئەحمەد,کۆیە,57,دیزاینەر,563
8014,نیشتمان قادر,ڕانیە,57,ئەندازیار,1235
8015,لەنیا خۆشناو,ڕانیە,55,مامۆستا,728
8016,هەڵکەوت مەنگوڕی,سلێمانی,28,وێنەگر,1963
8017,دیار جاف,ڕانیە,34,پارێزەر,2180
8018,بەرزان مەحمود,هەڵەبجە,60,ڕۆژنامەنوس,2646
8019,سارا عەبدوڵڵا,ڕانیە,42,دیزاینەر,1091
8020,ڕێبین عوسمان,کەرکووک,57,ئەندازیار,1795
8021,شنۆ سۆران,دهۆک,18,ئەندازیار,774
8022,ڕێبین عەبدوڵڵا,هەڵەبجە,35,گەشەپێدەری سۆفتوێر,458
8023,بەختیار مەنگوڕی,سلێمانی,23,پزیشک,2414
8024,دیار گەرمیانی,هەڵەبجە,57,وێنەگر,1862
8025,نیشتمان عوسمان,هەڵەبجە,47,بازرگان,1668
8026,نیشتمان كەریم,هەولێر,27,ئەندازیار,2651
8027,شێركۆ مەحمود,هەولێر,18,پارێزەر,619
8028,بەختیار مەنگوڕی,ڕانیە,30,پارێزەر,593
8029,پشتیوان بابان,هەڵەبجە,20,ئەندازیار,2072
8030,سۆزان سۆران,هەڵەبجە,24,وێنەگر,1116
8031,سۆران ئەحمەد,کۆیە,43,ڕۆژنامەنوس,2598
8032,سارا قادر,کەرکووک,65,دیزاینەر,1291
8033,ئاری ئەحمەد,سۆران,28,دیزاینەر,1492
8034,هێمن عەبدوڵڵا,سلێمانی,25,ڕۆژنامەنوس,2215
8035,سارا موكری,دهۆک,38,ژمێریار,1914
8036,تانیا سەعيد,سلێمانی,27,دیزاینەر,3485
8037,زانا مەنگوڕی,هەولێر,58,بازرگان,624
8038,هاوڕێ مەنگوڕی,دهۆک,62,وێنەگر,594
8039,کاروان عومەر,ڕانیە,58,پزیشک,1594
8040,تانیا عوسمان,هەولێر,29,دیزاینەر,1228
8041,سۆران سۆران,ڕانیە,62,مامۆستا,1482
8042,ژینۆ عەبدوڵڵا,ڕانیە,64,ژمێریار,1280
8043,کاروان قادر,کۆیە,31,دیزاینەر,1381
8044,هاوڕێ موكری,سلێمانی,41,بازرگان,1615
8045,بەختیار ئەحمەد,هەولێر,31,گەشەپێدەری سۆفتوێر,1637
8046,سارا عەبدوڵڵا,ڕانیە,33,ڕۆژنامەنوس,1802
8047,زانا جاف,هەولێر,40,ژمێریار,1964
8048,کاروان مەحمود,سلێمانی,50,گەشەپێدەری سۆفتوێر,1207
8049,کۆسار بابان,ڕانیە,61,دیزاینەر,1306
8050,ژینۆ مەنگوڕی,هەڵەبجە,23,وێنەگر,537
8051,ئاری موكری,هەڵەبجە,30,بازرگان,2295
8052,ژیان حەسەن,دهۆک,47,مامۆستا,2164
8053,زانا عومەر,هەولێر,38,ئەندازیار,3301
8054,شنۆ قادر,سۆران,44,ڕۆژنامەنوس,3220
8055,ژیان عوسمان,سۆران,21,پارێزەر,1616
8056,شنۆ ئەحمەد,هەولێر,61,پزیشک,2656
8057,ئاری عومەر,ڕانیە,43,ڕۆژنامەنوس,1031
8058,ئاری سەعيد,سلێمانی,27,پارێزەر,1254
8059,نیشتمان ئەحمەد,ڕانیە,60,ژمێریار,2999
8060,بەرزان سەعيد,کەرکووک,21,پزیشک,1161
8061,دیار سەعيد,کۆیە,46,دیزاینەر,789
8062,شێركۆ سۆران,کەرکووک,36,مامۆستا,883
8063,کۆسار مەنگوڕی,هەولێر,25,پارێزەر,3043
8064,پشتیوان جاف,ڕانیە,64,مامۆستا,899
8065,تارا كەریم,سلێمانی,28,گەشەپێدەری سۆفتوێر,1226
8066,تارا جاف,هەڵەبجە,43,ئەندازیار,736
8067,کۆسار موكری,سلێمانی,29,دیزاینەر,1985
8068,سۆران سۆران,هەولێر,19,دیزاینەر,1010
8069,کۆسار گەرمیانی,ڕانیە,49,مامۆستا,1432
8070,کاروان سۆران,سلێمانی,24,بازرگان,714
8071,سارا گەرمیانی,دهۆک,32,ڕۆژنامەنوس,2018
8072,تانیا كەریم,کۆیە,32,ژمێریار,1936
8073,سۆزان عەبدوڵڵا,دهۆک,19,مامۆستا,3346
8074,شنۆ عەبدوڵڵا,دهۆک,46,پارێزەر,2886
8075,هاوڕێ سۆران,سلێمانی,25,بازرگان,2576
8076,نیشتمان بابان,هەولێر,36,پزیشک,675
8077,ژینۆ عومەر,هەڵەبجە,20,وێنەگر,816
8078,دیار عوسمان,ڕانیە,58,پزیشک,1781
8079,هاوڕێ جاف,کەرکووک,35,مامۆستا,1617
8080,کاروان موكری,هەولێر,57,پارێزەر,2072
8081,ژیان عومەر,هەولێر,54,گەشەپێدەری سۆفتوێر,2933
8082,شێركۆ قادر,هەڵەبجە,60,پارێزەر,934
8083,تانیا عەبدوڵڵا,ڕانیە,59,پزیشک,2364
8084,تانیا عومەر,هەولێر,37,پزیشک,1529
8085,تانیا مەحمود,سۆران,38,دیزاینەر,1068
8086,شنۆ گەرمیانی,سلێمانی,58,ئەندازیار,493
8087,سۆران عوسمان,ڕانیە,41,دیزاینەر,1278
8088,هێمن بابان,ڕانیە,40,مامۆستا,2063
8089,سۆزان خۆشناو,کۆیە,25,وێنەگر,3279
8090,شنۆ سۆران,کەرکووک,27,ئەندازیار,1766
8091,کۆسار خۆشناو,کۆیە,40,وێنەگر,3361
8092,نیشتمان عومەر,هەڵەبجە,41,دیزاینەر,1458
8093,هەڵکەوت گەرمیانی,دهۆک,30,پارێزەر,1693
8094,هەڵکەوت موكری,دهۆک,60,گەشەپێدەری سۆفتوێر,3039
8095,هاوڕێ خۆشناو,هەڵەبجە,32,دیزاینەر,2797
8096,هێمن حەسەن,کۆیە,45,پارێزەر,2703
8097,زانا مەنگوڕی,سلێمانی,58,گەشەپێدەری سۆفتوێر,1941
8098,کۆسار بابان,سلێمانی,46,دیزاینەر,1397
8099,هەڵکەوت عوسمان,کۆیە,31,وێنەگر,2149
8100,لەنیا گەرمیانی,کۆیە,59,پارێزەر,3461
8101,هەڵکەوت سۆران,کەرکووک,29,گەشەپێدەری سۆفتوێر,1341
8102,شنۆ سەعيد,دهۆک,33,پارێزەر,556
8103,هێمن عومەر,هەولێر,42,ئەندازیار,2673
8104,ژینۆ قادر,کۆیە,49,وێنەگر,1013
8105,کۆسار بابان,دهۆک,24,ئەندازیار,491
8106,سۆران عەبدوڵڵا,هەڵەبجە,36,مامۆستا,454
8107,بەختیار خۆشناو,کۆیە,30,ژمێریار,1733
8108,ژینۆ قادر,هەولێر,52,مامۆستا,1617
8109,هێمن عوسمان,دهۆک,35,مامۆستا,647
8110,شێركۆ مەحمود,کەرکووک,27,ڕۆژنامەنوس,1769
8111,ژیان بابان,دهۆک,54,پزیشک,1422
8112,سۆزان مەحمود,کەرکووک,41,گەشەپێدەری سۆفتوێر,3390
8113,هاوڕێ سۆران,کۆیە,34,دیزاینەر,2851
8114,تانیا بابان,کۆیە,55,وێنەگر,1952
8115,سۆران مەحمود,کۆیە,36,دیزاینەر,2973
8116,نیشتمان ئەحمەد,کەرکووک,65,ژمێریار,3329
8117,سارا بابان,سلێمانی,42,وێنەگر,3187
8118,شێركۆ سەعيد,کۆیە,54,گەشەپێدەری سۆفتوێر,1397
8119,کاروان عومەر,هەڵەبجە,52,بازرگان,3188
8120,لەنیا عومەر,کۆیە,34,پزیشک,1022
8121,ڕێبین مەنگوڕی,دهۆک,29,ئەندازیار,2593
8122,شێركۆ جاف,کۆیە,43,ئەندازیار,3133
8123,سارا حەسەن,کۆیە,40,وێنەگر,2411
8124,هێمن مەحمود,سۆران,29,گەشەپێدەری سۆفتوێر,3419
8125,پشتیوان سەعيد,سۆران,26,پارێزەر,1689
8126,تانیا جاف,هەڵەبجە,55,گەشەپێدەری سۆفتوێر,1269
8127,کوردستان موكری,سلێمانی,32,پارێزەر,881
8128,ڕێبین عوسمان,سلێمانی,25,وێنەگر,2687
8129,تانیا قادر,هەولێر,45,گەشەپێدەری سۆفتوێر,2548
8130,زانا مەنگوڕی,دهۆک,50,بازرگان,1409
8131,سۆزان سۆران,کەرکووک,19,مامۆستا,1387
8132,سۆران موكری,کۆیە,54,ئەندازیار,1007
8133,ئاری بابان,ڕانیە,31,وێنەگر,2436
8134,هاوڕێ خۆشناو,سلێمانی,20,پارێزەر,2485
8135,تارا كەریم,ڕانیە,40,ئەندازیار,1529
8136,تانیا مەحمود,دهۆک,22,وێنەگر,1335
8137,بەختیار كەریم,دهۆک,49,گەشەپێدەری سۆفتوێر,1583
8138,لەنیا بابان,کەرکووک,29,ژمێریار,1024
8139,شنۆ مەنگوڕی,کەرکووک,24,بازرگان,2998
8140,هەڵکەوت سەعيد,سۆران,28,بازرگان,1523
8141,شێركۆ موكری,ڕانیە,39,وێنەگر,3437
8142,دیار بابان,هەولێر,63,ئەندازیار,2501
8143,تارا كەریم,ڕانیە,27,گەشەپێدەری سۆفتوێر,1149
8144,هاوڕێ گەرمیانی,هەڵەبجە,63,دیزاینەر,688
8145,تارا خۆشناو,کەرکووک,36,پزیشک,2176
8146,هێمن جاف,کەرکووک,42,ژمێریار,1163
8147,کوردستان سەعيد,کۆیە,48,ڕۆژنامەنوس,1168
8148,بەرزان گەرمیانی,هەولێر,57,مامۆستا,2705
8149,سۆزان خۆشناو,سلێمانی,49,پزیشک,3452
8150,شنۆ عومەر,سۆران,54,وێنەگر,561
8151,کۆسار قادر,ڕانیە,33,دیزاینەر,2387
8152,لەنیا عومەر,هەولێر,31,ڕۆژنامەنوس,1617
8153,شێركۆ كەریم,کۆیە,57,دیزاینەر,2297
8154,کوردستان ئەحمەد,کەرکووک,35,وێنەگر,2164
8155,ژیان حەسەن,ڕانیە,59,پارێزەر,2019
8156,دیار قادر,دهۆک,65,دیزاینەر,2745
8157,ئاری عوسمان,سلێمانی,65,ژمێریار,1462
8158,نیشتمان جاف,کەرکووک,61,بازرگان,2483
8159,ژیان مەحمود,دهۆک,59,ژمێریار,2697
8160,بەرزان سۆران,کەرکووک,61,ئەندازیار,3446
8161,هاوڕێ مەحمود,کەرکووک,55,وێنەگر,605
8162,پشتیوان عومەر,دهۆک,47,دیزاینەر,3000
8163,ئاری سەعيد,ڕانیە,29,بازرگان,2203
8164,کاروان موكری,هەڵەبجە,45,ڕۆژنامەنوس,2577
8165,لەنیا سەعيد,هەڵەبجە,26,پارێزەر,451
8166,بەرزان مەنگوڕی,دهۆک,43,پارێزەر,3466
8167,شێركۆ حەسەن,کەرکووک,45,ئەندازیار,2410
8168,ژیان سەعيد,کۆیە,21,پارێزەر,1975
8169,ژینۆ قادر,سلێمانی,51,پزیشک,1204
8170,ژیان سۆران,ڕانیە,36,پارێزەر,1284
8171,ژیان سەعيد,دهۆک,65,گەشەپێدەری سۆفتوێر,1691
8172,هێمن عەبدوڵڵا,دهۆک,55,دیزاینەر,3140
8173,ژینۆ جاف,ڕانیە,36,بازرگان,1870
8174,هاوڕێ ئەحمەد,کەرکووک,64,بازرگان,1910
8175,زانا مەحمود,هەولێر,40,گەشەپێدەری سۆفتوێر,2369
8176,زانا سەعيد,هەولێر,25,مامۆستا,2552
8177,سارا سۆران,سلێمانی,47,وێنەگر,1305
8178,شێركۆ جاف,سلێمانی,20,ڕۆژنامەنوس,3482
8179,هەڵکەوت عەبدوڵڵا,دهۆک,63,ئەندازیار,1306
8180,کوردستان ئەحمەد,کەرکووک,63,پارێزەر,2438
8181,ژینۆ عەبدوڵڵا,دهۆک,44,گەشەپێدەری سۆفتوێر,2975
8182,تانیا خۆشناو,سۆران,45,پزیشک,753
8183,پشتیوان خۆشناو,سۆران,39,پارێزەر,929
8184,نیشتمان حەسەن,سۆران,19,مامۆستا,1449
8185,ژیان عەبدوڵڵا,کۆیە,61,مامۆستا,2573
8186,دیار عەبدوڵڵا,کۆیە,29,ژمێریار,910
8187,تارا كەریم,سلێمانی,27,ژمێریار,1441
8188,بەختیار مەنگوڕی,دهۆک,52,وێنەگر,2380
8189,نیشتمان ئەحمەد,سۆران,48,دیزاینەر,3258
8190,ئاری بابان,سۆران,32,ئەندازیار,3061
8191,ڕێبین عومەر,کۆیە,24,ڕۆژنامەنوس,1588
8192,بەرزان سۆران,هەولێر,22,ئەندازیار,737
8193,کاروان سۆران,سلێمانی,55,ژمێریار,1464
8194,ژینۆ بابان,هەولێر,25,دیزاینەر,541
8195,سارا سەعيد,کەرکووک,20,گەشەپێدەری سۆفتوێر,3153
8196,لەنیا سەعيد,سلێمانی,48,پزیشک,1412
8197,دیار كەریم,کۆیە,46,وێنەگر,1305
8198,تارا خۆشناو,سۆران,54,وێنەگر,768
8199,ئاری گەرمیانی,کۆیە,18,دیزاینەر,2547
8200,سۆزان مەحمود,هەولێر,31,پزیشک,701
8201,دیار قادر,سۆران,39,مامۆستا,3371
8202,شنۆ جاف,ڕانیە,53,پارێزەر,1294
8203,تارا سەعيد,کۆیە,63,گەشەپێدەری سۆفتوێر,2468
8204,زانا مەنگوڕی,کۆیە,24,گەشەپێدەری سۆفتوێر,2896
8205,شێركۆ حەسەن,ڕانیە,56,ڕۆژنامەنوس,1443
8206,ژینۆ عەبدوڵڵا,کۆیە,52,بازرگان,1038
8207,پشتیوان حەسەن,هەولێر,46,مامۆستا,2310
8208,شنۆ عومەر,کۆیە,29,ژمێریار,2226
8209,کوردستان موكری,سلێمانی,45,ڕۆژنامەنوس,1445
8210,بەختیار سۆران,سۆران,44,ئەندازیار,1874
8211,ڕێبین گەرمیانی,هەڵەبجە,32,ئەندازیار,416
8212,ئاری قادر,سۆران,23,گەشەپێدەری سۆفتوێر,3462
8213,هەڵکەوت مەنگوڕی,دهۆک,56,پارێزەر,1985
8214,ئاری كەریم,کەرکووک,39,ژمێریار,1328
8215,نیشتمان كەریم,کەرکووک,64,گەشەپێدەری سۆفتوێر,3086
8216,ڕێبین كەریم,دهۆک,47,پزیشک,786
8217,تانیا ئەحمەد,ڕانیە,61,بازرگان,2148
8218,کاروان عەبدوڵڵا,کەرکووک,46,دیزاینەر,882
8219,تانیا عوسمان,هەڵەبجە,19,پارێزەر,643
8220,ژینۆ خۆشناو,هەڵەبجە,65,بازرگان,1986
8221,کاروان عوسمان,کەرکووک,50,پارێزەر,3231
8222,سۆران قادر,دهۆک,23,پارێزەر,1144
8223,ژینۆ حەسەن,هەولێر,32,ژمێریار,665
8224,کوردستان سۆران,هەڵەبجە,46,ژمێریار,3038
8225,بەختیار حەسەن,کەرکووک,59,ڕۆژنامەنوس,2001
8226,ڕێبین بابان,دهۆک,41,گەشەپێدەری سۆفتوێر,1940
8227,شنۆ موكری,هەڵەبجە,59,وێنەگر,797
8228,سۆران جاف,کۆیە,19,مامۆستا,2805
8229,سۆران سۆران,کەرکووک,34,ژمێریار,1578
8230,شنۆ حەسەن,کۆیە,30,گەشەپێدەری سۆفتوێر,2365
8231,تارا سەعيد,هەولێر,61,پارێزەر,2056
8232,سۆزان مەحمود,هەولێر,32,ژمێریار,2031
8233,ئاری خۆشناو,ڕانیە,52,پزیشک,970
8234,تارا گەرمیانی,کۆیە,47,پارێزەر,1392
8235,کۆسار خۆشناو,ڕانیە,58,مامۆستا,1422
8236,ژینۆ مەحمود,سلێمانی,56,دیزاینەر,2645
8237,لەنیا ئەحمەد,هەولێر,53,ژمێریار,1087
8238,زانا ئەحمەد,ڕانیە,58,وێنەگر,1535
8239,شنۆ عوسمان,دهۆک,28,گەشەپێدەری سۆفتوێر,856
8240,کوردستان بابان,کۆیە,54,گەشەپێدەری سۆفتوێر,1904
8241,کۆسار حەسەن,دهۆک,30,ئەندازیار,2657
8242,کاروان مەحمود,هەولێر,26,وێنەگر,3121
8243,لەنیا بابان,هەولێر,51,بازرگان,457
8244,تارا سەعيد,هەولێر,18,وێنەگر,2517
8245,زانا كەریم,سۆران,38,ژمێریار,1305
8246,بەرزان مەنگوڕی,هەولێر,51,دیزاینەر,1820
8247,ئاری گەرمیانی,سلێمانی,47,وێنەگر,1599
8248,سۆزان عوسمان,هەڵەبجە,52,پزیشک,3113
8249,کاروان قادر,هەولێر,29,بازرگان,2884
8250,دیار مەحمود,هەڵەبجە,25,پارێزەر,1714
8251,ژیان كەریم,دهۆک,44,گەشەپێدەری سۆفتوێر,575
8252,سارا مەنگوڕی,هەولێر,43,ئەندازیار,2598
8253,هێمن عومەر,سۆران,58,گەشەپێدەری سۆفتوێر,1187
8254,بەختیار خۆشناو,کۆیە,56,بازرگان,2288
8255,هێمن مەحمود,سۆران,18,ڕۆژنامەنوس,1489
8256,بەرزان مەنگوڕی,سلێمانی,57,پارێزەر,2859
8257,پشتیوان موكری,کەرکووک,51,پارێزەر,1203
8258,ئاری حەسەن,کەرکووک,21,گەشەپێدەری سۆفتوێر,2912
8259,نیشتمان عوسمان,سلێمانی,22,دیزاینەر,3278
8260,دیار جاف,کۆیە,27,وێنەگر,1697
8261,سارا عوسمان,سۆران,47,ڕۆژنامەنوس,1753
8262,سۆران مەنگوڕی,کەرکووک,18,ئەندازیار,797
8263,شنۆ گەرمیانی,سۆران,42,گەشەپێدەری سۆفتوێر,3351
8264,شنۆ قادر,سلێمانی,44,ڕۆژنامەنوس,2534
8265,ژینۆ سەعيد,دهۆک,53,ڕۆژنامەنوس,408
8266,کۆسار موكری,سلێمانی,35,ئەندازیار,1229
8267,سۆزان جاف,کۆیە,46,ڕۆژنامەنوس,2178
8268,سۆران مەنگوڕی,ڕانیە,59,پارێزەر,2230
8269,شنۆ جاف,هەڵەبجە,55,گەشەپێدەری سۆفتوێر,3479
8270,سۆزان عومەر,هەولێر,42,وێنەگر,2281
8271,سۆزان ئەحمەد,دهۆک,63,وێنەگر,2888
8272,کاروان حەسەن,کەرکووک,48,مامۆستا,2957
8273,سارا عوسمان,دهۆک,58,وێنەگر,1366
8274,بەختیار جاف,ڕانیە,64,پزیشک,513
8275,سۆران كەریم,ڕانیە,53,مامۆستا,3409
8276,تانیا حەسەن,کەرکووک,22,دیزاینەر,786
8277,ئاری قادر,کۆیە,28,وێنەگر,3323
8278,کۆسار سۆران,سۆران,44,مامۆستا,2938
8279,کۆسار قادر,کۆیە,30,پارێزەر,1115
8280,شێركۆ بابان,هەولێر,54,ڕۆژنامەنوس,1218
8281,ئاری عوسمان,کەرکووک,24,گەشەپێدەری سۆفتوێر,1100
8282,ڕێبین مەنگوڕی,کۆیە,32,ڕۆژنامەنوس,1836
8283,سۆران مەحمود,سۆران,47,مامۆستا,1658
8284,دیار قادر,ڕانیە,28,مامۆستا,3135
8285,هاوڕێ گەرمیانی,هەڵەبجە,19,گەشەپێدەری سۆفتوێر,3332
8286,کوردستان مەنگوڕی,ڕانیە,20,ڕۆژنامەنوس,932
8287,شێركۆ كەریم,دهۆک,34,ڕۆژنامەنوس,2889
8288,شێركۆ مەنگوڕی,کەرکووک,65,ژمێریار,2041
8289,سارا عەبدوڵڵا,دهۆک,42,وێنەگر,1863
8290,ئاری جاف,کەرکووک,53,ئەندازیار,1022
8291,بەرزان سۆران,کۆیە,28,بازرگان,1911
8292,لەنیا ئەحمەد,ڕانیە,30,پزیشک,1719
8293,هێمن مەحمود,دهۆک,19,گەشەپێدەری سۆفتوێر,1529
8294,کاروان حەسەن,سۆران,40,پزیشک,3348
8295,دیار جاف,کۆیە,30,پارێزەر,2820
8296,بەرزان بابان,ڕانیە,33,پارێزەر,3162
8297,سارا جاف,دهۆک,65,دیزاینەر,1044
8298,شنۆ حەسەن,سۆران,57,پزیشک,1271
8299,لەنیا قادر,هەولێر,31,دیزاینەر,2536
8300,تانیا عوسمان,ڕانیە,63,پارێزەر,2192
8301,بەرزان عەبدوڵڵا,هەولێر,64,بازرگان,3306
8302,هێمن موكری,هەڵەبجە,19,پزیشک,668
8303,شنۆ خۆشناو,ڕانیە,52,پارێزەر,1077
8304,لەنیا مەنگوڕی,سۆران,32,ژمێریار,1716
8305,زانا سۆران,کۆیە,24,وێنەگر,1521
8306,نیشتمان مەنگوڕی,سۆران,61,مامۆستا,3123
8307,ئاری عوسمان,سۆران,56,ڕۆژنامەنوس,737
8308,هاوڕێ كەریم,کەرکووک,39,دیزاینەر,775
8309,تارا عومەر,ڕانیە,44,ئەندازیار,709
8310,تانیا جاف,هەولێر,45,وێنەگر,939
8311,بەختیار سەعيد,دهۆک,58,وێنەگر,582
8312,ئاری مەحمود,ڕانیە,18,ئەندازیار,2664
8313,ئاری سەعيد,ڕانیە,42,ڕۆژنامەنوس,2375
8314,سۆران خۆشناو,کۆیە,28,دیزاینەر,2892
8315,هاوڕێ سۆران,هەولێر,42,بازرگان,1335
8316,پشتیوان قادر,هەڵەبجە,37,بازرگان,2841
8317,هاوڕێ گەرمیانی,هەڵەبجە,40,مامۆستا,996
8318,ڕێبین خۆشناو,سۆران,47,پارێزەر,454
8319,سارا بابان,سۆران,25,وێنەگر,3471
8320,هاوڕێ حەسەن,دهۆک,21,پزیشک,1867
8321,شێركۆ عوسمان,کەرکووک,22,دیزاینەر,402
8322,لەنیا عەبدوڵڵا,سۆران,63,دیزاینەر,3021
8323,سۆران مەنگوڕی,هەولێر,34,پزیشک,2076
8324,تارا مەحمود,هەڵەبجە,27,مامۆستا,2707
8325,ژیان مەحمود,ڕانیە,36,پزیشک,2445
8326,سۆزان عوسمان,کۆیە,24,پارێزەر,1225
8327,ڕێبین جاف,دهۆک,34,پارێزەر,1896
8328,هەڵکەوت عومەر,سلێمانی,59,گەشەپێدەری سۆفتوێر,2584
8329,ڕێبین موكری,دهۆک,35,بازرگان,3452
8330,تانیا موكری,کۆیە,59,گەشەپێدەری سۆفتوێر,3432
8331,بەرزان مەنگوڕی,ڕانیە,43,ئەندازیار,2202
8332,پشتیوان خۆشناو,کۆیە,38,بازرگان,967
8333,زانا سەعيد,دهۆک,61,ڕۆژنامەنوس,747
8334,بەختیار موكری,دهۆک,23,وێنەگر,1258
8335,کوردستان جاف,سۆران,35,بازرگان,1488
8336,شنۆ مەحمود,هەولێر,54,وێنەگر,1671
8337,کاروان كەریم,دهۆک,55,دیزاینەر,1369
8338,سۆزان حەسەن,سۆران,46,دیزاینەر,3341
8339,ئاری حەسەن,هەڵەبجە,31,دیزاینەر,2303
8340,شنۆ موكری,هەڵەبجە,36,ڕۆژنامەنوس,2897
8341,هاوڕێ عوسمان,ڕانیە,41,ڕۆژنامەنوس,3140
8342,لەنیا قادر,کەرکووک,61,پزیشک,2079
8343,کاروان مەحمود,کۆیە,57,ڕۆژنامەنوس,3253
8344,هێمن مەنگوڕی,سۆران,41,وێنەگر,829
8345,بەختیار قادر,ڕانیە,22,بازرگان,1296
8346,هەڵکەوت عومەر,کەرکووک,48,مامۆستا,1112
8347,هاوڕێ عومەر,هەولێر,25,پارێزەر,3192
8348,شێركۆ خۆشناو,کۆیە,36,بازرگان,2016
8349,هێمن مەحمود,کۆیە,40,مامۆستا,3134
8350,شنۆ سۆران,کەرکووک,41,مامۆستا,1827
8351,بەختیار حەسەن,دهۆک,21,پارێزەر,1001
8352,پشتیوان خۆشناو,سۆران,57,پزیشک,2924
8353,شێركۆ حەسەن,کەرکووک,50,بازرگان,2061
8354,هەڵکەوت جاف,سۆران,44,بازرگان,1959
8355,ئاری سەعيد,هەولێر,54,دیزاینەر,3080
8356,سارا مەنگوڕی,سۆران,26,بازرگان,3027
8357,تارا عەبدوڵڵا,سۆران,40,بازرگان,2998
8358,کۆسار سۆران,سۆران,18,ژمێریار,692
8359,سۆران سەعيد,هەڵەبجە,19,بازرگان,2846
8360,کاروان عومەر,کۆیە,26,ژمێریار,3237
8361,تانیا گەرمیانی,هەڵەبجە,40,دیزاینەر,1217
8362,کاروان عومەر,هەولێر,48,بازرگان,845
8363,هاوڕێ عەبدوڵڵا,هەڵەبجە,34,ژمێریار,3290
8364,سۆزان موكری,کەرکووک,60,پزیشک,2560
8365,دیار موكری,ڕانیە,20,دیزاینەر,666
8366,هاوڕێ عوسمان,هەڵەبجە,18,ژمێریار,2194
8367,کوردستان خۆشناو,سلێمانی,26,مامۆستا,2507
8368,زانا جاف,کەرکووک,50,بازرگان,3464
8369,کاروان حەسەن,هەڵەبجە,27,ئەندازیار,2883
8370,دیار مەحمود,ڕانیە,46,گەشەپێدەری سۆفتوێر,2499
8371,ژیان ئەحمەد,هەڵەبجە,65,پارێزەر,549
8372,ڕێبین مەحمود,کەرکووک,60,مامۆستا,2452
8373,ژینۆ حەسەن,کەرکووک,33,ئەندازیار,2777
8374,ژینۆ مەحمود,کۆیە,38,ڕۆژنامەنوس,1558
8375,بەرزان مەنگوڕی,ڕانیە,54,مامۆستا,2767
8376,نیشتمان موكری,سلێمانی,41,دیزاینەر,1242
8377,زانا قادر,کۆیە,21,ئەندازیار,2207
8378,سارا عوسمان,دهۆک,53,پارێزەر,2677
8379,دیار جاف,دهۆک,65,مامۆستا,3210
8380,کۆسار جاف,ڕانیە,47,بازرگان,1569
8381,هاوڕێ ئەحمەد,سۆران,65,بازرگان,3017
8382,ڕێبین ئەحمەد,دهۆک,56,ژمێریار,862
8383,زانا خۆشناو,کەرکووک,36,وێنەگر,743
8384,کوردستان عەبدوڵڵا,ڕانیە,33,دیزاینەر,2336
8385,هاوڕێ سەعيد,هەڵەبجە,54,ژمێریار,2133
8386,بەختیار سەعيد,هەڵەبجە,33,وێنەگر,867
8387,شێركۆ سۆران,هەولێر,55,دیزاینەر,3319
8388,سۆزان مەنگوڕی,دهۆک,46,بازرگان,3489
8389,بەختیار موكری,هەولێر,24,ڕۆژنامەنوس,2453
8390,سارا مەنگوڕی,دهۆک,26,دیزاینەر,2078
8391,کۆسار كەریم,دهۆک,35,پزیشک,1404
8392,شنۆ قادر,سلێمانی,53,مامۆستا,3278
8393,پشتیوان خۆشناو,هەڵەبجە,37,پزیشک,2349
8394,هاوڕێ خۆشناو,هەڵەبجە,55,ئەندازیار,1731
8395,هەڵکەوت قادر,دهۆک,42,پزیشک,2285
8396,لەنیا جاف,کۆیە,46,ژمێریار,1028
8397,هەڵکەوت بابان,سۆران,40,وێنەگر,1211
8398,زانا عوسمان,دهۆک,39,ڕۆژنامەنوس,1207
8399,کۆسار گەرمیانی,دهۆک,40,دیزاینەر,1381
8400,زانا گەرمیانی,کەرکووک,34,دیزاینەر,3398
8401,سۆران عومەر,سۆران,29,ژمێریار,1810
8402,ئاری حەسەن,ڕانیە,35,پزیشک,3301
8403,سارا خۆشناو,هەڵەبجە,28,دیزاینەر,3500
8404,تانیا حەسەن,ڕانیە,58,وێنەگر,2445
8405,هەڵکەوت ئەحمەد,سلێمانی,55,مامۆستا,490
8406,سۆزان عوسمان,سۆران,65,پارێزەر,1807
8407,دیار كەریم,دهۆک,22,وێنەگر,3121
8408,هەڵکەوت مەنگوڕی,هەڵەبجە,22,وێنەگر,1322
8409,ژینۆ موكری,سلێمانی,57,ئەندازیار,2485
8410,کوردستان موكری,هەولێر,18,وێنەگر,2191
8411,ژیان مەنگوڕی,ڕانیە,65,ئەندازیار,1333
8412,بەرزان خۆشناو,سۆران,22,پزیشک,2604
8413,هاوڕێ بابان,سلێمانی,51,ڕۆژنامەنوس,2365
8414,تانیا مەنگوڕی,هەڵەبجە,20,ڕۆژنامەنوس,3366
8415,کۆسار كەریم,دهۆک,60,ڕۆژنامەنوس,3433
8416,هاوڕێ جاف,ڕانیە,23,پارێزەر,519
8417,پشتیوان كەریم,ڕانیە,55,پارێزەر,2070
8418,تانیا عوسمان,کۆیە,18,مامۆستا,2057
8419,هێمن عوسمان,هەولێر,20,ژمێریار,731
8420,ژیان سەعيد,ڕانیە,28,پزیشک,2498
8421,ژیان عومەر,کەرکووک,46,پزیشک,408
8422,هاوڕێ قادر,کەرکووک,28,مامۆستا,3228
8423,شنۆ سەعيد,هەڵەبجە,54,پزیشک,1315
8424,شنۆ سەعيد,سۆران,53,مامۆستا,880
8425,سارا خۆشناو,ڕانیە,59,پارێزەر,884
8426,ئاری حەسەن,کەرکووک,30,پارێزەر,2781
8427,سارا خۆشناو,ڕانیە,36,گەشەپێدەری سۆفتوێر,459
8428,ڕێبین عومەر,هەڵەبجە,27,گەشەپێدەری سۆفتوێر,2198
8429,کوردستان جاف,کەرکووک,22,ڕۆژنامەنوس,788
8430,بەختیار عەبدوڵڵا,سلێمانی,61,ڕۆژنامەنوس,575
8431,ژیان جاف,هەڵەبجە,41,پارێزەر,2261
8432,سارا سەعيد,سلێمانی,59,ڕۆژنامەنوس,2136
8433,لەنیا جاف,هەولێر,30,بازرگان,2109
8434,شنۆ موكری,کەرکووک,27,پارێزەر,1285
8435,بەرزان گەرمیانی,کۆیە,28,بازرگان,3023
8436,شێركۆ بابان,ڕانیە,26,بازرگان,3005
8437,کوردستان حەسەن,کۆیە,22,وێنەگر,1370
8438,تانیا عەبدوڵڵا,کەرکووک,29,پزیشک,2241
8439,ژیان عەبدوڵڵا,سۆران,59,ژمێریار,3183
8440,بەختیار گەرمیانی,ڕانیە,25,ئەندازیار,516
8441,کاروان سەعيد,هەڵەبجە,35,ڕۆژنامەنوس,2398
8442,ژینۆ گەرمیانی,هەڵەبجە,28,ئەندازیار,1787
8443,پشتیوان بابان,کەرکووک,30,ڕۆژنامەنوس,1371
8444,هەڵکەوت جاف,ڕانیە,26,ئەندازیار,1251
8445,پشتیوان ئەحمەد,هەڵەبجە,40,بازرگان,2413
8446,سۆران خۆشناو,کۆیە,42,مامۆستا,2307
8447,سۆزان موكری,کۆیە,52,مامۆستا,1863
8448,سارا عەبدوڵڵا,ڕانیە,32,گەشەپێدەری سۆفتوێر,2843
8449,کۆسار عوسمان,دهۆک,53,پزیشک,652
8450,لەنیا مەحمود,دهۆک,23,بازرگان,1991
8451,تارا مەنگوڕی,کەرکووک,33,دیزاینەر,3148
8452,سۆزان بابان,هەولێر,62,پزیشک,1530
8453,ژینۆ عوسمان,هەولێر,18,ڕۆژنامەنوس,608
8454,هاوڕێ قادر,هەڵەبجە,52,پزیشک,1964
8455,هەڵکەوت عوسمان,سلێمانی,21,پارێزەر,3328
8456,شنۆ مەنگوڕی,هەولێر,30,مامۆستا,2533
8457,شێركۆ عومەر,دهۆک,38,گەشەپێدەری سۆفتوێر,1193
8458,ئاری سۆران,هەڵەبجە,53,مامۆستا,3241
8459,تارا جاف,کۆیە,56,پزیشک,2837
8460,شێركۆ مەحمود,کەرکووک,26,ئەندازیار,2024
8461,شێركۆ سۆران,کەرکووک,24,بازرگان,513
8462,سۆزان سەعيد,سۆران,56,وێنەگر,2310
8463,ژیان عوسمان,ڕانیە,57,پزیشک,3015
8464,هاوڕێ كەریم,کەرکووک,55,ژمێریار,977
8465,شنۆ خۆشناو,ڕانیە,51,مامۆستا,2952
8466,بەرزان كەریم,هەڵەبجە,36,وێنەگر,647
8467,تارا بابان,کۆیە,56,پارێزەر,3180
8468,سارا گەرمیانی,کۆیە,55,پزیشک,776
8469,کۆسار مەحمود,کەرکووک,27,ئەندازیار,955
8470,تارا قادر,کۆیە,64,گەشەپێدەری سۆفتوێر,1787
8471,هاوڕێ قادر,سلێمانی,20,پارێزەر,1674
8472,بەختیار عوسمان,ڕانیە,20,وێنەگر,1598
8473,هەڵکەوت مەنگوڕی,ڕانیە,24,گەشەپێدەری سۆفتوێر,1314
8474,ڕێبین موكری,کەرکووک,32,وێنەگر,2537
8475,لەنیا سەعيد,دهۆک,56,مامۆستا,1835
8476,کوردستان مەحمود,کۆیە,26,ڕۆژنامەنوس,2382
8477,سارا موكری,کۆیە,41,گەشەپێدەری سۆفتوێر,942
8478,ڕێبین قادر,کۆیە,50,ئەندازیار,2870
8479,ژیان حەسەن,ڕانیە,39,بازرگان,3449
8480,کاروان سۆران,هەڵەبجە,61,ڕۆژنامەنوس,2751
8481,شێركۆ حەسەن,هەولێر,59,ڕۆژنامەنوس,1292
8482,بەختیار سۆران,ڕانیە,42,مامۆستا,555
8483,ژیان گەرمیانی,دهۆک,43,پزیشک,463
8484,پشتیوان مەنگوڕی,هەڵەبجە,21,گەشەپێدەری سۆفتوێر,2198
8485,بەختیار سەعيد,سلێمانی,20,ژمێریار,3068
8486,ئاری مەنگوڕی,هەڵەبجە,63,ژمێریار,2525
8487,ژینۆ خۆشناو,دهۆک,53,پارێزەر,1744
8488,ژیان مەنگوڕی,هەولێر,22,دیزاینەر,2829
8489,سۆزان جاف,سلێمانی,37,ڕۆژنامەنوس,1061
8490,نیشتمان گەرمیانی,ڕانیە,40,ئەندازیار,1778
8491,هاوڕێ قادر,هەولێر,22,ژمێریار,3394
8492,بەختیار موكری,ڕانیە,51,بازرگان,1895
8493,نیشتمان بابان,سۆران,49,وێنەگر,2989
8494,زانا بابان,هەڵەبجە,47,وێنەگر,3249
8495,نیشتمان سۆران,سۆران,36,پزیشک,639
8496,نیشتمان عوسمان,دهۆک,63,ئەندازیار,3111
8497,سۆزان ئەحمەد,سلێمانی,30,بازرگان,879
8498,ئاری عومەر,کەرکووک,42,مامۆستا,2894
8499,ژیان بابان,ڕانیە,43,پارێزەر,2175
8500,کۆسار عومەر,هەڵەبجە,30,گەشەپێدەری سۆفتوێر,1079
8501,لەنیا سۆران,کۆیە,33,پزیشک,3106
8502,شێركۆ عەبدوڵڵا,کەرکووک,55,بازرگان,1186
8503,سارا ئەحمەد,سۆران,52,ئەندازیار,918
8504,کوردستان بابان,دهۆک,33,ژمێریار,3117
8505,زانا موكری,کەرکووک,65,ئەندازیار,3357
8506,پشتیوان جاف,دهۆک,24,مامۆستا,3044
8507,شنۆ گەرمیانی,کەرکووک,22,ژمێریار,2797
8508,کوردستان ئەحمەد,سۆران,32,وێنەگر,564
8509,زانا عەبدوڵڵا,هەڵەبجە,48,دیزاینەر,3024
8510,بەختیار قادر,ڕانیە,38,ڕۆژنامەنوس,2649
8511,شنۆ مەنگوڕی,سۆران,62,وێنەگر,2980
8512,پشتیوان عومەر,سلێمانی,29,وێنەگر,1133
8513,پشتیوان حەسەن,دهۆک,49,دیزاینەر,576
8514,هەڵکەوت گەرمیانی,هەولێر,28,مامۆستا,1809
8515,ژیان سۆران,هەڵەبجە,43,دیزاینەر,2557
8516,کۆسار عوسمان,هەولێر,43,مامۆستا,3262
8517,ژیان گەرمیانی,دهۆک,20,ڕۆژنامەنوس,1411
8518,بەختیار مەحمود,سلێمانی,50,گەشەپێدەری سۆفتوێر,3268
8519,کوردستان خۆشناو,دهۆک,40,مامۆستا,2952
8520,زانا گەرمیانی,کۆیە,26,پارێزەر,2243
8521,دیار مەنگوڕی,سلێمانی,22,مامۆستا,2998
8522,کاروان خۆشناو,هەولێر,47,ژمێریار,2266
8523,تارا سۆران,سلێمانی,52,پزیشک,426
8524,سارا خۆشناو,ڕانیە,35,بازرگان,1002
8525,بەختیار جاف,دهۆک,29,ئەندازیار,1079
8526,شێركۆ سەعيد,سۆران,61,وێنەگر,3072
8527,شێركۆ جاف,کۆیە,63,پزیشک,2179
8528,ژینۆ قادر,هەولێر,64,وێنەگر,2632
8529,لەنیا عومەر,کەرکووک,40,مامۆستا,2873
8530,ژیان قادر,ڕانیە,38,پزیشک,3328
8531,بەختیار عومەر,دهۆک,20,ڕۆژنامەنوس,3419
8532,ژینۆ موكری,سلێمانی,28,پارێزەر,2718
8533,ئاری مەنگوڕی,سلێمانی,37,گەشەپێدەری سۆفتوێر,1011
8534,ئاری خۆشناو,هەولێر,59,ژمێریار,765
8535,تانیا جاف,کۆیە,51,دیزاینەر,2224
8536,تارا بابان,هەڵەبجە,21,پارێزەر,2942
8537,کاروان كەریم,کۆیە,35,پزیشک,2700
8538,شنۆ عوسمان,کەرکووک,28,مامۆستا,531
8539,ئاری ئەحمەد,کەرکووک,58,پزیشک,2690
8540,بەرزان مەنگوڕی,هەولێر,26,مامۆستا,571
8541,ژینۆ سەعيد,هەولێر,46,پزیشک,1901
8542,شنۆ جاف,کەرکووک,35,دیزاینەر,3295
8543,لەنیا حەسەن,ڕانیە,19,مامۆستا,3109
8544,ژیان عومەر,دهۆک,29,مامۆستا,2690
8545,پشتیوان مەنگوڕی,سلێمانی,37,وێنەگر,1287
8546,ژینۆ سەعيد,سۆران,49,گەشەپێدەری سۆفتوێر,3188
8547,کاروان حەسەن,سلێمانی,42,ئەندازیار,2756
8548,بەرزان خۆشناو,هەولێر,65,پزیشک,3095
8549,هێمن حەسەن,دهۆک,40,مامۆستا,532
8550,سارا بابان,سۆران,54,پارێزەر,1753
8551,زانا مەحمود,هەولێر,50,مامۆستا,2962
8552,ڕێبین ئەحمەد,کەرکووک,65,مامۆستا,1357
8553,زانا مەحمود,سۆران,50,ئەندازیار,2076
8554,شێركۆ جاف,کەرکووک,52,مامۆستا,3244
8555,سۆزان حەسەن,کەرکووک,55,پزیشک,2176
8556,هەڵکەوت سۆران,ڕانیە,53,پزیشک,2412
8557,کۆسار سەعيد,هەولێر,53,ئەندازیار,2184
8558,ئاری جاف,کۆیە,65,پارێزەر,1729
8559,ژیان قادر,دهۆک,29,ڕۆژنامەنوس,3490
8560,بەرزان قادر,سۆران,44,ڕۆژنامەنوس,430
8561,ڕێبین حەسەن,ڕانیە,47,ڕۆژنامەنوس,3257
8562,هێمن موكری,ڕانیە,62,وێنەگر,2866
8563,تارا كەریم,دهۆک,32,مامۆستا,2208
8564,هەڵکەوت قادر,هەولێر,29,وێنەگر,3132
8565,زانا موكری,کەرکووک,38,دیزاینەر,1645
8566,تانیا ئەحمەد,سلێمانی,59,ڕۆژنامەنوس,2635
8567,کاروان عوسمان,کۆیە,40,ئەندازیار,2464
8568,پشتیوان بابان,دهۆک,32,ئەندازیار,2842
8569,هاوڕێ گەرمیانی,ڕانیە,28,پزیشک,999
8570,شنۆ جاف,سلێمانی,54,پزیشک,2238
8571,هەڵکەوت عەبدوڵڵا,هەولێر,42,ژمێریار,3076
8572,هاوڕێ قادر,کەرکووک,29,وێنەگر,2284
8573,بەختیار عەبدوڵڵا,هەولێر,26,وێنەگر,1876
8574,بەختیار سۆران,سلێمانی,44,پزیشک,709
8575,پشتیوان كەریم,ڕانیە,55,دیزاینەر,1001
8576,ژینۆ بابان,کۆیە,56,پارێزەر,1516
8577,هەڵکەوت كەریم,سلێمانی,50,ڕۆژنامەنوس,2172
8578,نیشتمان سۆران,ڕانیە,39,بازرگان,1715
8579,تانیا جاف,سلێمانی,46,ڕۆژنامەنوس,2095
8580,هاوڕێ خۆشناو,هەڵەبجە,32,مامۆستا,3351
8581,کوردستان مەنگوڕی,کۆیە,28,ژمێریار,1273
8582,ڕێبین عومەر,ڕانیە,47,وێنەگر,436
8583,کۆسار سەعيد,کۆیە,32,ژمێریار,2452
8584,بەختیار سۆران,هەولێر,39,پارێزەر,2131
8585,شێركۆ موكری,سۆران,27,وێنەگر,2751
8586,تانیا مەحمود,هەڵەبجە,63,وێنەگر,3260
8587,لەنیا قادر,دهۆک,60,ژمێریار,1785
8588,لەنیا حەسەن,سلێمانی,40,بازرگان,2634
8589,کوردستان بابان,هەولێر,64,ژمێریار,3073
8590,هەڵکەوت حەسەن,سلێمانی,64,بازرگان,2048
8591,ڕێبین مەحمود,سلێمانی,51,دیزاینەر,3017
8592,لەنیا بابان,سلێمانی,40,گەشەپێدەری سۆفتوێر,596
8593,نیشتمان گەرمیانی,سۆران,64,وێنەگر,3187
8594,هەڵکەوت مەنگوڕی,کۆیە,53,دیزاینەر,1656
8595,شنۆ سەعيد,کەرکووک,44,ڕۆژنامەنوس,1384
8596,زانا موكری,دهۆک,24,مامۆستا,509
8597,سۆزان گەرمیانی,هەولێر,49,ئەندازیار,3452
8598,نیشتمان جاف,هەولێر,56,وێنەگر,2188
8599,شێركۆ جاف,دهۆک,29,مامۆستا,980
8600,بەختیار سۆران,ڕانیە,28,بازرگان,1106
8601,ڕێبین عومەر,ڕانیە,64,بازرگان,1325
8602,دیار كەریم,سلێمانی,33,ژمێریار,1609
8603,سۆزان حەسەن,هەڵەبجە,53,وێنەگر,1650
8604,پشتیوان كەریم,هەولێر,19,بازرگان,1581
8605,بەختیار بابان,سۆران,18,پارێزەر,594
8606,ژینۆ بابان,دهۆک,25,بازرگان,1951
8607,بەرزان قادر,کەرکووک,63,ژمێریار,1739
8608,کاروان كەریم,کەرکووک,57,بازرگان,742
8609,کاروان خۆشناو,هەولێر,28,پزیشک,585
8610,ڕێبین عەبدوڵڵا,دهۆک,25,گەشەپێدەری سۆفتوێر,576
8611,هاوڕێ جاف,هەڵەبجە,21,بازرگان,2170
8612,هەڵکەوت جاف,کۆیە,52,ئەندازیار,2087
8613,پشتیوان قادر,کۆیە,21,پارێزەر,3166
8614,کوردستان خۆشناو,سۆران,50,گەشەپێدەری سۆفتوێر,662
8615,کاروان عوسمان,کەرکووک,24,ئەندازیار,2711
8616,هەڵکەوت گەرمیانی,کۆیە,61,پارێزەر,2662
8617,سۆزان قادر,هەڵەبجە,52,پزیشک,1457
8618,تارا مەحمود,سۆران,60,گەشەپێدەری سۆفتوێر,410
8619,سۆران خۆشناو,هەولێر,51,وێنەگر,1703
8620,نیشتمان حەسەن,ڕانیە,53,ڕۆژنامەنوس,1955
8621,سۆزان كەریم,دهۆک,53,ئەندازیار,730
8622,سۆران بابان,کۆیە,21,وێنەگر,2518
8623,هەڵکەوت مەنگوڕی,سلێمانی,64,ئەندازیار,1090
8624,ئاری حەسەن,کۆیە,52,ڕۆژنامەنوس,2003
8625,زانا عوسمان,کۆیە,47,ئەندازیار,2265
8626,ژیان كەریم,سۆران,42,گەشەپێدەری سۆفتوێر,1673
8627,زانا بابان,دهۆک,51,پارێزەر,1720
8628,سۆزان مەحمود,کۆیە,50,ئەندازیار,2260
8629,کاروان قادر,دهۆک,20,دیزاینەر,1379
8630,نیشتمان خۆشناو,کەرکووک,62,بازرگان,1648
8631,کۆسار مەنگوڕی,ڕانیە,46,پارێزەر,971
8632,نیشتمان خۆشناو,دهۆک,18,بازرگان,1815
8633,شێركۆ كەریم,کەرکووک,37,گەشەپێدەری سۆفتوێر,2117
8634,هێمن حەسەن,کەرکووک,41,ڕۆژنامەنوس,3085
8635,شێركۆ موكری,هەولێر,26,دیزاینەر,2486
8636,لەنیا مەحمود,هەڵەبجە,35,مامۆستا,3084
8637,شێركۆ جاف,سۆران,28,پارێزەر,2603
8638,لەنیا كەریم,هەولێر,46,پارێزەر,1162
8639,هەڵکەوت موكری,کۆیە,35,مامۆستا,2936
8640,هەڵکەوت عومەر,دهۆک,55,مامۆستا,2825
8641,سۆران جاف,هەڵەبجە,57,ڕۆژنامەنوس,2357
8642,دیار قادر,هەڵەبجە,19,بازرگان,853
8643,سارا جاف,کەرکووک,39,گەشەپێدەری سۆفتوێر,1164
8644,ژینۆ حەسەن,هەولێر,49,ژمێریار,3195
8645,کوردستان قادر,دهۆک,54,مامۆستا,3089
8646,هاوڕێ گەرمیانی,هەڵەبجە,58,وێنەگر,495
8647,ژینۆ عوسمان,هەولێر,62,وێنەگر,1162
8648,سارا كەریم,سۆران,22,بازرگان,1608
8649,کوردستان گەرمیانی,سلێمانی,56,مامۆستا,1569
8650,کوردستان مەحمود,دهۆک,60,ژمێریار,3330
8651,هەڵکەوت حەسەن,هەڵەبجە,28,بازرگان,449
8652,شنۆ سۆران,سلێمانی,24,ژمێریار,3408
8653,کوردستان عوسمان,دهۆک,35,مامۆستا,2127
8654,هێمن خۆشناو,هەڵەبجە,32,مامۆستا,2314
8655,سارا بابان,سۆران,36,وێنەگر,1691
8656,هەڵکەوت جاف,هەولێر,36,وێنەگر,506
8657,سۆزان كەریم,سلێمانی,44,ڕۆژنامەنوس,1724
8658,شێركۆ قادر,کەرکووک,30,دیزاینەر,3453
8659,ڕێبین سۆران,سلێمانی,21,پارێزەر,1642
8660,ئاری حەسەن,سۆران,58,پارێزەر,571
8661,شنۆ جاف,دهۆک,55,دیزاینەر,1012
8662,پشتیوان سەعيد,کۆیە,43,ڕۆژنامەنوس,3347
8663,نیشتمان خۆشناو,ڕانیە,41,ڕۆژنامەنوس,2142
8664,کۆسار جاف,ڕانیە,37,دیزاینەر,1955
8665,کاروان مەنگوڕی,کەرکووک,46,بازرگان,3136
8666,زانا عوسمان,هەولێر,64,گەشەپێدەری سۆفتوێر,1305
8667,ڕێبین جاف,کەرکووک,23,دیزاینەر,3310
8668,سۆزان عوسمان,کۆیە,33,گەشەپێدەری سۆفتوێر,847
8669,دیار جاف,کۆیە,29,وێنەگر,1806
8670,هەڵکەوت موكری,کۆیە,65,وێنەگر,475
8671,بەرزان موكری,کەرکووک,55,ڕۆژنامەنوس,2972
8672,کاروان عەبدوڵڵا,سۆران,21,ئەندازیار,1012
8673,کۆسار عومەر,کۆیە,38,گەشەپێدەری سۆفتوێر,2702
8674,دیار سەعيد,ڕانیە,60,ڕۆژنامەنوس,2408
8675,نیشتمان سەعيد,ڕانیە,21,ژمێریار,874
8676,لەنیا سەعيد,هەڵەبجە,60,ڕۆژنامەنوس,617
8677,سۆزان كەریم,سلێمانی,51,ئەندازیار,1117
8678,نیشتمان مەنگوڕی,دهۆک,21,ڕۆژنامەنوس,2517
8679,کاروان كەریم,هەولێر,24,دیزاینەر,1083
8680,سۆران قادر,کۆیە,45,پزیشک,2570
8681,هاوڕێ خۆشناو,سۆران,22,ڕۆژنامەنوس,973
8682,هاوڕێ مەحمود,کۆیە,21,وێنەگر,3021
8683,سۆران سۆران,ڕانیە,56,ژمێریار,1644
8684,سۆزان سەعيد,سۆران,34,بازرگان,1531
8685,ڕێبین عەبدوڵڵا,دهۆک,45,پزیشک,2290
8686,سۆزان موكری,دهۆک,45,ڕۆژنامەنوس,425
8687,تارا كەریم,هەڵەبجە,38,وێنەگر,1759
8688,تانیا موكری,هەڵەبجە,54,پزیشک,2565
8689,نیشتمان عومەر,سۆران,24,ژمێریار,3171
8690,هێمن عومەر,کۆیە,27,وێنەگر,1281
8691,ژینۆ قادر,سلێمانی,54,ژمێریار,2450
8692,شێركۆ عەبدوڵڵا,کۆیە,50,مامۆستا,1967
8693,زانا سەعيد,هەڵەبجە,44,بازرگان,3236
8694,سارا قادر,ڕانیە,37,گەشەپێدەری سۆفتوێر,758
8695,هاوڕێ سۆران,دهۆک,29,دیزاینەر,1680
8696,شێركۆ كەریم,سلێمانی,34,پزیشک,1838
8697,هێمن ئەحمەد,ڕانیە,53,مامۆستا,3025
8698,لەنیا مەنگوڕی,سلێمانی,29,پارێزەر,1497
8699,تانیا مەحمود,هەڵەبجە,65,پارێزەر,1823
8700,شێركۆ مەنگوڕی,هەولێر,60,ڕۆژنامەنوس,2276
8701,تانیا سەعيد,کۆیە,47,ڕۆژنامەنوس,1583
8702,ڕێبین موكری,ڕانیە,35,بازرگان,2895
8703,تانیا حەسەن,دهۆک,33,ڕۆژنامەنوس,1335
8704,بەختیار سۆران,هەولێر,47,ئەندازیار,2309
8705,کاروان موكری,ڕانیە,65,گەشەپێدەری سۆفتوێر,1847
8706,نیشتمان گەرمیانی,هەڵەبجە,54,ڕۆژنامەنوس,728
8707,سۆران سەعيد,سۆران,23,پارێزەر,1781
8708,هێمن سەعيد,کەرکووک,44,ڕۆژنامەنوس,1772
8709,شنۆ بابان,ڕانیە,48,پارێزەر,2089
8710,زانا سەعيد,هەڵەبجە,29,مامۆستا,2861
8711,هاوڕێ كەریم,سلێمانی,38,بازرگان,1946
8712,کۆسار خۆشناو,سلێمانی,58,دیزاینەر,3462
8713,بەرزان سەعيد,هەولێر,18,پارێزەر,841
8714,سۆران ئەحمەد,سۆران,50,مامۆستا,1852
8715,پشتیوان عوسمان,سلێمانی,57,ئەندازیار,1249
8716,ژیان مەنگوڕی,سۆران,55,مامۆستا,426
8717,نیشتمان حەسەن,سلێمانی,64,ژمێریار,2396
8718,هەڵکەوت قادر,هەولێر,57,ئەندازیار,1015
8719,دیار سۆران,کۆیە,52,گەشەپێدەری سۆفتوێر,2539
8720,نیشتمان خۆشناو,کەرکووک,26,ئەندازیار,1118
8721,کوردستان عوسمان,هەڵەبجە,37,ژمێریار,1556
8722,سۆزان عومەر,کۆیە,32,بازرگان,582
8723,ڕێبین خۆشناو,سۆران,54,گەشەپێدەری سۆفتوێر,2058
8724,ئاری سۆران,سلێمانی,64,ژمێریار,2885
8725,سۆزان سەعيد,سلێمانی,56,بازرگان,2560
8726,ئاری خۆشناو,دهۆک,59,مامۆستا,786
8727,بەختیار سەعيد,ڕانیە,42,پزیشک,1447
8728,کۆسار قادر,دهۆک,44,گەشەپێدەری سۆفتوێر,1142
8729,دیار ئەحمەد,دهۆک,33,ژمێریار,2678
8730,ڕێبین ئەحمەد,دهۆک,27,ڕۆژنامەنوس,1518
8731,ژیان ئەحمەد,دهۆک,47,پارێزەر,1136
8732,نیشتمان گەرمیانی,ڕانیە,27,ئەندازیار,1578
8733,سۆزان ئەحمەد,کۆیە,49,پارێزەر,1884
8734,زانا گەرمیانی,هەولێر,44,ژمێریار,1035
8735,ڕێبین موكری,دهۆک,24,مامۆستا,1169
8736,شێركۆ مەحمود,سۆران,43,وێنەگر,3421
8737,سۆزان قادر,دهۆک,55,پارێزەر,1898
8738,لەنیا مەنگوڕی,دهۆک,41,بازرگان,3045
8739,ڕێبین عوسمان,دهۆک,21,ڕۆژنامەنوس,658
8740,بەرزان قادر,سلێمانی,42,بازرگان,649
8741,تارا سەعيد,هەڵەبجە,55,پزیشک,1571
8742,سارا بابان,کەرکووک,43,ژمێریار,685
8743,زانا عومەر,سلێمانی,40,ئەندازیار,3204
8744,دیار عەبدوڵڵا,هەڵەبجە,53,ئەندازیار,1237
8745,کاروان سۆران,ڕانیە,40,پارێزەر,2528
8746,لەنیا حەسەن,سلێمانی,45,مامۆستا,1392
8747,هاوڕێ سۆران,ڕانیە,23,گەشەپێدەری سۆفتوێر,1457
8748,هەڵکەوت جاف,ڕانیە,63,ژمێریار,3276
8749,بەختیار سۆران,هەولێر,53,ئەندازیار,3261
8750,ئاری قادر,کەرکووک,40,وێنەگر,1666
8751,هەڵکەوت عەبدوڵڵا,سلێمانی,20,پزیشک,2229
8752,بەختیار عوسمان,هەڵەبجە,51,ئەندازیار,2992
8753,شێركۆ عومەر,سۆران,40,پزیشک,1283
8754,لەنیا ئەحمەد,دهۆک,44,ژمێریار,3229
8755,پشتیوان حەسەن,دهۆک,43,بازرگان,3263
8756,کاروان مەحمود,سلێمانی,24,دیزاینەر,820
8757,سۆزان عەبدوڵڵا,کەرکووک,45,ئەندازیار,2586
8758,هەڵکەوت سەعيد,ڕانیە,25,مامۆستا,2282
8759,سۆزان سۆران,هەڵەبجە,59,ڕۆژنامەنوس,896
8760,بەرزان عوسمان,دهۆک,44,ڕۆژنامەنوس,1603
8761,ژیان موكری,دهۆک,58,گەشەپێدەری سۆفتوێر,2524
8762,ڕێبین سەعيد,هەولێر,45,گەشەپێدەری سۆفتوێر,2201
8763,هێمن بابان,سلێمانی,64,بازرگان,2869
8764,تارا مەحمود,کۆیە,63,وێنەگر,782
8765,کوردستان خۆشناو,کەرکووک,59,ئەندازیار,1712
8766,هاوڕێ خۆشناو,کەرکووک,47,ژمێریار,1572
8767,کاروان حەسەن,سۆران,58,ئەندازیار,2555
8768,بەرزان سەعيد,کۆیە,37,مامۆستا,534
8769,ژینۆ عومەر,ڕانیە,40,گەشەپێدەری سۆفتوێر,2873
8770,ئاری عومەر,ڕانیە,47,ئەندازیار,2648
8771,دیار عومەر,هەولێر,54,بازرگان,1948
8772,هاوڕێ ئەحمەد,کەرکووک,60,پزیشک,1755
8773,کوردستان عوسمان,کەرکووک,34,ئەندازیار,1939
8774,کاروان خۆشناو,هەڵەبجە,59,دیزاینەر,3010
8775,پشتیوان ئەحمەد,کۆیە,30,بازرگان,911
8776,پشتیوان موكری,ڕانیە,44,پارێزەر,420
8777,ژینۆ گەرمیانی,دهۆک,54,گەشەپێدەری سۆفتوێر,2404
8778,سارا سەعيد,هەڵەبجە,40,وێنەگر,1569
8779,شنۆ خۆشناو,کۆیە,42,ئەندازیار,713
8780,تانیا ئەحمەد,کۆیە,47,پزیشک,2748
8781,لەنیا موكری,کەرکووک,40,دیزاینەر,927
8782,نیشتمان عەبدوڵڵا,هەڵەبجە,60,ئەندازیار,1304
8783,دیار كەریم,هەولێر,40,پارێزەر,1760
8784,شنۆ مەنگوڕی,سلێمانی,25,ژمێریار,1239
8785,هێمن سۆران,سۆران,20,ژمێریار,1819
8786,کوردستان مەنگوڕی,هەڵەبجە,50,پارێزەر,3357
8787,تانیا گەرمیانی,دهۆک,54,مامۆستا,3081
8788,بەرزان عەبدوڵڵا,سلێمانی,56,دیزاینەر,1827
8789,کوردستان عومەر,کەرکووک,41,دیزاینەر,1877
8790,ژیان حەسەن,کۆیە,39,پزیشک,869
8791,سۆزان عومەر,ڕانیە,34,بازرگان,2431
8792,ژیان كەریم,هەڵەبجە,65,دیزاینەر,3496
8793,تانیا موكری,کۆیە,20,گەشەپێدەری سۆفتوێر,510
8794,نیشتمان مەنگوڕی,کەرکووک,39,گەشەپێدەری سۆفتوێر,1671
8795,زانا موكری,سلێمانی,33,ئەندازیار,497
8796,سۆران عوسمان,کۆیە,58,وێنەگر,1164
8797,پشتیوان موكری,سلێمانی,47,دیزاینەر,1177
8798,کاروان بابان,ڕانیە,54,ڕۆژنامەنوس,3207
8799,شێركۆ مەحمود,دهۆک,53,پارێزەر,1486
8800,هێمن سۆران,کۆیە,48,بازرگان,2531
8801,سۆران سۆران,ڕانیە,44,پارێزەر,1100
8802,سۆزان مەحمود,سلێمانی,55,مامۆستا,3086
8803,نیشتمان مەنگوڕی,کۆیە,48,دیزاینەر,613
8804,کۆسار عوسمان,سۆران,19,ژمێریار,671
8805,کوردستان سەعيد,ڕانیە,31,گەشەپێدەری سۆفتوێر,2366
8806,سۆران سۆران,هەڵەبجە,62,بازرگان,2161
8807,ڕێبین عەبدوڵڵا,هەڵەبجە,56,پزیشک,2958
8808,کاروان عوسمان,دهۆک,24,گەشەپێدەری سۆفتوێر,2754
8809,لەنیا موكری,سلێمانی,22,ژمێریار,1228
8810,دیار عەبدوڵڵا,سلێمانی,47,پزیشک,2662
8811,پشتیوان سەعيد,دهۆک,28,ڕۆژنامەنوس,1043
8812,ژیان گەرمیانی,کەرکووک,35,پزیشک,404
8813,هاوڕێ مەنگوڕی,سۆران,20,پزیشک,2834
8814,تانیا ئەحمەد,کەرکووک,46,ڕۆژنامەنوس,416
8815,ڕێبین عوسمان,کەرکووک,30,ڕۆژنامەنوس,3098
8816,بەختیار عوسمان,سلێمانی,64,ژمێریار,1783
8817,کوردستان خۆشناو,هەڵەبجە,21,وێنەگر,696
8818,زانا بابان,دهۆک,52,پزیشک,2712
8819,بەرزان سەعيد,ڕانیە,61,پارێزەر,1121
8820,بەرزان گەرمیانی,دهۆک,36,ژمێریار,2933
8821,سارا سۆران,هەڵەبجە,33,وێنەگر,2820
8822,بەختیار قادر,دهۆک,51,پزیشک,2684
8823,ژینۆ مەنگوڕی,سلێمانی,23,پزیشک,1564
8824,ئاری عوسمان,هەولێر,28,وێنەگر,3271
8825,ئاری مەنگوڕی,کەرکووک,33,ئەندازیار,2951
8826,زانا موكری,کەرکووک,30,پارێزەر,1461
8827,ژینۆ مەحمود,هەولێر,42,پارێزەر,3088
8828,شنۆ مەنگوڕی,کەرکووک,48,ژمێریار,2430
8829,کوردستان سۆران,ڕانیە,44,مامۆستا,2118
8830,ژیان گەرمیانی,سلێمانی,26,پارێزەر,464
8831,دیار كەریم,ڕانیە,51,گەشەپێدەری سۆفتوێر,2537
8832,کاروان خۆشناو,دهۆک,34,بازرگان,1942
8833,ڕێبین عوسمان,کەرکووک,59,پارێزەر,2094
8834,بەرزان كەریم,دهۆک,58,پارێزەر,2584
8835,کاروان قادر,دهۆک,29,بازرگان,3496
8836,کۆسار ئەحمەد,ڕانیە,61,ئەندازیار,3025
8837,پشتیوان گەرمیانی,هەولێر,26,ئەندازیار,610
8838,هەڵکەوت جاف,هەولێر,38,گەشەپێدەری سۆفتوێر,3110
8839,کاروان موكری,هەڵەبجە,30,پارێزەر,2343
8840,تارا قادر,کەرکووک,59,ڕۆژنامەنوس,431
8841,کۆسار عەبدوڵڵا,هەڵەبجە,28,مامۆستا,775
8842,کاروان سۆران,سۆران,20,وێنەگر,1013
8843,کۆسار خۆشناو,هەولێر,27,پارێزەر,960
8844,بەرزان موكری,سۆران,65,پارێزەر,672
8845,ڕێبین مەحمود,دهۆک,64,بازرگان,476
8846,نیشتمان موكری,هەڵەبجە,55,ئەندازیار,1167
8847,کوردستان عوسمان,سۆران,36,پارێزەر,648
8848,دیار سەعيد,دهۆک,54,وێنەگر,866
8849,سارا سەعيد,کۆیە,20,وێنەگر,1738
8850,ئاری مەنگوڕی,کۆیە,41,ئەندازیار,2070
8851,ئاری موكری,کۆیە,28,بازرگان,2061
8852,بەختیار مەحمود,ڕانیە,29,وێنەگر,864
8853,ئاری خۆشناو,هەولێر,40,دیزاینەر,1768
8854,کۆسار سۆران,سلێمانی,28,پارێزەر,3084
8855,شێركۆ كەریم,سۆران,49,ڕۆژنامەنوس,3289
8856,سارا مەحمود,سلێمانی,59,ئەندازیار,1326
8857,پشتیوان بابان,هەڵەبجە,33,ژمێریار,644
8858,کاروان مەحمود,کەرکووک,41,وێنەگر,1050
8859,هێمن كەریم,هەولێر,51,ڕۆژنامەنوس,3440
8860,تارا حەسەن,هەڵەبجە,28,پارێزەر,843
8861,کۆسار كەریم,سلێمانی,47,گەشەپێدەری سۆفتوێر,1776
8862,سارا قادر,ڕانیە,58,ئەندازیار,2346
8863,سۆران سەعيد,سۆران,20,ژمێریار,1271
8864,سۆزان مەحمود,کۆیە,46,پزیشک,3102
8865,ڕێبین مەحمود,هەڵەبجە,58,ڕۆژنامەنوس,1738
8866,هەڵکەوت موكری,ڕانیە,22,ئەندازیار,1760
8867,کاروان عەبدوڵڵا,سۆران,33,ئەندازیار,464
8868,سۆران جاف,هەڵەبجە,26,ڕۆژنامەنوس,2638
8869,بەختیار عوسمان,هەولێر,43,بازرگان,2529
8870,هێمن خۆشناو,سلێمانی,60,پزیشک,926
8871,ژینۆ قادر,سلێمانی,50,بازرگان,1887
8872,هاوڕێ حەسەن,هەڵەبجە,64,مامۆستا,2724
8873,کاروان بابان,دهۆک,65,مامۆستا,2604
8874,سارا قادر,هەڵەبجە,43,ئەندازیار,1350
8875,شێركۆ سەعيد,کەرکووک,28,ژمێریار,1027
8876,تانیا موكری,کەرکووک,23,بازرگان,1356
8877,شێركۆ قادر,دهۆک,38,وێنەگر,1294
8878,تارا عەبدوڵڵا,دهۆک,23,ئەندازیار,2375
8879,زانا عەبدوڵڵا,کۆیە,27,پزیشک,3168
8880,تارا گەرمیانی,ڕانیە,49,ئەندازیار,3326
8881,بەختیار كەریم,دهۆک,42,بازرگان,2024
8882,لەنیا حەسەن,کۆیە,39,ڕۆژنامەنوس,1497
8883,بەرزان مەحمود,هەولێر,42,گەشەپێدەری سۆفتوێر,3025
8884,شێركۆ بابان,هەولێر,60,پزیشک,591
8885,ڕێبین موكری,سۆران,20,بازرگان,2044
8886,پشتیوان مەحمود,کۆیە,42,ڕۆژنامەنوس,2594
8887,سارا عوسمان,دهۆک,52,ژمێریار,578
8888,پشتیوان جاف,دهۆک,30,پزیشک,3164
8889,سۆزان موكری,هەولێر,20,بازرگان,2582
8890,تانیا عومەر,کەرکووک,51,مامۆستا,1614
8891,تارا قادر,هەڵەبجە,49,گەشەپێدەری سۆفتوێر,1870
8892,سارا ئەحمەد,هەڵەبجە,63,پارێزەر,2405
8893,سۆزان مەنگوڕی,هەڵەبجە,51,وێنەگر,936
8894,کۆسار بابان,هەولێر,49,بازرگان,1667
8895,ژیان عومەر,کۆیە,62,ژمێریار,598
8896,سۆزان ئەحمەد,ڕانیە,20,ئەندازیار,850
8897,هاوڕێ بابان,دهۆک,63,ئەندازیار,3232
8898,هەڵکەوت بابان,کەرکووک,49,مامۆستا,3272
8899,دیار سۆران,کۆیە,47,دیزاینەر,2475
8900,ئاری كەریم,دهۆک,28,وێنەگر,1593
8901,هەڵکەوت حەسەن,سۆران,29,بازرگان,2184
8902,سۆران حەسەن,دهۆک,64,مامۆستا,884
8903,لەنیا قادر,هەڵەبجە,27,بازرگان,3471
8904,کاروان خۆشناو,هەولێر,26,دیزاینەر,1831
8905,ئاری عوسمان,ڕانیە,29,مامۆستا,3207
8906,کۆسار ئەحمەد,کەرکووک,22,بازرگان,646
8907,ژینۆ عەبدوڵڵا,سۆران,36,گەشەپێدەری سۆفتوێر,3019
8908,ژینۆ قادر,کەرکووک,27,ڕۆژنامەنوس,1417
8909,ڕێبین سەعيد,هەڵەبجە,41,وێنەگر,899
8910,سۆران عومەر,سلێمانی,61,مامۆستا,1503
8911,کۆسار ئەحمەد,دهۆک,48,پارێزەر,3301
8912,ڕێبین موكری,دهۆک,32,پارێزەر,2222
8913,نیشتمان قادر,سۆران,63,گەشەپێدەری سۆفتوێر,531
8914,شنۆ بابان,هەڵەبجە,43,مامۆستا,2913
8915,ئاری ئەحمەد,هەولێر,40,ئەندازیار,1592
8916,شنۆ عەبدوڵڵا,کەرکووک,35,وێنەگر,2557
8917,نیشتمان سەعيد,کۆیە,30,بازرگان,3498
8918,هاوڕێ سەعيد,سلێمانی,43,وێنەگر,1697
8919,ژینۆ عومەر,هەولێر,34,پزیشک,2188
8920,شنۆ ئەحمەد,ڕانیە,47,ژمێریار,1180
8921,شنۆ حەسەن,ڕانیە,30,وێنەگر,3383
8922,بەرزان كەریم,هەڵەبجە,22,وێنەگر,2348
8923,لەنیا كەریم,هەڵەبجە,22,ئەندازیار,2187
8924,شێركۆ سەعيد,هەولێر,45,پارێزەر,2519
8925,پشتیوان عوسمان,هەڵەبجە,54,ژمێریار,719
8926,کاروان عوسمان,هەڵەبجە,22,پزیشک,2906
8927,ژیان عەبدوڵڵا,ڕانیە,59,گەشەپێدەری سۆفتوێر,1137
8928,سارا حەسەن,کۆیە,42,گەشەپێدەری سۆفتوێر,1610
8929,بەختیار حەسەن,هەولێر,63,وێنەگر,2785
8930,سۆران خۆشناو,هەولێر,40,دیزاینەر,3283
8931,ژینۆ سەعيد,کەرکووک,29,مامۆستا,870
8932,زانا حەسەن,هەولێر,57,مامۆستا,2260
8933,ژیان سۆران,سۆران,40,بازرگان,1326
8934,دیار عومەر,هەڵەبجە,35,ئەندازیار,1403
8935,شێركۆ كەریم,هەڵەبجە,53,ژمێریار,2280
8936,هاوڕێ مەحمود,کۆیە,25,ژمێریار,954
8937,هەڵکەوت كەریم,ڕانیە,32,وێنەگر,2438
8938,پشتیوان موكری,ڕانیە,54,وێنەگر,3213
8939,سۆران موكری,کەرکووک,22,ئەندازیار,2714
8940,کوردستان مەحمود,سۆران,65,پارێزەر,2658
8941,بەرزان سۆران,سۆران,42,مامۆستا,440
8942,پشتیوان كەریم,سۆران,36,گەشەپێدەری سۆفتوێر,2032
8943,هەڵکەوت عومەر,سلێمانی,28,ژمێریار,3020
8944,شێركۆ جاف,هەڵەبجە,38,ئەندازیار,502
8945,هێمن قادر,سلێمانی,44,گەشەپێدەری سۆفتوێر,1438
8946,کۆسار سۆران,دهۆک,49,مامۆستا,2120
8947,ئاری عوسمان,سلێمانی,41,دیزاینەر,2489
8948,کوردستان جاف,هەڵەبجە,30,دیزاینەر,653
8949,بەرزان مەحمود,هەولێر,63,پزیشک,500
8950,شێركۆ كەریم,کەرکووک,24,ڕۆژنامەنوس,1377
8951,شێركۆ موكری,دهۆک,62,پزیشک,2700
8952,ژینۆ قادر,کۆیە,45,ڕۆژنامەنوس,3026
8953,پشتیوان قادر,کەرکووک,27,بازرگان,2554
8954,تانیا سۆران,هەولێر,44,دیزاینەر,1043
8955,شنۆ خۆشناو,کۆیە,63,پارێزەر,2807
8956,نیشتمان حەسەن,هەولێر,47,ژمێریار,2173
8957,بەختیار ئەحمەد,کەرکووک,49,ڕۆژنامەنوس,1187
8958,بەرزان خۆشناو,هەڵەبجە,22,گەشەپێدەری سۆفتوێر,3217
8959,سۆران مەحمود,ڕانیە,35,پارێزەر,2478
8960,ئاری ئەحمەد,دهۆک,63,گەشەپێدەری سۆفتوێر,438
8961,تارا عەبدوڵڵا,هەڵەبجە,39,پارێزەر,1458
8962,هاوڕێ عومەر,ڕانیە,28,وێنەگر,3284
8963,شنۆ سۆران,دهۆک,22,پارێزەر,1821
8964,سارا سۆران,کۆیە,43,گەشەپێدەری سۆفتوێر,2028
8965,زانا قادر,کەرکووک,56,ڕۆژنامەنوس,3070
8966,هاوڕێ سەعيد,ڕانیە,65,پارێزەر,1614
8967,سۆران كەریم,سۆران,33,پارێزەر,2159
8968,هێمن حەسەن,هەڵەبجە,19,پارێزەر,828
8969,سارا ئەحمەد,ڕانیە,60,بازرگان,1165
8970,کاروان خۆشناو,کۆیە,19,ئەندازیار,2310
8971,تانیا عوسمان,سۆران,63,دیزاینەر,3263
8972,بەرزان عومەر,کەرکووک,20,وێنەگر,1204
8973,کاروان قادر,ڕانیە,47,ژمێریار,768
8974,هاوڕێ كەریم,هەڵەبجە,29,پارێزەر,926
8975,شنۆ سۆران,هەولێر,60,گەشەپێدەری سۆفتوێر,3183
8976,کوردستان سەعيد,کەرکووک,61,دیزاینەر,2590
8977,سارا بابان,کۆیە,63,گەشەپێدەری سۆفتوێر,618
8978,ژیان سۆران,ڕانیە,18,ڕۆژنامەنوس,830
8979,هێمن مەنگوڕی,دهۆک,31,ژمێریار,3170
8980,سۆران ئەحمەد,کەرکووک,39,ڕۆژنامەنوس,2288
8981,لەنیا مەنگوڕی,هەڵەبجە,24,پزیشک,1319
8982,هاوڕێ عومەر,دهۆک,49,ئەندازیار,3411
8983,ژیان جاف,ڕانیە,63,پزیشک,1480
8984,شنۆ عەبدوڵڵا,ڕانیە,33,ژمێریار,2755
8985,نیشتمان مەنگوڕی,سۆران,64,وێنەگر,1643
8986,سۆران بابان,کەرکووک,59,پارێزەر,1907
8987,تارا حەسەن,ڕانیە,42,مامۆستا,599
8988,پشتیوان ئەحمەد,سلێمانی,25,گەشەپێدەری سۆفتوێر,479
8989,هەڵکەوت جاف,سۆران,25,ژمێریار,3190
8990,ژینۆ ئەحمەد,هەڵەبجە,55,وێنەگر,1585
8991,کۆسار عوسمان,دهۆک,32,ژمێریار,2521
8992,ڕێبین عوسمان,دهۆک,56,ژمێریار,985
8993,دیار عوسمان,دهۆک,46,پارێزەر,2865
8994,کوردستان عومەر,کەرکووک,40,گەشەپێدەری سۆفتوێر,1618
8995,بەختیار بابان,کەرکووک,26,گەشەپێدەری سۆفتوێر,3018
8996,هەڵکەوت سەعيد,کەرکووک,48,ژمێریار,2756
8997,کۆسار بابان,کەرکووک,33,ژمێریار,1452
8998,هەڵکەوت گەرمیانی,ڕانیە,31,پارێزەر,687
8999,سۆران بابان,ڕانیە,24,پارێزەر,1153
9000,ژینۆ خۆشناو,ڕانیە,59,دیزاینەر,2690
9001,هەڵکەوت موكری,دهۆک,55,پزیشک,1521
9002,ئاری بابان,هەولێر,18,گەشەپێدەری سۆفتوێر,3314
9003,شنۆ كەریم,کەرکووک,60,گەشەپێدەری سۆفتوێر,1791
9004,کاروان حەسەن,هەولێر,24,بازرگان,982
9005,ژینۆ بابان,ڕانیە,40,ژمێریار,2393
9006,هاوڕێ گەرمیانی,سلێمانی,57,ئەندازیار,2542
9007,زانا خۆشناو,دهۆک,30,دیزاینەر,1880
9008,کاروان حەسەن,هەڵەبجە,42,مامۆستا,847
9009,پشتیوان عەبدوڵڵا,دهۆک,22,ڕۆژنامەنوس,2918
9010,شنۆ بابان,دهۆک,44,پارێزەر,2500
9011,هەڵکەوت موكری,سۆران,38,بازرگان,1498
9012,دیار كەریم,ڕانیە,57,گەشەپێدەری سۆفتوێر,2605
9013,سۆزان مەحمود,هەولێر,48,بازرگان,1861
9014,بەختیار موكری,کەرکووک,49,بازرگان,563
9015,تارا مەنگوڕی,هەولێر,37,پارێزەر,3478
9016,دیار عومەر,کۆیە,21,پارێزەر,721
9017,شنۆ عوسمان,دهۆک,64,دیزاینەر,1814
9018,سۆزان موكری,سۆران,41,پارێزەر,831
9019,نیشتمان عوسمان,کۆیە,34,مامۆستا,2859
9020,تارا كەریم,دهۆک,25,وێنەگر,3413
9021,پشتیوان مەحمود,هەولێر,36,مامۆستا,1583
9022,پشتیوان ئەحمەد,دهۆک,59,ژمێریار,2816
9023,کاروان مەنگوڕی,سلێمانی,26,پارێزەر,2497
9024,شنۆ كەریم,هەولێر,31,بازرگان,1945
9025,پشتیوان موكری,دهۆک,18,وێنەگر,2612
9026,سۆران عەبدوڵڵا,سۆران,29,پارێزەر,2236
9027,کۆسار بابان,کۆیە,45,پزیشک,3208
9028,بەرزان گەرمیانی,هەڵەبجە,22,دیزاینەر,641
9029,ژیان عەبدوڵڵا,سۆران,38,گەشەپێدەری سۆفتوێر,1114
9030,ڕێبین قادر,دهۆک,43,دیزاینەر,2169
9031,پشتیوان حەسەن,دهۆک,49,گەشەپێدەری سۆفتوێر,2079
9032,هەڵکەوت گەرمیانی,ڕانیە,40,وێنەگر,819
9033,بەرزان عەبدوڵڵا,هەڵەبجە,19,مامۆستا,1855
9034,کۆسار عومەر,ڕانیە,54,بازرگان,644
9035,دیار مەحمود,سۆران,63,پزیشک,953
9036,هێمن جاف,دهۆک,30,گەشەپێدەری سۆفتوێر,2053
9037,زانا حەسەن,کەرکووک,31,گەشەپێدەری سۆفتوێر,3391
9038,زانا بابان,سۆران,57,پارێزەر,1307
9039,نیشتمان موكری,ڕانیە,27,دیزاینەر,450
9040,زانا عەبدوڵڵا,کۆیە,39,پزیشک,1618
9041,سارا جاف,ڕانیە,24,پزیشک,1616
9042,ژینۆ عومەر,هەولێر,28,پزیشک,1672
9043,پشتیوان جاف,هەولێر,52,ڕۆژنامەنوس,1257
9044,سۆزان موكری,سلێمانی,53,پارێزەر,3400
9045,ژیان عومەر,کەرکووک,49,ژمێریار,2178
9046,هاوڕێ مەحمود,سلێمانی,22,دیزاینەر,1612
9047,زانا مەحمود,هەڵەبجە,27,ئەندازیار,2556
9048,بەرزان مەنگوڕی,کۆیە,18,دیزاینەر,1677
9049,سۆران مەنگوڕی,سلێمانی,61,پارێزەر,2811
9050,شنۆ عەبدوڵڵا,ڕانیە,65,ئەندازیار,1609
9051,شێركۆ عەبدوڵڵا,هەولێر,32,بازرگان,1385
9052,تانیا مەحمود,هەولێر,62,وێنەگر,976
9053,دیار عەبدوڵڵا,کەرکووک,25,مامۆستا,1933
9054,بەرزان عەبدوڵڵا,هەڵەبجە,64,ژمێریار,1691
9055,ڕێبین جاف,ڕانیە,59,ئەندازیار,2595
9056,سۆران سۆران,کۆیە,46,وێنەگر,510
9057,سۆران قادر,کۆیە,25,وێنەگر,2838
9058,ئاری مەنگوڕی,سلێمانی,34,ژمێریار,2187
9059,تانیا سۆران,سلێمانی,27,مامۆستا,2026
9060,زانا جاف,هەڵەبجە,48,وێنەگر,801
9061,تانیا قادر,هەڵەبجە,25,پزیشک,1994
9062,بەرزان قادر,هەڵەبجە,24,پارێزەر,550
9063,زانا موكری,ڕانیە,31,ڕۆژنامەنوس,844
9064,ژینۆ عەبدوڵڵا,کەرکووک,51,گەشەپێدەری سۆفتوێر,3190
9065,لەنیا موكری,کۆیە,38,ئەندازیار,958
9066,کۆسار كەریم,ڕانیە,43,دیزاینەر,2125
9067,هێمن حەسەن,ڕانیە,32,دیزاینەر,1551
9068,ئاری سەعيد,هەڵەبجە,53,گەشەپێدەری سۆفتوێر,1715
9069,شنۆ مەحمود,سلێمانی,25,مامۆستا,2025
9070,سۆران گەرمیانی,دهۆک,34,دیزاینەر,2371
9071,هاوڕێ سۆران,کەرکووک,23,دیزاینەر,2269
9072,ژینۆ عوسمان,هەولێر,30,ڕۆژنامەنوس,1193
9073,پشتیوان بابان,دهۆک,26,گەشەپێدەری سۆفتوێر,437
9074,هێمن مەحمود,هەڵەبجە,61,ژمێریار,2358
9075,لەنیا مەحمود,کۆیە,30,گەشەپێدەری سۆفتوێر,2656
9076,لەنیا مەحمود,کۆیە,63,دیزاینەر,2786
9077,زانا مەحمود,دهۆک,43,گەشەپێدەری سۆفتوێر,1763
9078,زانا مەحمود,کەرکووک,59,پارێزەر,2385
9079,زانا سەعيد,کۆیە,30,پارێزەر,831
9080,ژینۆ عوسمان,هەڵەبجە,30,وێنەگر,2290
9081,سارا مەنگوڕی,کەرکووک,31,ڕۆژنامەنوس,583
9082,سارا قادر,هەڵەبجە,52,پارێزەر,1505
9083,ڕێبین جاف,کۆیە,46,ڕۆژنامەنوس,3005
9084,ژیان عەبدوڵڵا,سۆران,34,ڕۆژنامەنوس,1419
9085,سۆران سەعيد,دهۆک,45,پزیشک,1401
9086,بەرزان قادر,کەرکووک,26,ڕۆژنامەنوس,3048
9087,بەرزان بابان,سلێمانی,18,ڕۆژنامەنوس,556
9088,زانا سۆران,سلێمانی,62,ژمێریار,1050
9089,هاوڕێ گەرمیانی,کۆیە,58,وێنەگر,2383
9090,ئاری قادر,ڕانیە,43,ژمێریار,827
9091,سارا عوسمان,کەرکووک,28,وێنەگر,3147
9092,هێمن سەعيد,ڕانیە,45,مامۆستا,1220
9093,سۆران بابان,سۆران,64,ئەندازیار,1437
9094,زانا مەحمود,هەولێر,38,مامۆستا,545
9095,کوردستان قادر,کۆیە,28,وێنەگر,1647
9096,ئاری قادر,دهۆک,63,ئەندازیار,1808
9097,تانیا حەسەن,دهۆک,31,ڕۆژنامەنوس,2816
9098,پشتیوان حەسەن,سلێمانی,59,دیزاینەر,3305
9099,ژیان حەسەن,سۆران,22,وێنەگر,1627
9100,ژیان گەرمیانی,کۆیە,23,ئەندازیار,1455
9101,بەختیار بابان,کەرکووک,31,ئەندازیار,2584
9102,بەرزان موكری,دهۆک,28,پزیشک,1306
9103,شێركۆ گەرمیانی,کۆیە,27,گەشەپێدەری سۆفتوێر,1498
9104,ژیان حەسەن,کەرکووک,49,بازرگان,1904
9105,هێمن قادر,دهۆک,26,ڕۆژنامەنوس,2114
9106,تارا خۆشناو,کەرکووک,22,ئەندازیار,939
9107,بەختیار ئەحمەد,ڕانیە,58,پارێزەر,477
9108,بەختیار گەرمیانی,هەولێر,30,وێنەگر,1597
9109,ئاری سۆران,سۆران,33,ئەندازیار,2275
9110,ئاری مەنگوڕی,سۆران,28,بازرگان,1477
9111,تارا عوسمان,سلێمانی,59,گەشەپێدەری سۆفتوێر,478
9112,شێركۆ عەبدوڵڵا,هەولێر,43,ژمێریار,708
9113,ئاری سۆران,هەڵەبجە,44,گەشەپێدەری سۆفتوێر,1959
9114,ئاری قادر,سۆران,28,ژمێریار,3321
9115,پشتیوان عوسمان,سۆران,64,ڕۆژنامەنوس,1315
9116,لەنیا موكری,کۆیە,31,دیزاینەر,2225
9117,شنۆ موكری,سلێمانی,61,وێنەگر,1532
9118,کۆسار عەبدوڵڵا,هەڵەبجە,47,ئەندازیار,2442
9119,سۆران كەریم,ڕانیە,63,ئەندازیار,1276
9120,سارا خۆشناو,ڕانیە,22,ژمێریار,2114
9121,لەنیا گەرمیانی,کەرکووک,22,پزیشک,3409
9122,تانیا عومەر,هەولێر,54,پارێزەر,3391
9123,زانا سۆران,سلێمانی,56,پارێزەر,2515
9124,هێمن موكری,کەرکووک,40,پزیشک,2427
9125,دیار ئەحمەد,هەڵەبجە,60,گەشەپێدەری سۆفتوێر,1892
9126,ژیان خۆشناو,سلێمانی,30,مامۆستا,1447
9127,کۆسار سەعيد,کەرکووک,51,ئەندازیار,1795
9128,نیشتمان عومەر,ڕانیە,26,بازرگان,1660
9129,هێمن گەرمیانی,سۆران,25,گەشەپێدەری سۆفتوێر,414
9130,دیار كەریم,کۆیە,18,پارێزەر,2143
9131,تارا عوسمان,سلێمانی,62,بازرگان,2543
9132,نیشتمان مەنگوڕی,هەولێر,64,ئەندازیار,1558
9133,سۆزان حەسەن,هەولێر,57,گەشەپێدەری سۆفتوێر,2330
9134,پشتیوان ئەحمەد,سۆران,20,بازرگان,1351
9135,زانا مەنگوڕی,کەرکووک,27,ژمێریار,1030
9136,سۆران جاف,ڕانیە,41,پزیشک,1181
9137,کاروان موكری,سۆران,41,ژمێریار,1616
9138,کۆسار عوسمان,سلێمانی,55,دیزاینەر,554
9139,سارا جاف,کۆیە,58,ژمێریار,3423
9140,کۆسار مەنگوڕی,سلێمانی,40,گەشەپێدەری سۆفتوێر,407
9141,هاوڕێ سەعيد,کەرکووک,33,ڕۆژنامەنوس,3379
9142,ڕێبین قادر,ڕانیە,35,مامۆستا,1867
9143,پشتیوان مەحمود,کەرکووک,58,گەشەپێدەری سۆفتوێر,2711
9144,تارا مەنگوڕی,کۆیە,51,وێنەگر,1362
9145,سۆزان حەسەن,هەولێر,37,پارێزەر,2467
9146,تارا خۆشناو,هەولێر,45,ڕۆژنامەنوس,700
9147,پشتیوان سەعيد,ڕانیە,23,ژمێریار,1303
9148,سارا مەحمود,سۆران,26,بازرگان,2577
9149,تانیا عومەر,کۆیە,63,پارێزەر,3193
9150,زانا مەحمود,سۆران,42,وێنەگر,1662
9151,ئاری قادر,هەولێر,18,گەشەپێدەری سۆفتوێر,2867
9152,لەنیا بابان,سلێمانی,45,ئەندازیار,730
9153,نیشتمان گەرمیانی,سۆران,41,دیزاینەر,1752
9154,شێركۆ حەسەن,هەولێر,39,مامۆستا,2731
9155,ژیان سۆران,کۆیە,54,ڕۆژنامەنوس,1439
9156,شێركۆ موكری,دهۆک,65,بازرگان,2957
9157,بەختیار كەریم,ڕانیە,28,پارێزەر,2908
9158,نیشتمان عوسمان,هەڵەبجە,51,ڕۆژنامەنوس,3018
9159,زانا مەحمود,هەولێر,45,مامۆستا,1658
9160,کۆسار موكری,کەرکووک,29,بازرگان,1282
9161,نیشتمان ئەحمەد,هەڵەبجە,40,مامۆستا,1689
9162,بەختیار خۆشناو,هەولێر,39,پزیشک,3155
9163,تانیا موكری,هەڵەبجە,22,گەشەپێدەری سۆفتوێر,1814
9164,تانیا عەبدوڵڵا,کەرکووک,36,ئەندازیار,3046
9165,کۆسار مەحمود,هەولێر,25,پارێزەر,2697
9166,کۆسار سۆران,هەولێر,37,پارێزەر,3099
9167,هێمن بابان,کۆیە,48,مامۆستا,1645
9168,شێركۆ خۆشناو,کۆیە,55,پزیشک,1339
9169,هێمن ئەحمەد,هەڵەبجە,42,بازرگان,1909
9170,بەرزان بابان,کۆیە,21,پزیشک,3035
9171,تانیا بابان,کۆیە,40,مامۆستا,1018
9172,سۆران جاف,هەڵەبجە,52,دیزاینەر,1490
9173,نیشتمان موكری,هەولێر,51,پزیشک,3203
9174,نیشتمان قادر,هەولێر,37,ژمێریار,1168
9175,کوردستان عوسمان,کەرکووک,53,بازرگان,466
9176,زانا خۆشناو,هەڵەبجە,49,بازرگان,2789
9177,دیار قادر,هەولێر,29,بازرگان,3151
9178,کاروان قادر,کەرکووک,49,ژمێریار,3222
9179,شنۆ موكری,هەڵەبجە,48,بازرگان,3224
9180,تانیا كەریم,کەرکووک,25,پارێزەر,2058
9181,هاوڕێ گەرمیانی,سلێمانی,62,مامۆستا,3330
9182,ژینۆ سەعيد,دهۆک,32,وێنەگر,1899
9183,ژینۆ عوسمان,سۆران,59,گەشەپێدەری سۆفتوێر,2548
9184,پشتیوان سەعيد,کەرکووک,30,پارێزەر,2039
9185,سۆران بابان,کۆیە,23,دیزاینەر,3111
9186,بەختیار مەحمود,سلێمانی,39,گەشەپێدەری سۆفتوێر,2149
9187,ژیان مەحمود,کەرکووک,40,ئەندازیار,2685
9188,ڕێبین ئەحمەد,دهۆک,22,ڕۆژنامەنوس,524
9189,ئاری ئەحمەد,سۆران,58,ژمێریار,942
9190,ژینۆ مەحمود,کۆیە,29,ڕۆژنامەنوس,1391
9191,شێركۆ سەعيد,کەرکووک,63,ئەندازیار,2099
9192,بەرزان كەریم,کۆیە,34,بازرگان,1830
9193,لەنیا عەبدوڵڵا,کۆیە,32,ڕۆژنامەنوس,3374
9194,ڕێبین مەنگوڕی,کەرکووک,20,پارێزەر,3286
9195,هێمن عومەر,سلێمانی,48,پارێزەر,1707
9196,بەختیار حەسەن,هەڵەبجە,41,پزیشک,2102
9197,سۆزان سەعيد,کۆیە,39,مامۆستا,1755
9198,سارا عوسمان,ڕانیە,35,گەشەپێدەری سۆفتوێر,1755
9199,ژینۆ موكری,دهۆک,54,مامۆستا,1397
9200,شنۆ عەبدوڵڵا,ڕانیە,58,پزیشک,1922
9201,زانا قادر,ڕانیە,24,پارێزەر,1118
9202,ژینۆ عوسمان,هەولێر,31,گەشەپێدەری سۆفتوێر,890
9203,بەرزان بابان,کۆیە,40,مامۆستا,2374
9204,هێمن مەحمود,هەڵەبجە,24,ڕۆژنامەنوس,1085
9205,بەرزان سۆران,دهۆک,42,وێنەگر,2882
9206,تارا مەحمود,سلێمانی,62,وێنەگر,861
9207,ژینۆ مەحمود,ڕانیە,37,ڕۆژنامەنوس,844
9208,ڕێبین مەنگوڕی,دهۆک,22,دیزاینەر,1486
9209,شنۆ حەسەن,سلێمانی,55,پزیشک,939
9210,زانا سۆران,کەرکووک,42,ئەندازیار,2540
9211,ژینۆ موكری,ڕانیە,23,ژمێریار,1243
9212,زانا عومەر,کۆیە,47,ڕۆژنامەنوس,2642
9213,سۆران عوسمان,دهۆک,64,دیزاینەر,2628
9214,ژیان موكری,کۆیە,64,ڕۆژنامەنوس,1419
9215,کاروان عومەر,دهۆک,28,ژمێریار,1899
9216,کۆسار سەعيد,ڕانیە,44,مامۆستا,2113
9217,کاروان عەبدوڵڵا,هەڵەبجە,51,ژمێریار,2398
9218,زانا مەحمود,ڕانیە,55,وێنەگر,731
9219,نیشتمان موكری,کەرکووک,65,گەشەپێدەری سۆفتوێر,1129
9220,تارا عومەر,سلێمانی,34,وێنەگر,3427
9221,ژینۆ حەسەن,سلێمانی,64,مامۆستا,979
9222,سۆران قادر,ڕانیە,32,پارێزەر,1471
9223,سارا مەنگوڕی,هەولێر,52,پزیشک,499
9224,ئاری عەبدوڵڵا,دهۆک,25,پارێزەر,2286
9225,بەختیار سەعيد,سلێمانی,54,پزیشک,2541
9226,هەڵکەوت حەسەن,کۆیە,26,پزیشک,683
9227,ڕێبین عەبدوڵڵا,هەولێر,25,بازرگان,2588
9228,بەختیار گەرمیانی,هەڵەبجە,43,پزیشک,408
9229,دیار حەسەن,کەرکووک,41,پزیشک,1237
9230,هەڵکەوت كەریم,دهۆک,40,مامۆستا,3134
9231,ژینۆ گەرمیانی,دهۆک,20,ژمێریار,2574
9232,سۆزان حەسەن,کۆیە,29,بازرگان,1078
9233,پشتیوان مەنگوڕی,سۆران,42,دیزاینەر,1043
9234,نیشتمان موكری,دهۆک,37,ژمێریار,2012
9235,بەرزان جاف,هەڵەبجە,52,وێنەگر,2937
9236,هێمن عوسمان,هەولێر,37,پزیشک,2154
9237,زانا جاف,ڕانیە,40,ئەندازیار,2066
9238,سۆزان گەرمیانی,کۆیە,59,بازرگان,459
9239,بەرزان حەسەن,کەرکووک,40,پزیشک,2604
9240,بەختیار جاف,سۆران,39,پزیشک,1372
9241,سۆران خۆشناو,هەڵەبجە,41,پارێزەر,2474
9242,تانیا حەسەن,هەولێر,54,ڕۆژنامەنوس,2433
9243,تانیا سۆران,دهۆک,60,ئەندازیار,514
9244,هاوڕێ عەبدوڵڵا,دهۆک,37,پارێزەر,534
9245,دیار مەحمود,دهۆک,23,پارێزەر,1167
9246,هێمن قادر,سۆران,58,مامۆستا,2986
9247,ڕێبین جاف,سلێمانی,53,گەشەپێدەری سۆفتوێر,846
9248,هاوڕێ عومەر,سلێمانی,31,ژمێریار,1854
9249,شێركۆ كەریم,هەڵەبجە,23,مامۆستا,1898
9250,سارا كەریم,سلێمانی,61,ژمێریار,2167
9251,سۆزان حەسەن,دهۆک,32,وێنەگر,3189
9252,هێمن جاف,سۆران,33,گەشەپێدەری سۆفتوێر,1704
9253,تانیا بابان,کەرکووک,56,مامۆستا,1529
9254,کوردستان كەریم,کۆیە,65,گەشەپێدەری سۆفتوێر,3409
9255,ئاری جاف,کەرکووک,37,پارێزەر,1684
9256,دیار موكری,سلێمانی,47,ڕۆژنامەنوس,2962
9257,بەرزان مەحمود,کەرکووک,30,ژمێریار,1921
9258,ژینۆ عومەر,هەڵەبجە,57,دیزاینەر,2794
9259,کاروان عومەر,هەڵەبجە,29,ئەندازیار,3192
9260,شێركۆ جاف,دهۆک,62,ژمێریار,1560
9261,پشتیوان قادر,ڕانیە,35,پارێزەر,576
9262,هێمن بابان,سۆران,59,دیزاینەر,466
9263,کۆسار سەعيد,هەڵەبجە,35,ژمێریار,2868
9264,سۆران گەرمیانی,دهۆک,38,وێنەگر,1027
9265,دیار قادر,ڕانیە,54,پارێزەر,3045
9266,لەنیا قادر,دهۆک,18,ئەندازیار,3127
9267,کاروان عوسمان,سۆران,64,مامۆستا,975
9268,هەڵکەوت سەعيد,هەولێر,21,پزیشک,2134
9269,کوردستان قادر,کەرکووک,26,بازرگان,861
9270,پشتیوان جاف,هەولێر,20,بازرگان,900
9271,زانا عەبدوڵڵا,دهۆک,52,پارێزەر,2791
9272,سۆزان جاف,سلێمانی,19,بازرگان,1834
9273,زانا گەرمیانی,هەڵەبجە,21,ڕۆژنامەنوس,1553
9274,پشتیوان بابان,سلێمانی,46,پارێزەر,3050
9275,دیار حەسەن,هەڵەبجە,46,وێنەگر,2279
9276,کۆسار مەنگوڕی,ڕانیە,51,مامۆستا,3386
9277,سارا سۆران,کۆیە,42,وێنەگر,2549
9278,ژینۆ سۆران,هەڵەبجە,21,وێنەگر,2568
9279,بەختیار خۆشناو,هەڵەبجە,18,ئەندازیار,2137
9280,سارا بابان,کەرکووک,50,مامۆستا,1377
9281,زانا جاف,سۆران,30,بازرگان,2556
9282,نیشتمان حەسەن,کۆیە,41,پزیشک,2904
9283,ڕێبین قادر,سۆران,48,وێنەگر,2174
9284,دیار موكری,کەرکووک,20,پزیشک,3469
9285,هێمن عوسمان,ڕانیە,53,وێنەگر,3434
9286,زانا عومەر,کۆیە,29,وێنەگر,793
9287,هێمن جاف,هەڵەبجە,20,پارێزەر,3065
9288,ئاری عومەر,هەولێر,55,ژمێریار,1031
9289,هەڵکەوت موكری,هەڵەبجە,33,ئەندازیار,1913
9290,ژینۆ كەریم,کەرکووک,57,پزیشک,2098
9291,ژینۆ بابان,کەرکووک,46,ئەندازیار,770
9292,بەختیار مەحمود,ڕانیە,32,وێنەگر,1185
9293,سارا مەحمود,دهۆک,61,مامۆستا,574
9294,بەختیار عومەر,دهۆک,42,ژمێریار,553
9295,کاروان سۆران,کەرکووک,60,پزیشک,731
9296,هێمن كەریم,دهۆک,40,ئەندازیار,2501
9297,کۆسار مەنگوڕی,سلێمانی,41,پارێزەر,1808
9298,نیشتمان خۆشناو,کۆیە,54,پزیشک,1296
9299,زانا ئەحمەد,ڕانیە,57,مامۆستا,1375
9300,نیشتمان مەنگوڕی,دهۆک,19,دیزاینەر,3465
9301,کۆسار سەعيد,هەڵەبجە,63,ژمێریار,1672
9302,بەرزان جاف,ڕانیە,46,وێنەگر,2432
9303,تارا مەنگوڕی,سۆران,22,ئەندازیار,1712
9304,دیار حەسەن,دهۆک,33,مامۆستا,827
9305,نیشتمان مەحمود,هەڵەبجە,64,ڕۆژنامەنوس,2589
9306,سۆران ئەحمەد,هەولێر,42,دیزاینەر,3163
9307,ئاری قادر,سۆران,38,دیزاینەر,3048
9308,بەرزان قادر,سلێمانی,39,پزیشک,413
9309,ژینۆ ئەحمەد,ڕانیە,46,بازرگان,2359
9310,پشتیوان بابان,دهۆک,34,وێنەگر,2968
9311,شنۆ سۆران,هەڵەبجە,44,دیزاینەر,2511
9312,شێركۆ مەنگوڕی,کۆیە,19,وێنەگر,2893
9313,سارا عەبدوڵڵا,کۆیە,18,پزیشک,2845
9314,شێركۆ مەنگوڕی,کۆیە,29,دیزاینەر,1791
9315,لەنیا عەبدوڵڵا,کەرکووک,47,بازرگان,2568
9316,دیار بابان,ڕانیە,49,ڕۆژنامەنوس,2089
9317,ئاری مەحمود,سلێمانی,53,بازرگان,1216
9318,بەختیار عەبدوڵڵا,سۆران,36,ڕۆژنامەنوس,3475
9319,شنۆ بابان,سۆران,58,گەشەپێدەری سۆفتوێر,2186
9320,هەڵکەوت سۆران,سۆران,39,ئەندازیار,3304
9321,سۆران مەحمود,هەڵەبجە,34,دیزاینەر,916
9322,پشتیوان عومەر,کۆیە,33,ڕۆژنامەنوس,3312
9323,بەرزان بابان,سلێمانی,27,پارێزەر,547
9324,بەرزان موكری,سۆران,48,پزیشک,1081
9325,ژینۆ بابان,کەرکووک,24,بازرگان,2176
9326,کوردستان عەبدوڵڵا,سلێمانی,36,ژمێریار,1838
9327,تانیا جاف,کەرکووک,19,ئەندازیار,1383
9328,ئاری قادر,سلێمانی,23,دیزاینەر,994
9329,ڕێبین بابان,هەولێر,45,پارێزەر,1190
9330,هێمن مەنگوڕی,سۆران,53,مامۆستا,1074
9331,ئاری عەبدوڵڵا,کەرکووک,57,ژمێریار,2678
9332,دیار جاف,هەولێر,65,ژمێریار,3061
9333,ژیان ئەحمەد,دهۆک,29,پزیشک,1460
9334,زانا سۆران,سۆران,42,پزیشک,3319
9335,ئاری بابان,سلێمانی,60,بازرگان,744
9336,شنۆ حەسەن,هەولێر,40,وێنەگر,2449
9337,تانیا عەبدوڵڵا,ڕانیە,55,گەشەپێدەری سۆفتوێر,3260
9338,نیشتمان مەحمود,هەولێر,54,دیزاینەر,1872
9339,زانا مەحمود,کەرکووک,63,پزیشک,3379
9340,دیار سەعيد,دهۆک,45,مامۆستا,2959
9341,زانا مەحمود,هەڵەبجە,32,گەشەپێدەری سۆفتوێر,2878
9342,تارا قادر,کۆیە,29,ژمێریار,1308
9343,بەرزان بابان,کەرکووک,45,ژمێریار,2512
9344,ڕێبین ئەحمەد,سلێمانی,38,ڕۆژنامەنوس,835
9345,کۆسار بابان,کۆیە,47,بازرگان,1588
9346,کوردستان گەرمیانی,کەرکووک,54,ئەندازیار,3178
9347,سارا ئەحمەد,دهۆک,42,ڕۆژنامەنوس,2561
9348,سۆران مەحمود,هەڵەبجە,61,وێنەگر,2422
9349,سارا عوسمان,ڕانیە,61,پارێزەر,3499
9350,هەڵکەوت كەریم,سۆران,55,بازرگان,470
9351,تانیا گەرمیانی,کەرکووک,54,بازرگان,669
9352,شنۆ عومەر,کۆیە,36,وێنەگر,594
9353,لەنیا حەسەن,دهۆک,61,ژمێریار,2200
9354,دیار حەسەن,هەڵەبجە,57,پزیشک,2963
9355,هێمن قادر,سۆران,47,پارێزەر,992
9356,تانیا عەبدوڵڵا,هەڵەبجە,60,مامۆستا,2211
9357,ئاری سەعيد,سلێمانی,62,ئەندازیار,2805
9358,زانا كەریم,دهۆک,47,گەشەپێدەری سۆفتوێر,2658
9359,کاروان سۆران,ڕانیە,50,پزیشک,2939
9360,بەرزان موكری,دهۆک,65,گەشەپێدەری سۆفتوێر,1012
9361,شێركۆ بابان,دهۆک,50,پزیشک,529
9362,ژینۆ عەبدوڵڵا,ڕانیە,30,پزیشک,825
9363,ڕێبین قادر,کەرکووک,44,ڕۆژنامەنوس,1192
9364,ژینۆ مەنگوڕی,سۆران,33,دیزاینەر,3184
9365,بەختیار بابان,دهۆک,26,ژمێریار,1382
9366,ڕێبین مەنگوڕی,سۆران,33,دیزاینەر,1278
9367,ژیان خۆشناو,ڕانیە,46,ئەندازیار,3294
9368,ژینۆ سۆران,هەڵەبجە,65,بازرگان,2689
9369,نیشتمان كەریم,سۆران,28,ئەندازیار,1472
9370,هاوڕێ مەنگوڕی,هەڵەبجە,39,دیزاینەر,2585
9371,هێمن قادر,ڕانیە,63,بازرگان,2978
9372,تانیا موكری,دهۆک,44,ئەندازیار,2858
9373,ڕێبین كەریم,ڕانیە,53,مامۆستا,1489
9374,سۆران مەنگوڕی,هەولێر,46,دیزاینەر,2312
9375,ئاری حەسەن,کۆیە,47,وێنەگر,1193
9376,نیشتمان سەعيد,هەڵەبجە,63,ژمێریار,2694
9377,بەختیار جاف,دهۆک,36,مامۆستا,1223
9378,بەختیار عومەر,هەولێر,36,دیزاینەر,989
9379,بەرزان عەبدوڵڵا,دهۆک,51,گەشەپێدەری سۆفتوێر,2578
9380,کوردستان كەریم,هەڵەبجە,61,ژمێریار,3194
9381,سۆران كەریم,سلێمانی,56,ڕۆژنامەنوس,3207
9382,ڕێبین سەعيد,ڕانیە,60,ئەندازیار,3102
9383,سۆزان خۆشناو,سلێمانی,59,پزیشک,2893
9384,کاروان عوسمان,سلێمانی,53,ئەندازیار,2109
9385,ژینۆ عومەر,دهۆک,42,پارێزەر,2934
9386,کوردستان خۆشناو,سۆران,30,ژمێریار,2695
9387,پشتیوان مەنگوڕی,هەولێر,39,ژمێریار,466
9388,هاوڕێ موكری,هەولێر,20,پزیشک,3380
9389,سۆزان عوسمان,کەرکووک,33,ڕۆژنامەنوس,580
9390,هەڵکەوت سۆران,دهۆک,24,دیزاینەر,2224
9391,زانا سەعيد,هەولێر,60,وێنەگر,1139
9392,کۆسار خۆشناو,سلێمانی,62,وێنەگر,2948
9393,سۆران سەعيد,ڕانیە,55,ئەندازیار,1255
9394,دیار سەعيد,هەولێر,47,گەشەپێدەری سۆفتوێر,2183
9395,ژیان عوسمان,دهۆک,59,ڕۆژنامەنوس,1687
9396,ژینۆ عەبدوڵڵا,هەڵەبجە,32,پزیشک,2408
9397,نیشتمان عەبدوڵڵا,کۆیە,19,دیزاینەر,1643
9398,شنۆ ئەحمەد,هەولێر,52,ئەندازیار,3058
9399,کاروان خۆشناو,سلێمانی,59,پزیشک,2164
9400,بەرزان سۆران,هەولێر,26,ئەندازیار,3194
9401,سۆران عوسمان,کەرکووک,25,ئەندازیار,2643
9402,ڕێبین ئەحمەد,کەرکووک,20,ئەندازیار,559
9403,سۆران عومەر,کۆیە,29,گەشەپێدەری سۆفتوێر,705
9404,بەرزان كەریم,ڕانیە,18,بازرگان,779
9405,شێركۆ سۆران,هەولێر,57,ژمێریار,2266
9406,بەرزان حەسەن,کۆیە,46,دیزاینەر,679
9407,کۆسار جاف,هەولێر,27,مامۆستا,1084
9408,کۆسار حەسەن,سلێمانی,24,پزیشک,1189
9409,هاوڕێ عومەر,کۆیە,32,گەشەپێدەری سۆفتوێر,966
9410,ژیان عوسمان,هەولێر,35,ژمێریار,2487
9411,بەرزان عوسمان,هەولێر,57,دیزاینەر,3410
9412,هێمن عەبدوڵڵا,هەڵەبجە,32,ئەندازیار,1323
9413,هاوڕێ خۆشناو,ڕانیە,46,پزیشک,441
9414,زانا موكری,هەڵەبجە,58,مامۆستا,2351
9415,ژیان بابان,دهۆک,57,مامۆستا,1479
9416,زانا موكری,سلێمانی,37,ژمێریار,1807
9417,ڕێبین مەنگوڕی,دهۆک,37,ڕۆژنامەنوس,2749
9418,کوردستان بابان,سلێمانی,50,مامۆستا,1076
9419,پشتیوان بابان,دهۆک,59,گەشەپێدەری سۆفتوێر,2974
9420,بەرزان گەرمیانی,هەڵەبجە,41,دیزاینەر,1395
9421,هاوڕێ عەبدوڵڵا,هەولێر,26,ئەندازیار,1528
9422,دیار قادر,هەڵەبجە,46,مامۆستا,3141
9423,ژیان سەعيد,هەڵەبجە,21,دیزاینەر,2757
9424,سۆران سەعيد,ڕانیە,39,دیزاینەر,2706
9425,زانا حەسەن,کۆیە,45,پزیشک,993
9426,سۆران عەبدوڵڵا,کۆیە,33,بازرگان,1145
9427,ڕێبین موكری,هەڵەبجە,56,مامۆستا,1113
9428,تانیا كەریم,هەولێر,62,ڕۆژنامەنوس,829
9429,سۆران كەریم,کۆیە,47,ژمێریار,1610
9430,ڕێبین مەنگوڕی,هەولێر,58,ژمێریار,3243
9431,تارا ئەحمەد,ڕانیە,57,ڕۆژنامەنوس,1099
9432,پشتیوان عوسمان,هەولێر,46,وێنەگر,3049
9433,ئاری جاف,کەرکووک,22,ئەندازیار,2701
9434,کاروان عەبدوڵڵا,هەڵەبجە,39,بازرگان,1755
9435,ژیان گەرمیانی,کەرکووک,41,ژمێریار,1403
9436,بەرزان موكری,هەولێر,59,مامۆستا,568
9437,بەختیار عوسمان,دهۆک,20,پزیشک,2845
9438,سۆزان عەبدوڵڵا,هەڵەبجە,47,بازرگان,3128
9439,ژیان قادر,کۆیە,25,مامۆستا,1006
9440,تارا مەنگوڕی,هەولێر,57,پارێزەر,3083
9441,پشتیوان گەرمیانی,هەولێر,40,ئەندازیار,2361
9442,بەرزان خۆشناو,کەرکووک,59,ژمێریار,1486
9443,شێركۆ گەرمیانی,ڕانیە,51,وێنەگر,1194
9444,پشتیوان سەعيد,کەرکووک,45,وێنەگر,2712
9445,ئاری عوسمان,سۆران,48,وێنەگر,3484
9446,شێركۆ موكری,کەرکووک,47,ژمێریار,3332
9447,ژیان عوسمان,هەڵەبجە,36,پارێزەر,2036
9448,لەنیا كەریم,هەولێر,40,دیزاینەر,916
9449,سۆزان قادر,سلێمانی,60,ئەندازیار,3364
9450,سۆران خۆشناو,هەڵەبجە,61,ئەندازیار,1405
9451,کوردستان موكری,دهۆک,36,دیزاینەر,913
9452,شێركۆ گەرمیانی,ڕانیە,65,وێنەگر,2671
9453,شێركۆ عەبدوڵڵا,هەولێر,57,مامۆستا,663
9454,ژیان قادر,کۆیە,20,وێنەگر,1907
9455,کۆسار كەریم,سلێمانی,19,ڕۆژنامەنوس,1745
9456,ئاری عەبدوڵڵا,دهۆک,51,وێنەگر,1602
9457,شێركۆ سەعيد,کۆیە,26,ڕۆژنامەنوس,2338
9458,کۆسار عەبدوڵڵا,سلێمانی,59,پارێزەر,1616
9459,لەنیا عوسمان,سلێمانی,44,بازرگان,683
9460,ڕێبین قادر,سلێمانی,62,ڕۆژنامەنوس,769
9461,شێركۆ موكری,کۆیە,36,وێنەگر,2721
9462,سارا سەعيد,هەڵەبجە,57,پارێزەر,1033
9463,دیار عومەر,دهۆک,50,ژمێریار,1704
9464,کاروان كەریم,سلێمانی,36,وێنەگر,3467
9465,نیشتمان قادر,ڕانیە,27,وێنەگر,1165
9466,تانیا سەعيد,هەڵەبجە,63,ژمێریار,1890
9467,زانا مەنگوڕی,کۆیە,51,پارێزەر,2944
9468,ژیان حەسەن,هەولێر,63,بازرگان,1352
9469,تانیا مەحمود,ڕانیە,32,مامۆستا,1995
9470,ڕێبین گەرمیانی,هەڵەبجە,51,ئەندازیار,2760
9471,بەختیار قادر,هەڵەبجە,64,دیزاینەر,991
9472,تارا ئەحمەد,کەرکووک,28,ژمێریار,506
9473,سۆزان كەریم,سلێمانی,46,پزیشک,2352
9474,هاوڕێ سەعيد,سۆران,25,گەشەپێدەری سۆفتوێر,640
9475,تارا سۆران,هەولێر,38,ئەندازیار,1059
9476,تارا حەسەن,سۆران,24,پارێزەر,1642
9477,تانیا كەریم,دهۆک,45,پارێزەر,2693
9478,ژینۆ خۆشناو,دهۆک,28,پارێزەر,1972
9479,تارا سەعيد,دهۆک,59,ئەندازیار,1430
9480,کوردستان ئەحمەد,کەرکووک,35,ئەندازیار,2470
9481,هێمن سەعيد,هەڵەبجە,51,پارێزەر,2466
9482,تانیا مەنگوڕی,دهۆک,32,مامۆستا,2977
9483,زانا جاف,هەڵەبجە,62,ئەندازیار,2928
9484,هێمن عومەر,دهۆک,32,گەشەپێدەری سۆفتوێر,1731
9485,ئاری خۆشناو,کۆیە,57,بازرگان,1813
9486,ئاری بابان,سلێمانی,38,بازرگان,637
9487,نیشتمان ئەحمەد,هەولێر,23,ژمێریار,2988
9488,ڕێبین عەبدوڵڵا,هەڵەبجە,49,وێنەگر,3260
9489,ژینۆ مەحمود,سلێمانی,63,پارێزەر,519
9490,هێمن قادر,هەڵەبجە,51,وێنەگر,3003
9491,تارا خۆشناو,هەولێر,60,مامۆستا,3415
9492,ڕێبین ئەحمەد,هەولێر,25,ژمێریار,1265
9493,هێمن ئەحمەد,ڕانیە,18,بازرگان,697
9494,شنۆ قادر,سلێمانی,36,ئەندازیار,1402
9495,تانیا سەعيد,هەولێر,25,وێنەگر,1351
9496,هەڵکەوت گەرمیانی,هەڵەبجە,31,گەشەپێدەری سۆفتوێر,2626
9497,سارا عەبدوڵڵا,کۆیە,38,ژمێریار,3152
9498,کوردستان موكری,هەولێر,33,وێنەگر,3110
9499,کاروان گەرمیانی,ڕانیە,42,وێنەگر,1794
9500,سۆزان سۆران,کەرکووک,22,دیزاینەر,734
9501,شنۆ عەبدوڵڵا,سلێمانی,60,وێنەگر,510
9502,تارا خۆشناو,سلێمانی,58,دیزاینەر,2218
9503,هێمن عوسمان,کەرکووک,21,گەشەپێدەری سۆفتوێر,1557
9504,شنۆ بابان,هەولێر,36,پارێزەر,1219
9505,ڕێبین عومەر,هەولێر,24,گەشەپێدەری سۆفتوێر,2206
9506,تارا حەسەن,کۆیە,58,پزیشک,1958
9507,تارا مەنگوڕی,کۆیە,40,ژمێریار,2960
9508,دیار عوسمان,کەرکووک,63,پارێزەر,539
9509,سۆران عوسمان,ڕانیە,47,پارێزەر,778
9510,لەنیا جاف,هەولێر,49,مامۆستا,1232
9511,شێركۆ عومەر,سلێمانی,44,ئەندازیار,1715
9512,شێركۆ حەسەن,دهۆک,56,پارێزەر,1072
9513,بەرزان سەعيد,کۆیە,50,وێنەگر,3470
9514,ژیان ئەحمەد,هەولێر,18,ژمێریار,1589
9515,بەختیار مەحمود,هەڵەبجە,47,گەشەپێدەری سۆفتوێر,3252
9516,تانیا ئەحمەد,هەڵەبجە,57,پزیشک,527
9517,سارا ئەحمەد,کەرکووک,21,پزیشک,869
9518,هێمن ئەحمەد,سلێمانی,46,ڕۆژنامەنوس,933
9519,کوردستان سەعيد,هەولێر,52,دیزاینەر,438
9520,شنۆ بابان,هەولێر,33,ئەندازیار,2377
9521,سۆزان عوسمان,هەڵەبجە,26,ژمێریار,1038
9522,هێمن مەنگوڕی,دهۆک,54,بازرگان,657
9523,سۆران كەریم,دهۆک,52,ڕۆژنامەنوس,1515
9524,نیشتمان عوسمان,کەرکووک,18,پارێزەر,478
9525,کۆسار سەعيد,کەرکووک,25,وێنەگر,2406
9526,هەڵکەوت عومەر,سۆران,38,پارێزەر,506
9527,شنۆ مەحمود,کۆیە,65,پزیشک,532
9528,تانیا گەرمیانی,هەڵەبجە,57,پارێزەر,810
9529,هاوڕێ ئەحمەد,دهۆک,35,بازرگان,1155
9530,شنۆ ئەحمەد,کەرکووک,60,ژمێریار,3139
9531,سۆزان مەنگوڕی,هەڵەبجە,47,پارێزەر,3072
9532,کاروان حەسەن,سلێمانی,51,مامۆستا,2898
9533,ڕێبین ئەحمەد,ڕانیە,38,ژمێریار,1868
9534,ژیان مەحمود,سلێمانی,46,دیزاینەر,2286
9535,کۆسار عوسمان,هەڵەبجە,29,مامۆستا,1810
9536,ئاری ئەحمەد,کۆیە,35,پارێزەر,1397
9537,هێمن عەبدوڵڵا,سلێمانی,32,وێنەگر,1951
9538,شێركۆ كەریم,کۆیە,20,ژمێریار,671
9539,ژیان عومەر,هەڵەبجە,32,گەشەپێدەری سۆفتوێر,1663
9540,شنۆ مەحمود,دهۆک,61,پزیشک,1055
9541,پشتیوان عومەر,کەرکووک,61,مامۆستا,3436
9542,لەنیا موكری,هەڵەبجە,54,دیزاینەر,941
9543,کۆسار موكری,دهۆک,22,وێنەگر,1870
9544,شێركۆ عەبدوڵڵا,کۆیە,42,پارێزەر,1700
9545,بەرزان حەسەن,سلێمانی,56,بازرگان,1554
9546,ڕێبین جاف,دهۆک,60,وێنەگر,2332
9547,بەرزان بابان,دهۆک,28,ئەندازیار,2069
9548,بەختیار جاف,کەرکووک,36,پزیشک,3449
9549,شنۆ ئەحمەد,سۆران,50,مامۆستا,1664
9550,پشتیوان جاف,کۆیە,53,ڕۆژنامەنوس,2558
9551,بەختیار خۆشناو,کۆیە,36,پارێزەر,2772
9552,دیار خۆشناو,دهۆک,58,ڕۆژنامەنوس,2746
9553,بەرزان حەسەن,هەولێر,50,مامۆستا,2471
9554,شێركۆ خۆشناو,ڕانیە,65,مامۆستا,2213
9555,لەنیا حەسەن,کۆیە,61,ڕۆژنامەنوس,2260
9556,تارا مەنگوڕی,هەولێر,27,دیزاینەر,1491
9557,ژینۆ خۆشناو,سۆران,52,گەشەپێدەری سۆفتوێر,688
9558,شێركۆ مەنگوڕی,هەڵەبجە,63,بازرگان,1730
9559,ژینۆ سەعيد,سۆران,57,مامۆستا,1715
9560,دیار موكری,دهۆک,55,پزیشک,2118
9561,بەرزان عەبدوڵڵا,سۆران,34,دیزاینەر,589
9562,ئاری ئەحمەد,کۆیە,58,پارێزەر,2769
9563,زانا مەحمود,هەڵەبجە,46,بازرگان,3487
9564,تانیا عومەر,کۆیە,42,ژمێریار,2044
9565,سۆزان عەبدوڵڵا,دهۆک,39,وێنەگر,1310
9566,بەختیار قادر,هەولێر,52,بازرگان,2793
9567,هێمن سۆران,هەڵەبجە,27,مامۆستا,2938
9568,ڕێبین ئەحمەد,سۆران,50,وێنەگر,894
9569,کۆسار مەحمود,هەڵەبجە,65,بازرگان,475
9570,دیار مەحمود,سۆران,36,ئەندازیار,570
9571,بەختیار جاف,کەرکووک,30,ژمێریار,1215
9572,هەڵکەوت سەعيد,کۆیە,39,پارێزەر,836
9573,دیار عەبدوڵڵا,دهۆک,65,مامۆستا,1715
9574,کۆسار كەریم,کۆیە,40,دیزاینەر,1424
9575,لەنیا خۆشناو,دهۆک,32,ئەندازیار,1203
9576,ژیان جاف,کەرکووک,35,مامۆستا,1551
9577,شێركۆ سەعيد,ڕانیە,57,دیزاینەر,1290
9578,سارا عومەر,دهۆک,24,گەشەپێدەری سۆفتوێر,1724
9579,ئاری مەنگوڕی,هەڵەبجە,65,وێنەگر,3393
9580,سۆزان حەسەن,هەولێر,49,مامۆستا,2489
9581,تانیا سەعيد,سۆران,54,وێنەگر,887
9582,نیشتمان كەریم,کۆیە,43,پزیشک,807
9583,بەرزان حەسەن,سۆران,41,ژمێریار,850
9584,ئاری كەریم,دهۆک,40,پارێزەر,819
9585,شێركۆ جاف,دهۆک,56,ژمێریار,516
9586,کۆسار خۆشناو,دهۆک,22,گەشەپێدەری سۆفتوێر,1670
9587,لەنیا سۆران,هەولێر,23,مامۆستا,914
9588,هێمن عەبدوڵڵا,هەولێر,29,ئەندازیار,657
9589,سارا مەنگوڕی,دهۆک,21,ئەندازیار,2059
9590,سۆزان سەعيد,ڕانیە,48,ژمێریار,2294
9591,کۆسار گەرمیانی,ڕانیە,25,گەشەپێدەری سۆفتوێر,1408
9592,شنۆ حەسەن,کۆیە,56,گەشەپێدەری سۆفتوێر,3182
9593,سارا حەسەن,هەڵەبجە,24,ژمێریار,3396
9594,بەرزان عومەر,کەرکووک,53,وێنەگر,3140
9595,بەختیار حەسەن,هەولێر,37,مامۆستا,1673
9596,کوردستان سۆران,دهۆک,30,پارێزەر,630
9597,ژیان قادر,هەڵەبجە,46,پزیشک,854
9598,کوردستان بابان,هەولێر,29,مامۆستا,1409
9599,تانیا موكری,کۆیە,49,گەشەپێدەری سۆفتوێر,2640
9600,ژینۆ سۆران,کەرکووک,40,مامۆستا,854
9601,هێمن مەنگوڕی,هەڵەبجە,47,وێنەگر,2254
9602,سۆزان موكری,هەڵەبجە,65,ڕۆژنامەنوس,591
9603,ژینۆ عومەر,کەرکووک,38,پزیشک,1884
9604,ئاری خۆشناو,هەڵەبجە,42,بازرگان,3105
9605,نیشتمان گەرمیانی,دهۆک,27,ڕۆژنامەنوس,667
9606,هەڵکەوت مەنگوڕی,ڕانیە,39,پزیشک,2306
9607,زانا مەنگوڕی,سۆران,21,ژمێریار,466
9608,نیشتمان كەریم,کۆیە,34,ڕۆژنامەنوس,2173
9609,هێمن عەبدوڵڵا,دهۆک,62,وێنەگر,2480
9610,ڕێبین عەبدوڵڵا,سلێمانی,53,ڕۆژنامەنوس,1459
9611,دیار خۆشناو,سلێمانی,57,ڕۆژنامەنوس,1261
9612,سارا كەریم,ڕانیە,42,گەشەپێدەری سۆفتوێر,2069
9613,سارا ئەحمەد,هەڵەبجە,34,گەشەپێدەری سۆفتوێر,2096
9614,زانا ئەحمەد,ڕانیە,61,وێنەگر,3243
9615,سۆزان حەسەن,سۆران,40,پزیشک,1880
9616,ڕێبین سەعيد,ڕانیە,31,پارێزەر,705
9617,ڕێبین قادر,ڕانیە,51,وێنەگر,2706
9618,تارا حەسەن,دهۆک,58,وێنەگر,1864
9619,بەختیار مەحمود,سلێمانی,39,وێنەگر,1501
9620,تانیا سۆران,هەڵەبجە,60,گەشەپێدەری سۆفتوێر,3445
9621,سۆزان حەسەن,دهۆک,44,ئەندازیار,899
9622,هێمن عەبدوڵڵا,دهۆک,56,پزیشک,1658
9623,سۆران ئەحمەد,کۆیە,29,مامۆستا,2048
9624,ڕێبین مەنگوڕی,دهۆک,46,پارێزەر,1161
9625,پشتیوان عومەر,دهۆک,61,وێنەگر,2611
9626,سۆران عەبدوڵڵا,کەرکووک,58,مامۆستا,2924
9627,سۆزان سەعيد,سلێمانی,56,وێنەگر,3265
9628,شنۆ عوسمان,کەرکووک,63,مامۆستا,1051
9629,دیار ئەحمەد,سۆران,49,وێنەگر,2937
9630,شێركۆ قادر,سۆران,39,پارێزەر,2299
9631,ئاری قادر,هەولێر,32,بازرگان,1889
9632,ڕێبین سۆران,سۆران,43,ئەندازیار,3464
9633,نیشتمان عوسمان,سلێمانی,65,گەشەپێدەری سۆفتوێر,938
9634,دیار قادر,هەولێر,24,پارێزەر,587
9635,سۆزان مەنگوڕی,کۆیە,36,وێنەگر,2683
9636,هەڵکەوت جاف,دهۆک,29,گەشەپێدەری سۆفتوێر,1030
9637,لەنیا قادر,سلێمانی,52,ڕۆژنامەنوس,2032
9638,کۆسار مەنگوڕی,سلێمانی,61,گەشەپێدەری سۆفتوێر,2518
9639,لەنیا مەنگوڕی,کۆیە,52,مامۆستا,1521
9640,ڕێبین سۆران,سۆران,25,ژمێریار,3450
9641,ژیان سۆران,کۆیە,57,پزیشک,760
9642,ئاری سۆران,کەرکووک,29,دیزاینەر,2859
9643,هاوڕێ گەرمیانی,سۆران,58,ژمێریار,1579
9644,شێركۆ گەرمیانی,هەولێر,42,ڕۆژنامەنوس,1226
9645,ژینۆ مەحمود,دهۆک,33,پارێزەر,1292
9646,ژیان مەحمود,هەولێر,20,پزیشک,2450
9647,ژینۆ عومەر,کۆیە,56,ژمێریار,1840
9648,ئاری عەبدوڵڵا,دهۆک,38,دیزاینەر,1021
9649,تارا خۆشناو,کەرکووک,43,مامۆستا,1638
9650,سۆزان كەریم,کۆیە,50,ڕۆژنامەنوس,856
9651,ژیان ئەحمەد,کەرکووک,53,بازرگان,479
9652,ڕێبین عوسمان,هەولێر,43,ژمێریار,1515
9653,ژیان عوسمان,کۆیە,29,ژمێریار,2860
9654,هێمن حەسەن,کۆیە,18,وێنەگر,1929
9655,پشتیوان عوسمان,هەڵەبجە,42,وێنەگر,3368
9656,سارا گەرمیانی,هەڵەبجە,43,گەشەپێدەری سۆفتوێر,2491
9657,دیار عومەر,هەڵەبجە,65,دیزاینەر,1885
9658,نیشتمان مەنگوڕی,سلێمانی,41,پارێزەر,1336
9659,کاروان گەرمیانی,هەڵەبجە,53,وێنەگر,1920
9660,هاوڕێ گەرمیانی,سلێمانی,25,پزیشک,765
9661,ژینۆ گەرمیانی,هەڵەبجە,49,پزیشک,722
9662,زانا جاف,هەڵەبجە,46,دیزاینەر,2239
9663,سۆزان كەریم,هەولێر,34,گەشەپێدەری سۆفتوێر,1408
9664,بەرزان حەسەن,دهۆک,62,دیزاینەر,885
9665,پشتیوان موكری,کەرکووک,27,وێنەگر,2676
9666,کاروان سۆران,هەڵەبجە,57,ئەندازیار,2548
9667,شێركۆ حەسەن,کەرکووک,21,ڕۆژنامەنوس,664
9668,کوردستان عەبدوڵڵا,سلێمانی,55,بازرگان,2640
9669,شنۆ گەرمیانی,هەولێر,59,وێنەگر,2838
9670,بەختیار عەبدوڵڵا,دهۆک,41,پارێزەر,1925
9671,سۆران عەبدوڵڵا,سلێمانی,52,بازرگان,1400
9672,ژیان ئەحمەد,هەولێر,56,ژمێریار,2045
9673,هاوڕێ بابان,سلێمانی,55,ژمێریار,3417
9674,شنۆ مەحمود,سۆران,35,بازرگان,455
9675,ڕێبین گەرمیانی,هەڵەبجە,46,دیزاینەر,608
9676,کوردستان سەعيد,سۆران,27,پارێزەر,1412
9677,دیار ئەحمەد,کەرکووک,56,پارێزەر,2776
9678,ژیان عەبدوڵڵا,کۆیە,22,ژمێریار,3042
9679,بەختیار عەبدوڵڵا,کۆیە,32,بازرگان,2364
9680,سارا عوسمان,کۆیە,36,پارێزەر,701
9681,شێركۆ مەحمود,دهۆک,20,بازرگان,878
9682,ڕێبین گەرمیانی,دهۆک,56,گەشەپێدەری سۆفتوێر,1804
9683,دیار موكری,هەڵەبجە,58,ڕۆژنامەنوس,2061
9684,تارا قادر,ڕانیە,38,مامۆستا,3265
9685,کوردستان كەریم,کۆیە,22,پارێزەر,3423
9686,زانا مەنگوڕی,ڕانیە,33,پزیشک,1645
9687,بەرزان كەریم,کۆیە,58,مامۆستا,3230
9688,کاروان عومەر,سلێمانی,58,مامۆستا,1692
9689,کاروان عومەر,هەڵەبجە,61,وێنەگر,2390
9690,دیار سۆران,کۆیە,28,بازرگان,1636
9691,تانیا عەبدوڵڵا,دهۆک,58,پزیشک,2414
9692,ژیان قادر,کۆیە,57,ژمێریار,1693
9693,بەرزان سەعيد,ڕانیە,59,ڕۆژنامەنوس,3299
9694,ڕێبین خۆشناو,هەولێر,31,بازرگان,441
9695,نیشتمان مەحمود,ڕانیە,25,گەشەپێدەری سۆفتوێر,1173
9696,سۆران سەعيد,سۆران,50,مامۆستا,2851
9697,شنۆ عوسمان,سۆران,46,مامۆستا,828
9698,کاروان سەعيد,سلێمانی,22,گەشەپێدەری سۆفتوێر,1299
9699,زانا گەرمیانی,ڕانیە,39,وێنەگر,1326
9700,ئاری جاف,کەرکووک,54,پزیشک,1258
9701,ژیان سۆران,دهۆک,41,مامۆستا,3130
9702,تانیا عومەر,دهۆک,30,ژمێریار,2590
9703,ژیان گەرمیانی,ڕانیە,32,گەشەپێدەری سۆفتوێر,1676
9704,تانیا عەبدوڵڵا,سلێمانی,48,پزیشک,1156
9705,پشتیوان سەعيد,دهۆک,34,ڕۆژنامەنوس,2024
9706,زانا جاف,کەرکووک,39,وێنەگر,448
9707,سۆزان سەعيد,کۆیە,40,پارێزەر,2752
9708,تانیا كەریم,کۆیە,65,ئەندازیار,992
9709,شنۆ سۆران,هەڵەبجە,64,پارێزەر,2933
9710,پشتیوان سەعيد,سلێمانی,41,ئەندازیار,3371
9711,کاروان مەنگوڕی,دهۆک,63,دیزاینەر,1682
9712,زانا قادر,دهۆک,58,ئەندازیار,1110
9713,شنۆ جاف,هەولێر,45,گەشەپێدەری سۆفتوێر,1335
9714,بەختیار موكری,کەرکووک,55,بازرگان,1725
9715,سۆران كەریم,هەڵەبجە,22,مامۆستا,2724
9716,ئاری موكری,کۆیە,40,دیزاینەر,1320
9717,هێمن جاف,ڕانیە,54,گەشەپێدەری سۆفتوێر,2205
9718,هەڵکەوت مەحمود,کۆیە,33,ژمێریار,1260
9719,کۆسار جاف,سلێمانی,58,ئەندازیار,824
9720,پشتیوان ئەحمەد,هەولێر,39,ژمێریار,2669
9721,بەختیار عومەر,هەڵەبجە,46,ئەندازیار,1975
9722,ژیان موكری,هەڵەبجە,56,وێنەگر,3070
9723,ڕێبین بابان,هەولێر,61,ئەندازیار,1093
9724,سارا خۆشناو,ڕانیە,31,ئەندازیار,2402
9725,بەختیار مەحمود,هەولێر,31,بازرگان,2092
9726,هاوڕێ مەنگوڕی,هەولێر,37,بازرگان,2030
9727,کۆسار موكری,کۆیە,51,دیزاینەر,990
9728,کوردستان بابان,ڕانیە,64,ژمێریار,2837
9729,هاوڕێ موكری,کەرکووک,60,پزیشک,2728
9730,هێمن گەرمیانی,کەرکووک,55,ژمێریار,3011
9731,هێمن موكری,کەرکووک,49,گەشەپێدەری سۆفتوێر,1833
9732,شنۆ قادر,هەولێر,22,پارێزەر,1914
9733,سۆران موكری,دهۆک,50,مامۆستا,1065
9734,پشتیوان بابان,کۆیە,49,گەشەپێدەری سۆفتوێر,1929
9735,سارا سۆران,دهۆک,23,مامۆستا,2943
9736,تانیا حەسەن,ڕانیە,42,ڕۆژنامەنوس,1536
9737,لەنیا عوسمان,کەرکووک,32,ڕۆژنامەنوس,2555
9738,سۆران مەحمود,هەڵەبجە,26,دیزاینەر,661
9739,هاوڕێ كەریم,سۆران,21,گەشەپێدەری سۆفتوێر,2477
9740,ڕێبین كەریم,دهۆک,41,پزیشک,3374
9741,هێمن ئەحمەد,ڕانیە,51,مامۆستا,2969
9742,سۆزان مەنگوڕی,کەرکووک,41,مامۆستا,3379
9743,ژیان حەسەن,کەرکووک,63,ئەندازیار,1490
9744,نیشتمان حەسەن,ڕانیە,43,پارێزەر,2140
9745,هەڵکەوت عومەر,سۆران,28,ژمێریار,1544
9746,شنۆ بابان,ڕانیە,38,ئەندازیار,697
9747,ژینۆ مەنگوڕی,سلێمانی,26,بازرگان,720
9748,پشتیوان عومەر,ڕانیە,60,ڕۆژنامەنوس,2333
9749,ئاری بابان,کۆیە,45,پارێزەر,1278
9750,بەرزان مەحمود,سۆران,50,ڕۆژنامەنوس,2676
9751,تارا كەریم,هەولێر,49,دیزاینەر,1642
9752,ڕێبین قادر,هەڵەبجە,43,ژمێریار,2213
9753,هاوڕێ بابان,کۆیە,18,مامۆستا,2397
9754,بەختیار جاف,ڕانیە,51,مامۆستا,1983
9755,هێمن گەرمیانی,کۆیە,51,بازرگان,2122
9756,سۆزان مەنگوڕی,کەرکووک,42,مامۆستا,2739
9757,ژیان مەنگوڕی,سلێمانی,59,ژمێریار,999
9758,لەنیا سەعيد,هەولێر,43,ڕۆژنامەنوس,1220
9759,شێركۆ عەبدوڵڵا,سۆران,56,پزیشک,2650
9760,ئاری عوسمان,کەرکووک,52,ژمێریار,909
9761,هێمن مەنگوڕی,هەولێر,38,بازرگان,751
9762,سۆزان ئەحمەد,هەڵەبجە,58,وێنەگر,1218
9763,بەختیار مەنگوڕی,کۆیە,38,دیزاینەر,3220
9764,تارا مەحمود,دهۆک,25,پزیشک,2104
9765,ژیان عومەر,کەرکووک,59,ئەندازیار,3291
9766,هەڵکەوت عومەر,هەولێر,20,گەشەپێدەری سۆفتوێر,987
9767,تانیا خۆشناو,کۆیە,40,دیزاینەر,944
9768,ژینۆ كەریم,کەرکووک,35,پزیشک,3132
9769,ئاری مەنگوڕی,دهۆک,26,ژمێریار,1341
9770,زانا گەرمیانی,سۆران,55,دیزاینەر,3089
9771,پشتیوان عەبدوڵڵا,هەڵەبجە,63,ئەندازیار,2129
9772,تارا كەریم,کەرکووک,41,بازرگان,3475
9773,هەڵکەوت جاف,کۆیە,63,پزیشک,3390
9774,شنۆ عەبدوڵڵا,سۆران,39,دیزاینەر,2369
9775,تارا موكری,هەولێر,51,ئەندازیار,520
9776,نیشتمان قادر,هەڵەبجە,64,وێنەگر,2555
9777,نیشتمان خۆشناو,سۆران,59,وێنەگر,3357
9778,شێركۆ بابان,سۆران,29,ئەندازیار,3336
9779,ژیان حەسەن,هەولێر,59,بازرگان,3200
9780,تانیا خۆشناو,هەولێر,42,ژمێریار,2152
9781,ژینۆ مەحمود,کەرکووک,39,دیزاینەر,1777
9782,پشتیوان مەحمود,کۆیە,65,گەشەپێدەری سۆفتوێر,1528
9783,هاوڕێ سۆران,کۆیە,43,پزیشک,2625
9784,بەختیار حەسەن,دهۆک,25,گەشەپێدەری سۆفتوێر,1324
9785,هێمن حەسەن,دهۆک,44,ڕۆژنامەنوس,594
9786,تانیا بابان,ڕانیە,61,دیزاینەر,2441
9787,سۆزان سۆران,هەڵەبجە,28,ژمێریار,1755
9788,کۆسار قادر,هەولێر,18,ڕۆژنامەنوس,2847
9789,شێركۆ جاف,سلێمانی,60,بازرگان,1860
9790,ژینۆ سۆران,کەرکووک,59,ڕۆژنامەنوس,946
9791,بەرزان بابان,کەرکووک,50,بازرگان,2744
9792,سۆزان عوسمان,سۆران,39,پارێزەر,2496
9793,کوردستان گەرمیانی,کۆیە,56,پارێزەر,1571
9794,زانا خۆشناو,سۆران,30,ژمێریار,711
9795,شنۆ موكری,سلێمانی,35,وێنەگر,3103
9796,بەختیار جاف,هەڵەبجە,39,پزیشک,1208
9797,لەنیا حەسەن,سۆران,26,پزیشک,2649
9798,هەڵکەوت بابان,سلێمانی,31,وێنەگر,2262
9799,سارا جاف,ڕانیە,32,ئەندازیار,1630
9800,دیار موكری,کۆیە,37,وێنەگر,1221
9801,نیشتمان قادر,کۆیە,29,ڕۆژنامەنوس,2642
9802,بەختیار خۆشناو,دهۆک,56,پارێزەر,1903
9803,ژینۆ كەریم,کۆیە,44,گەشەپێدەری سۆفتوێر,1067
9804,هەڵکەوت مەنگوڕی,کۆیە,55,گەشەپێدەری سۆفتوێر,1455
9805,هاوڕێ جاف,هەڵەبجە,47,ژمێریار,2952
9806,زانا مەنگوڕی,کۆیە,48,ئەندازیار,3306
9807,سۆزان بابان,هەڵەبجە,30,گەشەپێدەری سۆفتوێر,1168
9808,کوردستان بابان,ڕانیە,44,دیزاینەر,1764
9809,کاروان موكری,هەولێر,53,وێنەگر,1854
9810,سۆران حەسەن,کۆیە,39,ڕۆژنامەنوس,2449
9811,پشتیوان گەرمیانی,هەڵەبجە,49,وێنەگر,2840
9812,پشتیوان مەنگوڕی,سلێمانی,24,ژمێریار,727
9813,هەڵکەوت گەرمیانی,سۆران,26,ڕۆژنامەنوس,2529
9814,تانیا عومەر,ڕانیە,49,پزیشک,2719
9815,ژینۆ عومەر,دهۆک,18,دیزاینەر,3066
9816,هاوڕێ قادر,سلێمانی,46,بازرگان,872
9817,تارا خۆشناو,کۆیە,64,ڕۆژنامەنوس,3005
9818,ئاری گەرمیانی,کۆیە,33,ژمێریار,3148
9819,تانیا سۆران,هەڵەبجە,58,ڕۆژنامەنوس,1863
9820,سۆزان قادر,سۆران,41,گەشەپێدەری سۆفتوێر,1864
9821,بەختیار عومەر,هەولێر,19,بازرگان,1870
9822,تارا قادر,کەرکووک,59,ڕۆژنامەنوس,1756
9823,شنۆ عوسمان,سۆران,40,دیزاینەر,2861
9824,کاروان مەنگوڕی,کەرکووک,36,ژمێریار,1736
9825,کۆسار جاف,ڕانیە,29,بازرگان,2174
9826,کوردستان قادر,سۆران,62,مامۆستا,1065
9827,ژینۆ كەریم,ڕانیە,51,پارێزەر,852
9828,ژینۆ مەحمود,ڕانیە,39,دیزاینەر,456
9829,ئاری گەرمیانی,کۆیە,33,گەشەپێدەری سۆفتوێر,1480
9830,پشتیوان سەعيد,کەرکووک,49,دیزاینەر,1488
9831,شێركۆ حەسەن,کەرکووک,33,پارێزەر,3086
9832,ئاری عوسمان,هەولێر,61,پزیشک,3449
9833,دیار عەبدوڵڵا,ڕانیە,60,بازرگان,2988
9834,دیار قادر,سۆران,33,مامۆستا,851
9835,ژینۆ حەسەن,هەولێر,45,بازرگان,430
9836,ئاری عومەر,کۆیە,53,دیزاینەر,2135
9837,کوردستان كەریم,کۆیە,25,بازرگان,2578
9838,ڕێبین مەحمود,سۆران,24,ئەندازیار,663
9839,شنۆ سۆران,سلێمانی,50,دیزاینەر,1726
9840,کۆسار عومەر,سلێمانی,65,پارێزەر,2120
9841,کۆسار موكری,کۆیە,54,ڕۆژنامەنوس,2437
9842,تارا ئەحمەد,کەرکووک,61,ئەندازیار,643
9843,سارا كەریم,سلێمانی,58,پزیشک,2599
9844,تارا موكری,کۆیە,31,وێنەگر,2412
9845,کۆسار موكری,کۆیە,46,مامۆستا,1863
9846,لەنیا كەریم,کۆیە,19,دیزاینەر,1130
9847,کۆسار كەریم,سۆران,28,دیزاینەر,2156
9848,کوردستان عەبدوڵڵا,هەڵەبجە,47,ڕۆژنامەنوس,2708
9849,کۆسار سۆران,ڕانیە,47,وێنەگر,3167
9850,پشتیوان مەنگوڕی,کۆیە,50,گەشەپێدەری سۆفتوێر,1478
9851,کوردستان حەسەن,کۆیە,37,گەشەپێدەری سۆفتوێر,1828
9852,سۆران كەریم,سلێمانی,44,ڕۆژنامەنوس,918
9853,شێركۆ عەبدوڵڵا,سۆران,19,گەشەپێدەری سۆفتوێر,492
9854,ئاری خۆشناو,هەولێر,44,ژمێریار,750
9855,ئاری ئەحمەد,سلێمانی,49,وێنەگر,487
9856,سۆران مەحمود,کۆیە,61,پزیشک,410
9857,سۆران سۆران,سلێمانی,50,بازرگان,1338
9858,هێمن مەحمود,هەولێر,18,وێنەگر,1696
9859,ژینۆ موكری,سلێمانی,21,ئەندازیار,2200
9860,شێركۆ حەسەن,هەڵەبجە,35,پزیشک,3164
9861,تانیا عەبدوڵڵا,کۆیە,46,ژمێریار,3435
9862,کوردستان عوسمان,هەڵەبجە,31,ڕۆژنامەنوس,1126
9863,هەڵکەوت ئەحمەد,سۆران,58,دیزاینەر,3392
9864,بەرزان بابان,کەرکووک,58,بازرگان,424
9865,دیار حەسەن,سۆران,47,پزیشک,2264
9866,نیشتمان سۆران,هەولێر,44,وێنەگر,669
9867,شێركۆ حەسەن,کەرکووک,60,گەشەپێدەری سۆفتوێر,2366
9868,هێمن عوسمان,هەڵەبجە,38,ژمێریار,1304
9869,سۆزان بابان,دهۆک,52,پزیشک,3343
9870,کۆسار خۆشناو,کەرکووک,38,بازرگان,1545
9871,هێمن خۆشناو,هەڵەبجە,46,ژمێریار,3478
9872,بەختیار خۆشناو,سۆران,25,ڕۆژنامەنوس,1803
9873,کۆسار جاف,ڕانیە,61,دیزاینەر,1912
9874,کاروان عەبدوڵڵا,ڕانیە,64,ژمێریار,1329
9875,ڕێبین كەریم,هەڵەبجە,24,وێنەگر,1127
9876,هاوڕێ عەبدوڵڵا,دهۆک,43,پزیشک,1778
9877,کۆسار عوسمان,کۆیە,19,دیزاینەر,1387
9878,لەنیا مەنگوڕی,سۆران,22,وێنەگر,2405
9879,تارا گەرمیانی,دهۆک,50,بازرگان,2128
9880,دیار گەرمیانی,سۆران,49,ژمێریار,529
9881,سۆزان حەسەن,کەرکووک,63,گەشەپێدەری سۆفتوێر,1955
9882,سۆران جاف,هەڵەبجە,50,ڕۆژنامەنوس,1178
9883,کاروان جاف,سۆران,37,دیزاینەر,2288
9884,کاروان خۆشناو,ڕانیە,42,بازرگان,2743
9885,بەختیار گەرمیانی,هەولێر,63,ئەندازیار,1114
9886,زانا حەسەن,دهۆک,57,پزیشک,2791
9887,دیار حەسەن,هەڵەبجە,28,پارێزەر,2047
9888,تارا سەعيد,دهۆک,35,ئەندازیار,2175
9889,شێركۆ خۆشناو,کۆیە,61,ئەندازیار,634
9890,کوردستان مەنگوڕی,سلێمانی,21,بازرگان,638
9891,ژیان قادر,سلێمانی,64,ژمێریار,3009
9892,ڕێبین ئەحمەد,سۆران,26,پارێزەر,1961
9893,پشتیوان جاف,هەولێر,24,ژمێریار,2501
9894,سۆزان عوسمان,هەولێر,36,پزیشک,2810
9895,تانیا بابان,هەڵەبجە,41,پارێزەر,1442
9896,ئاری مەحمود,ڕانیە,31,مامۆستا,1440
9897,دیار قادر,سلێمانی,26,بازرگان,2493
9898,پشتیوان مەحمود,دهۆک,44,مامۆستا,2595
9899,بەختیار عومەر,سۆران,49,مامۆستا,3381
9900,ڕێبین مەحمود,سۆران,19,گەشەپێدەری سۆفتوێر,2013
9901,ئاری جاف,سلێمانی,57,مامۆستا,2154
9902,سۆران مەحمود,ڕانیە,38,ئەندازیار,418
9903,کاروان عەبدوڵڵا,هەولێر,65,پارێزەر,733
9904,کوردستان كەریم,ڕانیە,60,گەشەپێدەری سۆفتوێر,571
9905,تانیا مەنگوڕی,ڕانیە,25,مامۆستا,1712
9906,لەنیا عەبدوڵڵا,هەڵەبجە,62,مامۆستا,3201
9907,هاوڕێ مەحمود,ڕانیە,19,دیزاینەر,2203
9908,هاوڕێ عەبدوڵڵا,هەڵەبجە,36,پارێزەر,2122
9909,کاروان خۆشناو,ڕانیە,55,دیزاینەر,415
9910,کوردستان خۆشناو,سۆران,36,وێنەگر,2560
9911,شنۆ عەبدوڵڵا,سلێمانی,56,ژمێریار,2908
9912,شێركۆ حەسەن,کەرکووک,56,بازرگان,1501
9913,سۆزان عومەر,هەڵەبجە,19,وێنەگر,858
9914,هاوڕێ عوسمان,سلێمانی,50,ڕۆژنامەنوس,1944
9915,هاوڕێ قادر,ڕانیە,42,ڕۆژنامەنوس,1060
9916,نیشتمان بابان,هەڵەبجە,42,بازرگان,3499
9917,ژینۆ خۆشناو,سلێمانی,35,گەشەپێدەری سۆفتوێر,2254
9918,کۆسار خۆشناو,کەرکووک,57,پزیشک,2588
9919,لەنیا حەسەن,کەرکووک,27,پارێزەر,2742
9920,تانیا سەعيد,هەڵەبجە,37,ئەندازیار,1770
9921,سۆزان سەعيد,سۆران,18,دیزاینەر,1751
9922,هاوڕێ كەریم,کۆیە,27,مامۆستا,2175
9923,نیشتمان سۆران,ڕانیە,49,پزیشک,1041
9924,پشتیوان جاف,سلێمانی,49,ئەندازیار,3383
9925,ڕێبین سەعيد,ڕانیە,37,وێنەگر,1562
9926,هەڵکەوت خۆشناو,سلێمانی,56,مامۆستا,2934
9927,ڕێبین مەنگوڕی,کەرکووک,36,مامۆستا,2168
9928,هەڵکەوت موكری,کەرکووک,30,ڕۆژنامەنوس,2985
9929,هاوڕێ قادر,کەرکووک,29,گەشەپێدەری سۆفتوێر,3478
9930,سارا جاف,دهۆک,58,ڕۆژنامەنوس,2987
9931,ژینۆ حەسەن,کەرکووک,25,بازرگان,3291
9932,بەختیار خۆشناو,کۆیە,46,بازرگان,2589
9933,تارا مەحمود,سۆران,33,بازرگان,1369
9934,سارا سەعيد,کۆیە,36,بازرگان,1173
9935,نیشتمان مەنگوڕی,کۆیە,61,پزیشک,2228
9936,کوردستان موكری,هەڵەبجە,24,مامۆستا,1897
9937,تارا عوسمان,کۆیە,41,مامۆستا,3374
9938,ژیان بابان,کۆیە,42,گەشەپێدەری سۆفتوێر,1424
9939,بەختیار موكری,سلێمانی,46,ژمێریار,1342
9940,دیار خۆشناو,سۆران,64,ڕۆژنامەنوس,530
9941,پشتیوان حەسەن,دهۆک,43,بازرگان,3352
9942,هەڵکەوت سۆران,هەڵەبجە,56,پارێزەر,2547
9943,شنۆ جاف,هەولێر,43,پارێزەر,762
9944,کۆسار مەحمود,هەڵەبجە,27,بازرگان,2606
9945,ڕێبین سۆران,سلێمانی,47,ژمێریار,2765
9946,ڕێبین گەرمیانی,کۆیە,46,ژمێریار,1613
9947,سۆزان سۆران,کۆیە,33,وێنەگر,3225
9948,هێمن گەرمیانی,کەرکووک,37,بازرگان,546
9949,ڕێبین گەرمیانی,سلێمانی,62,ژمێریار,1293
9950,تانیا بابان,سۆران,49,ژمێریار,600
9951,هەڵکەوت مەنگوڕی,ڕانیە,54,مامۆستا,592
9952,سۆران كەریم,هەڵەبجە,65,بازرگان,2286
9953,بەختیار بابان,هەولێر,39,پارێزەر,3040
9954,زانا عومەر,ڕانیە,29,ژمێریار,1492
9955,ژیان عوسمان,کۆیە,45,مامۆستا,2998
9956,زانا خۆشناو,هەڵەبجە,43,پزیشک,3363
9957,تانیا مەحمود,هەڵەبجە,32,مامۆستا,938
9958,لەنیا سەعيد,کەرکووک,23,ژمێریار,3493
9959,ڕێبین حەسەن,دهۆک,51,ڕۆژنامەنوس,2230
9960,هێمن مەنگوڕی,کەرکووک,52,مامۆستا,1970
9961,تانیا سەعيد,دهۆک,36,وێنەگر,3497
9962,ژینۆ عەبدوڵڵا,هەولێر,35,وێنەگر,621
9963,کاروان مەحمود,سلێمانی,31,پزیشک,2298
9964,ڕێبین بابان,کۆیە,39,پزیشک,2034
9965,ژیان سۆران,سۆران,20,وێنەگر,1825
9966,هەڵکەوت ئەحمەد,کەرکووک,42,وێنەگر,656
9967,سۆزان سەعيد,سلێمانی,31,مامۆستا,943
9968,سۆران عوسمان,سلێمانی,59,گەشەپێدەری سۆفتوێر,1915
9969,نیشتمان بابان,سۆران,62,پارێزەر,2255
9970,بەختیار مەنگوڕی,سۆران,62,ژمێریار,3178
9971,سۆزان جاف,هەڵەبجە,34,ژمێریار,2055
9972,سارا جاف,کۆیە,39,مامۆستا,2849
9973,هەڵکەوت مەنگوڕی,هەڵەبجە,44,دیزاینەر,1869
9974,تارا كەریم,کۆیە,44,بازرگان,2087
9975,ژیان سۆران,سلێمانی,21,ئەندازیار,1899
9976,پشتیوان جاف,کەرکووک,49,پارێزەر,2356
9977,هاوڕێ موكری,سلێمانی,32,بازرگان,2040
9978,سۆران بابان,هەولێر,47,پزیشک,3132
9979,لەنیا مەحمود,ڕانیە,53,ژمێریار,949
9980,هاوڕێ مەحمود,ڕانیە,22,بازرگان,1486
9981,لەنیا مەنگوڕی,هەولێر,22,گەشەپێدەری سۆفتوێر,3407
9982,بەختیار عوسمان,کۆیە,32,دیزاینەر,3430
9983,سارا خۆشناو,هەولێر,23,پزیشک,586
9984,ئاری جاف,سلێمانی,40,گەشەپێدەری سۆفتوێر,1525
9985,ڕێبین عوسمان,هەولێر,31,بازرگان,3267
9986,کوردستان قادر,دهۆک,38,بازرگان,1031
9987,بەختیار كەریم,هەڵەبجە,38,پزیشک,2268
9988,ژینۆ عومەر,کۆیە,45,وێنەگر,2882
9989,هاوڕێ جاف,سلێمانی,50,ئەندازیار,2833
9990,زانا عەبدوڵڵا,سۆران,49,دیزاینەر,1770
9991,سۆران سەعيد,ڕانیە,19,پارێزەر,3030
9992,هاوڕێ ئەحمەد,هەولێر,51,بازرگان,1351
9993,شێركۆ عەبدوڵڵا,کۆیە,38,پزیشک,750
9994,سارا مەنگوڕی,کەرکووک,42,پزیشک,3334
9995,ژیان مەنگوڕی,دهۆک,25,وێنەگر,2345
9996,ژیان سۆران,سلێمانی,29,گەشەپێدەری سۆفتوێر,3315
9997,پشتیوان بابان,دهۆک,41,وێنەگر,1217
9998,شێركۆ جاف,کۆیە,35,ئەندازیار,3312
9999,پشتیوان عوسمان,دهۆک,26,ڕۆژنامەنوس,741
10000,هەڵکەوت خۆشناو,کەرکووک,49,وێنەگر,2214
10001,تارا سۆران,هەڵەبجە,62,مامۆستا,1634
10002,شنۆ قادر,ڕانیە,41,دیزاینەر,544
10003,دیار عومەر,کۆیە,26,بازرگان,1452
10004,سۆران مەحمود,هەڵەبجە,39,بازرگان,945
10005,کوردستان سۆران,سلێمانی,58,ڕۆژنامەنوس,2726
10006,هێمن گەرمیانی,سۆران,29,مامۆستا,3482
10007,بەختیار عوسمان,کۆیە,27,ڕۆژنامەنوس,2107
10008,هێمن ئەحمەد,هەولێر,21,ڕۆژنامەنوس,546
10009,پشتیوان عوسمان,هەولێر,24,پارێزەر,799
10010,تانیا كەریم,هەولێر,41,مامۆستا,1841
10011,سارا كەریم,هەولێر,50,پارێزەر,3320
10012,کۆسار موكری,هەڵەبجە,19,ژمێریار,1090
10013,ژینۆ بابان,ڕانیە,65,پارێزەر,2016
10014,ژینۆ موكری,هەولێر,46,بازرگان,3235
10015,ژینۆ موكری,کۆیە,63,ژمێریار,2098
10016,ژینۆ عەبدوڵڵا,کەرکووک,18,وێنەگر,599
10017,هێمن كەریم,دهۆک,59,ئەندازیار,3223
10018,شێركۆ عوسمان,سۆران,57,پزیشک,1406
10019,سۆران ئەحمەد,سلێمانی,32,گەشەپێدەری سۆفتوێر,1101
10020,کاروان مەحمود,کەرکووک,25,بازرگان,2193
10021,کوردستان عەبدوڵڵا,دهۆک,22,مامۆستا,3177
10022,ڕێبین بابان,کۆیە,34,پارێزەر,2392
10023,پشتیوان عوسمان,دهۆک,56,دیزاینەر,3254
10024,دیار قادر,سلێمانی,62,ڕۆژنامەنوس,507
10025,لەنیا عومەر,سلێمانی,40,دیزاینەر,2437
10026,لەنیا عومەر,دهۆک,26,پارێزەر,2491
10027,سارا سۆران,هەولێر,54,بازرگان,2769
10028,کوردستان مەحمود,دهۆک,36,ئەندازیار,3297
10029,نیشتمان قادر,هەڵەبجە,33,دیزاینەر,977
10030,سارا خۆشناو,هەولێر,23,دیزاینەر,2727
10031,تانیا عەبدوڵڵا,سۆران,31,ڕۆژنامەنوس,3122
10032,ژیان كەریم,کۆیە,43,گەشەپێدەری سۆفتوێر,1759
10033,شێركۆ عەبدوڵڵا,کۆیە,48,بازرگان,944
10034,کوردستان كەریم,ڕانیە,22,وێنەگر,1329
10035,لەنیا قادر,سلێمانی,32,گەشەپێدەری سۆفتوێر,3028
10036,ژینۆ خۆشناو,هەولێر,52,مامۆستا,2335
10037,ژیان ئەحمەد,کەرکووک,48,ژمێریار,2829
10038,سارا حەسەن,دهۆک,42,پارێزەر,1214
10039,نیشتمان حەسەن,هەڵەبجە,37,مامۆستا,1599
10040,سۆران عوسمان,ڕانیە,57,دیزاینەر,601
10041,ژیان جاف,هەولێر,46,وێنەگر,638
10042,بەرزان كەریم,سۆران,32,پزیشک,3002
10043,زانا مەحمود,دهۆک,44,ڕۆژنامەنوس,1916
10044,سۆزان مەنگوڕی,سۆران,58,ئەندازیار,1434
10045,هاوڕێ ئەحمەد,ڕانیە,21,پارێزەر,1619
10046,کوردستان عومەر,سۆران,22,گەشەپێدەری سۆفتوێر,2158
10047,تانیا حەسەن,کەرکووک,23,بازرگان,1782
10048,کۆسار مەحمود,دهۆک,42,پارێزەر,2898
10049,شنۆ بابان,کۆیە,40,بازرگان,1517
10050,تارا عومەر,هەولێر,61,بازرگان,1316
10051,ژیان عومەر,هەڵەبجە,50,پارێزەر,3073
10052,لەنیا سەعيد,هەڵەبجە,35,پزیشک,758
10053,هەڵکەوت عومەر,دهۆک,55,ژمێریار,953
10054,ژینۆ سەعيد,هەولێر,57,ڕۆژنامەنوس,1688
10055,شێركۆ سۆران,هەولێر,34,ئەندازیار,2582
10056,کاروان عوسمان,سۆران,52,ڕۆژنامەنوس,2443
10057,شنۆ مەحمود,هەڵەبجە,24,گەشەپێدەری سۆفتوێر,2702
10058,ژیان قادر,هەولێر,21,دیزاینەر,2711
10059,هێمن موكری,هەڵەبجە,39,بازرگان,2800
10060,شێركۆ حەسەن,ڕانیە,18,وێنەگر,916
10061,نیشتمان سۆران,کەرکووک,54,پزیشک,3240
10062,کاروان عەبدوڵڵا,کەرکووک,30,بازرگان,3092
10063,هێمن حەسەن,هەولێر,51,بازرگان,1972
10064,تارا عەبدوڵڵا,هەڵەبجە,36,ژمێریار,863
10065,پشتیوان كەریم,کۆیە,19,پزیشک,2329
10066,نیشتمان عومەر,کەرکووک,62,وێنەگر,2456
10067,ژیان قادر,کەرکووک,51,گەشەپێدەری سۆفتوێر,3262
10068,نیشتمان جاف,کەرکووک,50,ڕۆژنامەنوس,541
10069,ڕێبین خۆشناو,هەولێر,38,گەشەپێدەری سۆفتوێر,1014
10070,بەختیار مەنگوڕی,هەڵەبجە,62,پارێزەر,1073
10071,شێركۆ سۆران,سلێمانی,36,پارێزەر,1257
10072,کاروان خۆشناو,کۆیە,57,مامۆستا,1446
10073,زانا جاف,سلێمانی,40,مامۆستا,3018
10074,تارا خۆشناو,سۆران,29,ژمێریار,2360
10075,کوردستان بابان,سلێمانی,26,پزیشک,523
10076,ئاری ئەحمەد,سۆران,48,پارێزەر,1798
10077,زانا سەعيد,هەولێر,52,پارێزەر,1976
10078,لەنیا موكری,کۆیە,54,بازرگان,1745
10079,کاروان عەبدوڵڵا,دهۆک,21,دیزاینەر,533
10080,هاوڕێ گەرمیانی,هەڵەبجە,38,دیزاینەر,1167
10081,دیار موكری,سلێمانی,39,بازرگان,1813
10082,ژینۆ مەنگوڕی,ڕانیە,44,پارێزەر,1569
10083,هاوڕێ مەنگوڕی,کەرکووک,25,پزیشک,2550
10084,ژیان كەریم,سلێمانی,39,مامۆستا,2811
10085,تانیا مەنگوڕی,دهۆک,43,پزیشک,2919
10086,ژیان سۆران,سلێمانی,21,دیزاینەر,2272
10087,لەنیا مەنگوڕی,دهۆک,24,پارێزەر,2868
10088,بەرزان خۆشناو,کۆیە,62,پارێزەر,2375
10089,کاروان سەعيد,ڕانیە,29,گەشەپێدەری سۆفتوێر,3492
10090,سۆران مەنگوڕی,کۆیە,35,گەشەپێدەری سۆفتوێر,3466
10091,سۆران سەعيد,دهۆک,49,ڕۆژنامەنوس,2823
10092,هاوڕێ عوسمان,کەرکووک,30,بازرگان,1424
10093,هێمن عەبدوڵڵا,دهۆک,46,ئەندازیار,3454
10094,پشتیوان قادر,هەڵەبجە,62,وێنەگر,976
10095,بەرزان حەسەن,کۆیە,27,دیزاینەر,1386
10096,هاوڕێ قادر,هەڵەبجە,20,ئەندازیار,1649
10097,ئاری عەبدوڵڵا,هەڵەبجە,60,ئەندازیار,2289
10098,ڕێبین گەرمیانی,سلێمانی,20,بازرگان,2446
10099,سارا خۆشناو,ڕانیە,21,گەشەپێدەری سۆفتوێر,935
10100,سارا عومەر,سۆران,40,ڕۆژنامەنوس,3479
10101,ڕێبین خۆشناو,هەولێر,53,بازرگان,3297
10102,شنۆ عەبدوڵڵا,کەرکووک,52,گەشەپێدەری سۆفتوێر,3161
10103,زانا سەعيد,هەولێر,42,ژمێریار,2584
10104,ڕێبین سەعيد,هەڵەبجە,45,دیزاینەر,2697
10105,بەختیار عوسمان,هەڵەبجە,56,گەشەپێدەری سۆفتوێر,807
10106,ژیان عوسمان,هەڵەبجە,51,پزیشک,661
10107,ژیان مەحمود,هەولێر,54,دیزاینەر,929
10108,سۆزان كەریم,کەرکووک,30,گەشەپێدەری سۆفتوێر,522
10109,کۆسار قادر,کەرکووک,56,ڕۆژنامەنوس,1772
10110,ئاری موكری,ڕانیە,53,پارێزەر,1687
10111,سارا گەرمیانی,هەڵەبجە,63,ڕۆژنامەنوس,1737
10112,بەختیار گەرمیانی,دهۆک,59,ڕۆژنامەنوس,2596
10113,سۆران ئەحمەد,دهۆک,62,گەشەپێدەری سۆفتوێر,2282
10114,ژینۆ ئەحمەد,سۆران,19,دیزاینەر,1270
10115,شنۆ كەریم,کۆیە,45,دیزاینەر,1051
10116,هێمن جاف,دهۆک,40,گەشەپێدەری سۆفتوێر,1077
10117,کاروان خۆشناو,کۆیە,32,وێنەگر,1831
10118,لەنیا عەبدوڵڵا,کۆیە,49,ژمێریار,2144
10119,هاوڕێ عوسمان,دهۆک,64,وێنەگر,3075
10120,شێركۆ موكری,ڕانیە,47,پزیشک,2664
10121,سۆزان عوسمان,ڕانیە,49,پزیشک,2020
10122,نیشتمان حەسەن,هەولێر,46,پارێزەر,969
10123,شێركۆ موكری,دهۆک,58,ئەندازیار,3063
10124,دیار سۆران,ڕانیە,36,پارێزەر,775
10125,هاوڕێ كەریم,ڕانیە,63,مامۆستا,2240
10126,کاروان بابان,دهۆک,40,ئەندازیار,1560
10127,کۆسار عوسمان,هەولێر,64,پزیشک,1949
10128,هەڵکەوت مەنگوڕی,هەولێر,40,وێنەگر,894
10129,شێركۆ خۆشناو,هەولێر,58,ژمێریار,1448
10130,هەڵکەوت جاف,ڕانیە,45,پارێزەر,1355
10131,تانیا خۆشناو,هەولێر,44,ژمێریار,2561
10132,نیشتمان خۆشناو,هەڵەبجە,30,پارێزەر,1853
10133,سۆزان عوسمان,کۆیە,23,دیزاینەر,1217
10134,بەرزان مەنگوڕی,ڕانیە,56,ژمێریار,3482
10135,تارا سۆران,سۆران,45,پارێزەر,567
10136,ژینۆ ئەحمەد,هەڵەبجە,36,پارێزەر,1269
10137,زانا عەبدوڵڵا,کۆیە,45,گەشەپێدەری سۆفتوێر,582
10138,لەنیا ئەحمەد,کەرکووک,28,پارێزەر,1211
10139,شنۆ بابان,سلێمانی,56,وێنەگر,2164
10140,بەرزان مەنگوڕی,کۆیە,47,ژمێریار,2677
10141,زانا حەسەن,سلێمانی,40,مامۆستا,2807
10142,بەرزان خۆشناو,دهۆک,35,مامۆستا,2655
10143,کاروان سۆران,سۆران,33,دیزاینەر,3114
10144,شنۆ قادر,کەرکووک,47,مامۆستا,2251
10145,شێركۆ قادر,هەڵەبجە,62,وێنەگر,1691
10146,تانیا كەریم,دهۆک,27,پزیشک,749
10147,دیار مەنگوڕی,سۆران,65,پزیشک,2513
10148,ژیان سەعيد,سۆران,26,وێنەگر,456
10149,بەرزان خۆشناو,دهۆک,65,ڕۆژنامەنوس,1734
10150,تارا عوسمان,هەڵەبجە,23,ژمێریار,2102
10151,هێمن قادر,کەرکووک,19,دیزاینەر,1304
10152,ژینۆ موكری,سۆران,42,ئەندازیار,445
10153,بەرزان موكری,ڕانیە,49,ژمێریار,500
10154,زانا خۆشناو,سلێمانی,35,پارێزەر,2693
10155,هێمن عوسمان,هەولێر,30,ژمێریار,1430
10156,هاوڕێ موكری,سلێمانی,21,ئەندازیار,2603
10157,سۆران سۆران,کۆیە,59,پزیشک,1498
10158,ژینۆ مەنگوڕی,ڕانیە,64,گەشەپێدەری سۆفتوێر,1848
10159,سارا ئەحمەد,ڕانیە,47,ڕۆژنامەنوس,757
10160,ژینۆ گەرمیانی,کەرکووک,22,ڕۆژنامەنوس,1969
10161,ژیان قادر,ڕانیە,23,گەشەپێدەری سۆفتوێر,2314
10162,ژیان حەسەن,هەولێر,63,پزیشک,798
10163,ژینۆ مەنگوڕی,کەرکووک,32,ژمێریار,3209
10164,سۆران عوسمان,سۆران,37,مامۆستا,2786
10165,زانا مەنگوڕی,سلێمانی,18,وێنەگر,1869
10166,زانا خۆشناو,هەڵەبجە,18,پزیشک,2482
10167,شنۆ مەنگوڕی,هەولێر,52,ڕۆژنامەنوس,2321
10168,هەڵکەوت عەبدوڵڵا,سلێمانی,48,مامۆستا,2234
10169,هێمن بابان,کۆیە,50,دیزاینەر,2243
10170,هاوڕێ موكری,سۆران,51,ژمێریار,668
10171,ژیان قادر,کەرکووک,32,ژمێریار,2442
10172,هەڵکەوت بابان,کەرکووک,24,ڕۆژنامەنوس,978
10173,ئاری سۆران,سۆران,22,ئەندازیار,1538
10174,زانا مەحمود,کۆیە,50,پزیشک,583
10175,تارا سەعيد,کۆیە,32,پارێزەر,992
10176,شێركۆ موكری,هەڵەبجە,46,دیزاینەر,3042
10177,هەڵکەوت سۆران,دهۆک,33,بازرگان,507
10178,تارا بابان,هەڵەبجە,18,گەشەپێدەری سۆفتوێر,729
10179,تارا جاف,هەڵەبجە,44,گەشەپێدەری سۆفتوێر,702
10180,پشتیوان عوسمان,سۆران,20,پارێزەر,2701
10181,سۆران كەریم,دهۆک,48,ژمێریار,1848
10182,زانا ئەحمەد,هەولێر,62,دیزاینەر,2704
10183,بەرزان عومەر,هەڵەبجە,38,پزیشک,2234
10184,هێمن موكری,سلێمانی,21,وێنەگر,3304
10185,کۆسار حەسەن,هەڵەبجە,65,گەشەپێدەری سۆفتوێر,1463
10186,کۆسار بابان,کەرکووک,19,مامۆستا,2218
10187,پشتیوان سەعيد,سۆران,22,ئەندازیار,1823
10188,هاوڕێ عوسمان,سۆران,60,پزیشک,1709
10189,کوردستان حەسەن,دهۆک,59,گەشەپێدەری سۆفتوێر,960
10190,لەنیا گەرمیانی,کەرکووک,59,ژمێریار,2387
10191,سۆزان كەریم,هەولێر,18,ژمێریار,1883
10192,زانا قادر,هەڵەبجە,19,پزیشک,1552
10193,سۆران مەحمود,سلێمانی,27,وێنەگر,1276
10194,سارا كەریم,ڕانیە,29,پارێزەر,2297
10195,کۆسار كەریم,ڕانیە,52,ئەندازیار,682
10196,شنۆ جاف,ڕانیە,56,پزیشک,592
10197,پشتیوان عەبدوڵڵا,سۆران,22,وێنەگر,532
10198,هێمن خۆشناو,دهۆک,63,پارێزەر,763
10199,تارا حەسەن,سۆران,44,ئەندازیار,757
10200,نیشتمان ئەحمەد,کۆیە,39,ڕۆژنامەنوس,2268
10201,دیار خۆشناو,هەولێر,46,ڕۆژنامەنوس,2767
10202,کۆسار مەنگوڕی,دهۆک,25,ئەندازیار,500
10203,هاوڕێ قادر,هەڵەبجە,59,مامۆستا,481
10204,کاروان عەبدوڵڵا,دهۆک,26,گەشەپێدەری سۆفتوێر,1768
10205,پشتیوان حەسەن,کەرکووک,61,وێنەگر,2906
10206,زانا مەنگوڕی,هەڵەبجە,18,وێنەگر,3033
10207,بەرزان جاف,هەڵەبجە,28,وێنەگر,2812
10208,نیشتمان گەرمیانی,هەڵەبجە,18,دیزاینەر,450
10209,کوردستان سۆران,سلێمانی,25,ڕۆژنامەنوس,3349
10210,نیشتمان عەبدوڵڵا,کۆیە,26,پزیشک,3475
10211,هەڵکەوت گەرمیانی,ڕانیە,52,بازرگان,3434
10212,زانا سۆران,دهۆک,49,پارێزەر,1089
10213,سۆزان حەسەن,سلێمانی,27,ڕۆژنامەنوس,2181
10214,کۆسار قادر,سۆران,44,ئەندازیار,2344
10215,زانا گەرمیانی,کۆیە,38,وێنەگر,871
10216,کوردستان قادر,کۆیە,45,وێنەگر,2170
10217,سارا مەحمود,ڕانیە,46,ئەندازیار,551
10218,کۆسار ئەحمەد,هەولێر,47,ڕۆژنامەنوس,1459
10219,تارا كەریم,هەولێر,20,وێنەگر,1437
10220,تانیا مەنگوڕی,سلێمانی,48,بازرگان,1051
10221,شێركۆ مەنگوڕی,دهۆک,25,گەشەپێدەری سۆفتوێر,1085
10222,لەنیا ئەحمەد,دهۆک,34,گەشەپێدەری سۆفتوێر,1922
10223,تارا خۆشناو,هەڵەبجە,36,ڕۆژنامەنوس,1758
10224,شنۆ سۆران,سلێمانی,39,ئەندازیار,2644
10225,سۆزان كەریم,کەرکووک,45,ژمێریار,2953
10226,شێركۆ بابان,سۆران,55,دیزاینەر,928
10227,کوردستان عوسمان,کۆیە,46,ڕۆژنامەنوس,3011
10228,ڕێبین عومەر,سۆران,62,گەشەپێدەری سۆفتوێر,1203
10229,ژیان مەنگوڕی,دهۆک,63,ئەندازیار,2670
10230,پشتیوان مەحمود,کەرکووک,40,ئەندازیار,2412
10231,ڕێبین گەرمیانی,ڕانیە,38,ڕۆژنامەنوس,530
10232,کاروان گەرمیانی,کەرکووک,51,بازرگان,3335
10233,ژیان كەریم,سۆران,56,پزیشک,3421
10234,ژینۆ جاف,کۆیە,40,مامۆستا,1527
10235,سارا حەسەن,دهۆک,47,دیزاینەر,3257
10236,هاوڕێ مەنگوڕی,هەڵەبجە,47,ژمێریار,462
10237,پشتیوان مەحمود,کەرکووک,50,بازرگان,2820
10238,بەرزان عومەر,هەڵەبجە,63,ژمێریار,1328
10239,کاروان موكری,کۆیە,54,ئەندازیار,3011
10240,شنۆ مەحمود,کۆیە,62,گەشەپێدەری سۆفتوێر,3282
10241,تارا موكری,هەولێر,22,مامۆستا,1450
10242,نیشتمان مەحمود,دهۆک,28,بازرگان,3190
10243,هێمن مەحمود,ڕانیە,51,مامۆستا,994
10244,کوردستان مەحمود,دهۆک,50,ڕۆژنامەنوس,899
10245,لەنیا مەنگوڕی,هەڵەبجە,23,گەشەپێدەری سۆفتوێر,3117
10246,لەنیا سۆران,هەڵەبجە,38,ژمێریار,2211
10247,تارا جاف,هەڵەبجە,49,پارێزەر,2370
10248,ژینۆ بابان,ڕانیە,52,مامۆستا,435
10249,زانا ئەحمەد,هەڵەبجە,48,پزیشک,2842
10250,شنۆ مەحمود,کەرکووک,60,پارێزەر,2013
10251,بەرزان حەسەن,سلێمانی,57,ڕۆژنامەنوس,2805
10252,هەڵکەوت بابان,هەڵەبجە,22,ڕۆژنامەنوس,1123
10253,دیار سۆران,سۆران,61,دیزاینەر,3022
10254,ئاری گەرمیانی,هەڵەبجە,25,پزیشک,3268
10255,سارا جاف,هەولێر,38,ڕۆژنامەنوس,2068
10256,لەنیا سەعيد,هەولێر,53,وێنەگر,2027
10257,شێركۆ بابان,هەڵەبجە,18,گەشەپێدەری سۆفتوێر,3213
10258,تانیا ئەحمەد,کەرکووک,29,ڕۆژنامەنوس,3071
10259,نیشتمان خۆشناو,سلێمانی,31,گەشەپێدەری سۆفتوێر,1279
10260,سۆزان خۆشناو,ڕانیە,39,ڕۆژنامەنوس,2193
10261,هەڵکەوت عومەر,دهۆک,31,ئەندازیار,971
10262,کوردستان جاف,کەرکووک,52,بازرگان,3460
10263,بەرزان مەنگوڕی,هەڵەبجە,53,گەشەپێدەری سۆفتوێر,2521
10264,ژیان گەرمیانی,هەڵەبجە,41,وێنەگر,791
10265,ژیان عومەر,سلێمانی,24,ئەندازیار,1312
10266,لەنیا عومەر,هەولێر,24,پزیشک,1824
10267,هێمن موكری,ڕانیە,46,دیزاینەر,2311
10268,تانیا ئەحمەد,ڕانیە,39,گەشەپێدەری سۆفتوێر,2001
10269,بەرزان عومەر,سۆران,59,ژمێریار,1913
10270,کوردستان بابان,کۆیە,39,ڕۆژنامەنوس,1128
10271,هاوڕێ جاف,هەڵەبجە,56,دیزاینەر,1177
10272,هاوڕێ گەرمیانی,ڕانیە,21,دیزاینەر,1208
10273,کوردستان جاف,ڕانیە,41,ژمێریار,1719
10274,شنۆ عوسمان,سلێمانی,64,مامۆستا,1929
10275,نیشتمان كەریم,سلێمانی,64,وێنەگر,2457
10276,کۆسار جاف,هەڵەبجە,46,مامۆستا,1698
10277,بەختیار حەسەن,دهۆک,51,دیزاینەر,1325
10278,ڕێبین مەحمود,سلێمانی,59,پزیشک,2647
10279,بەختیار ئەحمەد,هەولێر,18,مامۆستا,2237
10280,دیار عومەر,ڕانیە,36,گەشەپێدەری سۆفتوێر,632
10281,هێمن حەسەن,کۆیە,20,وێنەگر,1026
10282,کوردستان قادر,سۆران,34,بازرگان,2535
10283,ئاری موكری,کەرکووک,59,ڕۆژنامەنوس,1880
10284,ژیان عوسمان,سۆران,18,وێنەگر,1748
10285,بەختیار قادر,سۆران,36,وێنەگر,1390
10286,پشتیوان ئەحمەد,هەولێر,56,مامۆستا,845
10287,ڕێبین جاف,سلێمانی,19,ڕۆژنامەنوس,2347
10288,نیشتمان ئەحمەد,هەڵەبجە,18,وێنەگر,2933
10289,دیار خۆشناو,کۆیە,30,ئەندازیار,411
10290,سۆزان سۆران,کەرکووک,56,گەشەپێدەری سۆفتوێر,3275
10291,سۆران مەنگوڕی,هەولێر,54,بازرگان,1841
10292,شنۆ قادر,هەڵەبجە,28,پارێزەر,3211
10293,هەڵکەوت حەسەن,ڕانیە,41,پزیشک,1677
10294,لەنیا بابان,سلێمانی,29,دیزاینەر,2511
10295,ڕێبین جاف,سۆران,55,ئەندازیار,3334
10296,شێركۆ گەرمیانی,کەرکووک,53,ئەندازیار,2084
10297,هەڵکەوت مەحمود,کۆیە,27,وێنەگر,3310
10298,هەڵکەوت عومەر,دهۆک,36,ئەندازیار,2017
10299,تارا عوسمان,هەڵەبجە,48,ئەندازیار,1675
10300,شێركۆ مەحمود,دهۆک,34,ژمێریار,2209
10301,ژیان سۆران,سلێمانی,48,پارێزەر,2646
10302,لەنیا مەنگوڕی,هەولێر,64,پزیشک,2759
10303,ڕێبین سەعيد,هەڵەبجە,29,ئەندازیار,3496
10304,ژیان حەسەن,دهۆک,22,پزیشک,2970
10305,شنۆ عومەر,دهۆک,29,گەشەپێدەری سۆفتوێر,3457
10306,کاروان جاف,سۆران,32,ڕۆژنامەنوس,682
10307,کۆسار عوسمان,دهۆک,64,پارێزەر,3216
10308,کاروان مەنگوڕی,کۆیە,37,ئەندازیار,844
10309,ژینۆ عوسمان,کۆیە,46,مامۆستا,3056
10310,هاوڕێ جاف,سلێمانی,38,دیزاینەر,2541
10311,لەنیا ئەحمەد,کەرکووک,50,گەشەپێدەری سۆفتوێر,1503
10312,تارا عەبدوڵڵا,ڕانیە,56,بازرگان,1904
10313,شنۆ كەریم,ڕانیە,21,ڕۆژنامەنوس,3359
10314,ژیان قادر,ڕانیە,52,دیزاینەر,548
10315,تانیا مەحمود,کۆیە,49,ئەندازیار,1290
10316,ئاری مەحمود,کەرکووک,57,بازرگان,812
10317,هەڵکەوت جاف,دهۆک,49,دیزاینەر,2552
10318,شێركۆ موكری,کۆیە,28,ژمێریار,2027
10319,لەنیا مەنگوڕی,هەولێر,39,مامۆستا,1502
10320,ژینۆ عەبدوڵڵا,هەڵەبجە,25,ئەندازیار,2172
10321,بەختیار مەنگوڕی,دهۆک,65,وێنەگر,3270
10322,شنۆ مەنگوڕی,هەولێر,40,گەشەپێدەری سۆفتوێر,2840
10323,ژیان موكری,هەولێر,61,دیزاینەر,1865
10324,سۆزان مەحمود,هەولێر,57,گەشەپێدەری سۆفتوێر,1416
10325,بەرزان سۆران,سلێمانی,61,مامۆستا,423
10326,ژینۆ گەرمیانی,کەرکووک,39,مامۆستا,3459
10327,دیار عەبدوڵڵا,هەڵەبجە,27,ئەندازیار,424
10328,کوردستان موكری,کەرکووک,62,دیزاینەر,1964
10329,ژیان سەعيد,کۆیە,53,پزیشک,679
10330,تانیا عوسمان,سۆران,31,وێنەگر,2269
10331,هاوڕێ جاف,سۆران,48,پزیشک,995
10332,کۆسار سۆران,هەولێر,32,بازرگان,3049
10333,تانیا جاف,سۆران,39,پزیشک,2585
10334,سۆزان كەریم,سلێمانی,30,بازرگان,3254
10335,بەختیار جاف,دهۆک,54,بازرگان,558
10336,دیار عوسمان,سۆران,26,ژمێریار,3328
10337,پشتیوان سەعيد,هەولێر,65,مامۆستا,2142
10338,کۆسار قادر,ڕانیە,21,وێنەگر,3456
10339,سۆران ئەحمەد,دهۆک,46,ڕۆژنامەنوس,1131
10340,شنۆ بابان,سۆران,63,مامۆستا,2362
10341,تانیا حەسەن,دهۆک,27,مامۆستا,1402
10342,بەختیار بابان,سۆران,30,ڕۆژنامەنوس,1809
10343,زانا عومەر,هەڵەبجە,28,پزیشک,1122
10344,کاروان عومەر,سۆران,54,دیزاینەر,3307
10345,بەختیار گەرمیانی,ڕانیە,59,بازرگان,797
10346,هێمن حەسەن,هەولێر,20,ژمێریار,2224
10347,تارا قادر,کەرکووک,60,دیزاینەر,3176
10348,شێركۆ عومەر,سۆران,28,پزیشک,913
10349,هەڵکەوت حەسەن,هەڵەبجە,39,بازرگان,2834
10350,کوردستان سۆران,ڕانیە,59,ئەندازیار,2223
10351,نیشتمان خۆشناو,کۆیە,23,وێنەگر,3147
10352,ڕێبین گەرمیانی,هەڵەبجە,37,ژمێریار,1007
10353,کۆسار عەبدوڵڵا,هەولێر,23,بازرگان,3491
10354,پشتیوان سۆران,هەڵەبجە,49,بازرگان,743
10355,سۆزان سۆران,ڕانیە,36,بازرگان,1313
10356,کاروان عومەر,سلێمانی,19,ژمێریار,771
10357,هێمن موكری,سۆران,28,پارێزەر,3161
10358,سۆزان حەسەن,سۆران,39,دیزاینەر,590
10359,کاروان مەحمود,سۆران,42,مامۆستا,423
10360,ژیان حەسەن,هەولێر,22,بازرگان,2407
10361,سۆزان عومەر,هەڵەبجە,37,ئەندازیار,1231
10362,هاوڕێ سەعيد,کۆیە,32,پزیشک,2684
10363,هەڵکەوت خۆشناو,کۆیە,31,دیزاینەر,910
10364,ژیان قادر,هەولێر,41,بازرگان,839
10365,هاوڕێ خۆشناو,کۆیە,36,دیزاینەر,1926
10366,ئاری سۆران,هەڵەبجە,33,ڕۆژنامەنوس,2376
10367,تارا خۆشناو,هەولێر,64,ڕۆژنامەنوس,2899
10368,سۆزان سەعيد,ڕانیە,62,ئەندازیار,2699
10369,تانیا سەعيد,دهۆک,43,ژمێریار,3031
10370,هاوڕێ موكری,کەرکووک,45,ڕۆژنامەنوس,1450
10371,نیشتمان ئەحمەد,هەولێر,51,ڕۆژنامەنوس,1817
10372,هەڵکەوت كەریم,ڕانیە,22,ڕۆژنامەنوس,2913
10373,کوردستان سۆران,هەولێر,23,بازرگان,826
10374,ڕێبین گەرمیانی,سۆران,32,بازرگان,2995
10375,ڕێبین جاف,هەولێر,55,ئەندازیار,3316
10376,کوردستان بابان,سۆران,50,پارێزەر,2229
10377,هەڵکەوت عوسمان,سۆران,37,ڕۆژنامەنوس,3130
10378,کاروان گەرمیانی,سۆران,41,پزیشک,2205
10379,کۆسار مەحمود,ڕانیە,61,ژمێریار,2894
10380,پشتیوان سۆران,ڕانیە,31,گەشەپێدەری سۆفتوێر,3435
10381,کۆسار گەرمیانی,کۆیە,64,ژمێریار,2732
10382,ڕێبین موكری,سلێمانی,18,پارێزەر,2214
10383,ژینۆ قادر,سۆران,26,ئەندازیار,697
10384,کاروان كەریم,سلێمانی,18,گەشەپێدەری سۆفتوێر,3105
10385,هاوڕێ سەعيد,کۆیە,65,ژمێریار,2514
10386,شنۆ حەسەن,هەولێر,51,مامۆستا,1168
10387,کوردستان عومەر,دهۆک,21,وێنەگر,1527
10388,کۆسار حەسەن,هەولێر,24,وێنەگر,1631
10389,سارا موكری,ڕانیە,20,ڕۆژنامەنوس,2286
10390,لەنیا عومەر,دهۆک,61,ڕۆژنامەنوس,1589
10391,شێركۆ موكری,کەرکووک,19,پارێزەر,654
10392,هێمن كەریم,هەڵەبجە,33,ژمێریار,2087
10393,لەنیا بابان,هەولێر,34,پارێزەر,3154
10394,دیار عوسمان,ڕانیە,30,بازرگان,2351
10395,هەڵکەوت مەحمود,سۆران,65,دیزاینەر,2088
10396,کاروان گەرمیانی,ڕانیە,50,پزیشک,2532
10397,زانا سەعيد,ڕانیە,34,پارێزەر,1721
10398,سارا حەسەن,سلێمانی,64,ڕۆژنامەنوس,654
10399,هەڵکەوت قادر,سلێمانی,36,ڕۆژنامەنوس,933
10400,دیار مەحمود,سۆران,21,ڕۆژنامەنوس,1298
10401,ژینۆ مەنگوڕی,دهۆک,21,گەشەپێدەری سۆفتوێر,2577
10402,بەرزان عەبدوڵڵا,هەڵەبجە,20,مامۆستا,770
10403,سۆزان بابان,هەولێر,30,بازرگان,1109
10404,ژیان مەحمود,هەولێر,47,پارێزەر,1740
10405,پشتیوان قادر,دهۆک,65,بازرگان,3083
10406,ژیان كەریم,کۆیە,49,دیزاینەر,2585
10407,نیشتمان مەنگوڕی,ڕانیە,28,پزیشک,611
10408,سارا حەسەن,کەرکووک,26,ئەندازیار,3485
10409,ڕێبین عەبدوڵڵا,سۆران,59,ژمێریار,2183
10410,دیار سۆران,هەولێر,28,مامۆستا,864
10411,کۆسار گەرمیانی,هەولێر,35,مامۆستا,2177
10412,کوردستان مەحمود,دهۆک,57,پزیشک,3376
10413,کاروان مەحمود,کۆیە,64,دیزاینەر,3002
10414,سۆران جاف,دهۆک,25,پزیشک,2606
10415,سۆران كەریم,سۆران,24,ئەندازیار,2641
10416,پشتیوان عوسمان,سلێمانی,64,ژمێریار,482
10417,شێركۆ مەنگوڕی,کۆیە,48,پارێزەر,1933
10418,بەختیار موكری,سۆران,50,گەشەپێدەری سۆفتوێر,2114
10419,ڕێبین سۆران,کەرکووک,63,مامۆستا,1025
10420,شێركۆ خۆشناو,کۆیە,43,دیزاینەر,2216
10421,سۆزان عەبدوڵڵا,هەڵەبجە,65,پزیشک,1957
10422,هاوڕێ ئەحمەد,کەرکووک,63,ڕۆژنامەنوس,1018
10423,تانیا ئەحمەد,هەڵەبجە,32,ئەندازیار,413
10424,تارا كەریم,هەڵەبجە,23,وێنەگر,1711
10425,سۆزان موكری,هەڵەبجە,34,دیزاینەر,2208
10426,تانیا مەنگوڕی,دهۆک,52,وێنەگر,1388
10427,بەرزان خۆشناو,کۆیە,55,ئەندازیار,1186
10428,تارا قادر,دهۆک,21,ژمێریار,2078
10429,سۆزان قادر,دهۆک,58,ڕۆژنامەنوس,2137
10430,دیار موكری,دهۆک,31,گەشەپێدەری سۆفتوێر,3032
10431,دیار قادر,کۆیە,55,دیزاینەر,2118
10432,دیار ئەحمەد,کەرکووک,38,ئەندازیار,3282
10433,دیار مەنگوڕی,هەڵەبجە,56,پزیشک,2571
10434,هێمن بابان,کەرکووک,29,ئەندازیار,788
10435,ڕێبین ئەحمەد,هەولێر,36,بازرگان,3384
10436,کۆسار موكری,سۆران,50,ئەندازیار,1615
10437,هێمن موكری,ڕانیە,45,ڕۆژنامەنوس,3122
10438,سۆزان جاف,ڕانیە,31,ڕۆژنامەنوس,969
10439,سارا خۆشناو,کەرکووک,62,ژمێریار,2285
10440,سۆران سەعيد,کەرکووک,63,دیزاینەر,810
10441,دیار سۆران,هەولێر,28,بازرگان,2485
10442,ڕێبین ئەحمەد,هەولێر,32,مامۆستا,2842
10443,دیار خۆشناو,ڕانیە,49,دیزاینەر,2003
10444,سۆزان مەنگوڕی,ڕانیە,36,دیزاینەر,758
10445,کاروان عوسمان,هەولێر,37,دیزاینەر,876
10446,شێركۆ مەحمود,هەولێر,38,گەشەپێدەری سۆفتوێر,2151
10447,بەختیار گەرمیانی,کۆیە,60,ڕۆژنامەنوس,1735
10448,کوردستان خۆشناو,کەرکووک,62,وێنەگر,1828
10449,کاروان حەسەن,ڕانیە,32,پزیشک,1414
10450,ژیان مەنگوڕی,سۆران,49,پارێزەر,2969
10451,هاوڕێ گەرمیانی,کۆیە,29,ئەندازیار,621
10452,سۆران عوسمان,سلێمانی,35,ڕۆژنامەنوس,1626
10453,ژیان سۆران,سلێمانی,42,وێنەگر,1748
10454,تانیا عەبدوڵڵا,دهۆک,65,ڕۆژنامەنوس,2791
10455,تانیا عوسمان,سۆران,62,پزیشک,2943
10456,دیار كەریم,کۆیە,50,وێنەگر,422
10457,شێركۆ عوسمان,کەرکووک,34,ژمێریار,2109
10458,ژیان موكری,کەرکووک,46,وێنەگر,3061
10459,لەنیا عەبدوڵڵا,هەڵەبجە,62,ئەندازیار,1528
10460,شێركۆ ئەحمەد,سۆران,46,پارێزەر,2401
10461,ئاری عەبدوڵڵا,سۆران,52,وێنەگر,2258
10462,دیار بابان,سۆران,63,ژمێریار,1899
10463,تارا سۆران,کەرکووک,57,ئەندازیار,946
10464,سارا موكری,هەڵەبجە,38,ئەندازیار,3095
10465,شێركۆ مەحمود,کەرکووک,22,ئەندازیار,507
10466,پشتیوان عومەر,ڕانیە,28,گەشەپێدەری سۆفتوێر,2239
10467,کۆسار عوسمان,سۆران,59,ڕۆژنامەنوس,2824
10468,کۆسار خۆشناو,کۆیە,56,پزیشک,579
10469,تارا قادر,هەڵەبجە,30,ڕۆژنامەنوس,618
10470,تارا جاف,هەڵەبجە,43,ژمێریار,3426
10471,پشتیوان جاف,کەرکووک,48,بازرگان,1296
10472,هاوڕێ سۆران,سۆران,26,ئەندازیار,2468
10473,هەڵکەوت سەعيد,کەرکووک,64,وێنەگر,1671
10474,تارا عەبدوڵڵا,دهۆک,19,پزیشک,1399
10475,بەرزان سەعيد,کەرکووک,28,بازرگان,2648
10476,هێمن عەبدوڵڵا,کۆیە,61,پارێزەر,3452
10477,ژینۆ عومەر,کەرکووک,28,وێنەگر,1602
10478,کوردستان ئەحمەد,سۆران,50,وێنەگر,3390
10479,زانا سەعيد,سۆران,44,دیزاینەر,2056
10480,ژیان موكری,ڕانیە,52,ئەندازیار,2065
10481,لەنیا عەبدوڵڵا,هەولێر,31,دیزاینەر,1470
10482,هەڵکەوت گەرمیانی,سۆران,63,ژمێریار,3048
10483,تارا ئەحمەد,کەرکووک,60,پارێزەر,3396
10484,سارا قادر,هەولێر,53,پزیشک,875
10485,هەڵکەوت عوسمان,ڕانیە,59,وێنەگر,1967
10486,کاروان خۆشناو,دهۆک,62,ئەندازیار,2405
10487,ژینۆ جاف,دهۆک,48,ئەندازیار,1791
10488,دیار مەحمود,دهۆک,18,گەشەپێدەری سۆفتوێر,1459
10489,لەنیا گەرمیانی,هەڵەبجە,23,پارێزەر,3289
10490,کاروان سەعيد,ڕانیە,48,پارێزەر,3047
10491,کوردستان سۆران,هەولێر,25,پزیشک,2566
10492,کۆسار موكری,کۆیە,57,پارێزەر,1155
10493,هاوڕێ مەحمود,هەڵەبجە,52,مامۆستا,3007
10494,زانا حەسەن,کەرکووک,39,پارێزەر,2647
10495,تارا مەنگوڕی,کەرکووک,25,دیزاینەر,2491
10496,کاروان سۆران,کەرکووک,42,ئەندازیار,854
10497,پشتیوان سەعيد,کۆیە,23,پارێزەر,1114
10498,پشتیوان عوسمان,هەڵەبجە,56,پزیشک,557
10499,تانیا سەعيد,هەڵەبجە,48,ئەندازیار,1111
10500,تانیا مەنگوڕی,سلێمانی,55,وێنەگر,2380
10501,ئاری عوسمان,هەولێر,59,مامۆستا,1318
10502,ڕێبین عوسمان,هەڵەبجە,25,دیزاینەر,2851
10503,شێركۆ قادر,هەولێر,55,بازرگان,3400
10504,هێمن مەنگوڕی,کەرکووک,58,ژمێریار,2882
10505,دیار گەرمیانی,دهۆک,55,گەشەپێدەری سۆفتوێر,2060
10506,ژیان گەرمیانی,ڕانیە,43,دیزاینەر,3399
10507,دیار قادر,کۆیە,46,دیزاینەر,1226
10508,شنۆ جاف,سلێمانی,45,ژمێریار,3369
10509,ئاری كەریم,هەڵەبجە,47,پزیشک,3402
10510,ڕێبین مەنگوڕی,کەرکووک,65,پزیشک,2130
10511,دیار كەریم,سۆران,34,پارێزەر,1181
10512,کاروان عەبدوڵڵا,هەڵەبجە,35,دیزاینەر,2391
10513,بەرزان مەنگوڕی,هەڵەبجە,30,پارێزەر,3176
10514,لەنیا بابان,دهۆک,43,مامۆستا,1596
10515,تانیا قادر,سۆران,21,بازرگان,439
10516,تارا گەرمیانی,دهۆک,31,بازرگان,1332
10517,ئاری عوسمان,هەڵەبجە,46,بازرگان,1840
10518,کوردستان حەسەن,ڕانیە,53,پارێزەر,1662
10519,کۆسار ئەحمەد,سلێمانی,51,وێنەگر,1705
10520,نیشتمان جاف,سۆران,28,دیزاینەر,1136
10521,سۆزان عەبدوڵڵا,دهۆک,38,پزیشک,1074
10522,هێمن جاف,کەرکووک,41,ڕۆژنامەنوس,3475
10523,کوردستان موكری,ڕانیە,54,وێنەگر,3057
10524,کاروان عەبدوڵڵا,سۆران,29,ڕۆژنامەنوس,414
10525,لەنیا بابان,کەرکووک,64,مامۆستا,3184
10526,بەرزان بابان,سۆران,32,بازرگان,2862
10527,شنۆ سەعيد,دهۆک,42,پارێزەر,3227
10528,زانا سۆران,ڕانیە,45,وێنەگر,3384
10529,زانا ئەحمەد,هەڵەبجە,40,دیزاینەر,2883
10530,سۆران عەبدوڵڵا,دهۆک,19,دیزاینەر,1890
10531,شنۆ كەریم,سلێمانی,58,مامۆستا,2124
10532,ژیان عەبدوڵڵا,دهۆک,49,پزیشک,3360
10533,کاروان خۆشناو,دهۆک,63,گەشەپێدەری سۆفتوێر,2132
10534,ڕێبین مەنگوڕی,سلێمانی,18,ڕۆژنامەنوس,3062
10535,دیار موكری,سلێمانی,56,مامۆستا,3481
10536,ژینۆ سەعيد,کۆیە,21,مامۆستا,820
10537,هێمن كەریم,کەرکووک,58,ڕۆژنامەنوس,2374
10538,ڕێبین خۆشناو,سلێمانی,52,ڕۆژنامەنوس,1137
10539,شنۆ جاف,کەرکووک,22,بازرگان,1197
10540,کاروان سەعيد,ڕانیە,39,مامۆستا,3141
10541,کاروان حەسەن,ڕانیە,23,پارێزەر,672
10542,ژیان سۆران,کۆیە,23,گەشەپێدەری سۆفتوێر,2782
10543,پشتیوان جاف,کۆیە,54,بازرگان,1809
10544,زانا سۆران,هەولێر,20,پارێزەر,2926
10545,ژینۆ بابان,هەڵەبجە,53,بازرگان,456
10546,سۆزان سەعيد,کەرکووک,25,مامۆستا,558
10547,هاوڕێ حەسەن,هەولێر,56,ئەندازیار,1527
10548,سۆران سۆران,ڕانیە,62,ژمێریار,2506
10549,هاوڕێ خۆشناو,کەرکووک,64,ڕۆژنامەنوس,3167
10550,بەرزان موكری,کۆیە,25,پارێزەر,1072
10551,سۆران خۆشناو,دهۆک,31,بازرگان,881
10552,زانا مەحمود,هەڵەبجە,54,دیزاینەر,461
10553,ڕێبین سەعيد,هەولێر,63,مامۆستا,1558
10554,هاوڕێ عەبدوڵڵا,ڕانیە,55,ئەندازیار,1395
10555,هەڵکەوت عوسمان,ڕانیە,21,بازرگان,1111
10556,شنۆ عەبدوڵڵا,دهۆک,34,گەشەپێدەری سۆفتوێر,821
10557,کۆسار كەریم,سۆران,57,ئەندازیار,1236
10558,هەڵکەوت كەریم,سۆران,38,گەشەپێدەری سۆفتوێر,3399
10559,بەرزان ئەحمەد,ڕانیە,43,مامۆستا,2352
10560,ژیان جاف,ڕانیە,50,ئەندازیار,2389
10561,ڕێبین كەریم,هەولێر,32,ژمێریار,1880
10562,هەڵکەوت عومەر,سلێمانی,26,دیزاینەر,3252
10563,هێمن مەنگوڕی,ڕانیە,37,وێنەگر,1294
10564,ڕێبین حەسەن,هەڵەبجە,19,ئەندازیار,3167
10565,کوردستان موكری,سلێمانی,23,بازرگان,2265
10566,کوردستان ئەحمەد,کەرکووک,32,بازرگان,2212
10567,هاوڕێ جاف,دهۆک,60,ڕۆژنامەنوس,1955
10568,شێركۆ كەریم,کۆیە,43,ڕۆژنامەنوس,1845
10569,سارا سەعيد,هەڵەبجە,63,بازرگان,2916
10570,دیار كەریم,دهۆک,22,ئەندازیار,1255
10571,هاوڕێ ئەحمەد,کۆیە,27,پارێزەر,2202
10572,ژیان عەبدوڵڵا,سۆران,61,مامۆستا,840
10573,شنۆ موكری,سۆران,63,وێنەگر,3239
10574,زانا عومەر,سۆران,58,وێنەگر,3241
10575,سۆزان خۆشناو,کۆیە,63,پارێزەر,3285
10576,دیار موكری,سۆران,53,پزیشک,2353
10577,دیار موكری,کەرکووک,39,بازرگان,1148
10578,هێمن جاف,ڕانیە,25,ئەندازیار,3259
10579,شنۆ مەنگوڕی,دهۆک,59,گەشەپێدەری سۆفتوێر,3445
10580,ڕێبین عومەر,سۆران,24,وێنەگر,3091
10581,ژینۆ بابان,دهۆک,61,پارێزەر,2792
10582,ئاری ئەحمەد,ڕانیە,20,مامۆستا,923
10583,پشتیوان خۆشناو,کەرکووک,49,پزیشک,3260
10584,تارا جاف,دهۆک,24,ڕۆژنامەنوس,1706
10585,نیشتمان كەریم,کۆیە,22,گەشەپێدەری سۆفتوێر,1080
10586,کۆسار حەسەن,هەڵەبجە,34,ژمێریار,884
10587,سۆران ئەحمەد,سۆران,47,دیزاینەر,1590
10588,هێمن عومەر,هەڵەبجە,24,ڕۆژنامەنوس,501
10589,هەڵکەوت حەسەن,ڕانیە,33,ژمێریار,939
10590,سۆران قادر,هەڵەبجە,63,پزیشک,3271
10591,سۆزان ئەحمەد,دهۆک,25,ڕۆژنامەنوس,3086
10592,هێمن عەبدوڵڵا,سلێمانی,47,گەشەپێدەری سۆفتوێر,1898
10593,تانیا سەعيد,دهۆک,20,وێنەگر,868
10594,سارا سۆران,سۆران,32,وێنەگر,2951
10595,دیار ئەحمەد,هەڵەبجە,62,دیزاینەر,2460
10596,نیشتمان عوسمان,کەرکووک,24,ئەندازیار,3352
10597,بەرزان عومەر,هەولێر,18,پزیشک,3020
10598,سارا ئەحمەد,سۆران,51,دیزاینەر,2443
10599,پشتیوان سەعيد,ڕانیە,30,مامۆستا,2836
10600,زانا مەنگوڕی,هەولێر,26,ژمێریار,3247
10601,هەڵکەوت مەنگوڕی,کۆیە,19,دیزاینەر,541
10602,هێمن ئەحمەد,کەرکووک,43,وێنەگر,1669
10603,سارا بابان,دهۆک,21,ڕۆژنامەنوس,526
10604,هەڵکەوت مەنگوڕی,سلێمانی,39,مامۆستا,1920
10605,شنۆ موكری,دهۆک,42,بازرگان,1703
10606,بەرزان گەرمیانی,دهۆک,38,مامۆستا,1819
10607,کاروان سۆران,کەرکووک,37,گەشەپێدەری سۆفتوێر,1936
10608,نیشتمان جاف,دهۆک,21,ژمێریار,1143
10609,هاوڕێ جاف,کۆیە,20,ڕۆژنامەنوس,545
10610,تانیا گەرمیانی,سلێمانی,43,دیزاینەر,3401
10611,سۆران مەنگوڕی,هەڵەبجە,19,گەشەپێدەری سۆفتوێر,3493
10612,ئاری مەنگوڕی,سۆران,19,وێنەگر,1319
10613,کاروان عەبدوڵڵا,سۆران,41,گەشەپێدەری سۆفتوێر,2632
10614,کۆسار گەرمیانی,دهۆک,31,مامۆستا,2747
10615,کاروان حەسەن,سلێمانی,52,ژمێریار,2801
10616,شێركۆ عەبدوڵڵا,سۆران,19,ژمێریار,467
10617,هەڵکەوت مەحمود,کەرکووک,28,پارێزەر,2157
10618,پشتیوان عومەر,سۆران,39,مامۆستا,724
10619,ژیان سەعيد,ڕانیە,19,پارێزەر,945
10620,پشتیوان مەحمود,دهۆک,42,وێنەگر,2172
10621,ئاری جاف,هەڵەبجە,56,ئەندازیار,607
10622,کوردستان مەنگوڕی,کۆیە,54,بازرگان,2805
10623,تارا كەریم,سلێمانی,57,ڕۆژنامەنوس,966
10624,زانا سەعيد,دهۆک,49,ئەندازیار,1430
10625,سۆران عومەر,هەڵەبجە,26,ژمێریار,1007
10626,کاروان مەنگوڕی,کۆیە,51,ڕۆژنامەنوس,2517
10627,دیار بابان,هەولێر,46,ژمێریار,647
10628,هەڵکەوت جاف,سلێمانی,43,پارێزەر,2805
10629,زانا سۆران,هەڵەبجە,33,پزیشک,1682
10630,ژیان كەریم,سلێمانی,18,دیزاینەر,2105
10631,بەختیار گەرمیانی,کۆیە,39,ژمێریار,2903
10632,سۆران كەریم,سۆران,51,پارێزەر,2275
10633,تانیا مەنگوڕی,سلێمانی,52,مامۆستا,3160
10634,بەختیار مەحمود,هەڵەبجە,48,ئەندازیار,2778
10635,ئاری كەریم,سۆران,65,ژمێریار,2185
10636,سۆزان عەبدوڵڵا,دهۆک,18,دیزاینەر,2519
10637,هەڵکەوت عوسمان,کۆیە,42,پزیشک,401
10638,دیار گەرمیانی,سۆران,54,ڕۆژنامەنوس,1791
10639,سۆران سەعيد,سلێمانی,36,وێنەگر,667
10640,بەرزان كەریم,کۆیە,43,مامۆستا,1932
10641,ئاری قادر,سلێمانی,49,بازرگان,2481
10642,کۆسار گەرمیانی,هەڵەبجە,46,دیزاینەر,1702
10643,شێركۆ خۆشناو,ڕانیە,45,دیزاینەر,1191
10644,کوردستان بابان,هەولێر,27,دیزاینەر,3122
10645,تانیا بابان,سلێمانی,46,مامۆستا,889
10646,شنۆ جاف,کۆیە,28,بازرگان,2613
10647,زانا سۆران,ڕانیە,30,ئەندازیار,1921
10648,بەرزان قادر,سۆران,37,ڕۆژنامەنوس,1024
10649,سۆزان گەرمیانی,سۆران,62,پزیشک,730
10650,زانا ئەحمەد,هەولێر,44,دیزاینەر,3081
10651,بەختیار خۆشناو,هەڵەبجە,62,ڕۆژنامەنوس,821
10652,ڕێبین ئەحمەد,هەولێر,21,ئەندازیار,1468
10653,پشتیوان سەعيد,کەرکووک,43,بازرگان,524
10654,ڕێبین خۆشناو,ڕانیە,26,دیزاینەر,1607
10655,هاوڕێ خۆشناو,کەرکووک,58,پارێزەر,1625
10656,نیشتمان ئەحمەد,هەولێر,40,پزیشک,3278
10657,شنۆ ئەحمەد,کەرکووک,60,گەشەپێدەری سۆفتوێر,2497
10658,سارا مەنگوڕی,سۆران,24,پزیشک,1499
10659,ژینۆ بابان,سلێمانی,49,ڕۆژنامەنوس,1179
10660,دیار عوسمان,هەولێر,40,وێنەگر,1224
10661,ژینۆ مەحمود,کەرکووک,51,ڕۆژنامەنوس,3459
10662,شنۆ كەریم,دهۆک,25,ژمێریار,535
10663,تارا قادر,هەڵەبجە,47,پزیشک,3441
10664,تارا عوسمان,ڕانیە,65,پزیشک,1953
10665,بەرزان عوسمان,هەولێر,29,ئەندازیار,1076
10666,تانیا عوسمان,سلێمانی,25,پزیشک,583
10667,کاروان خۆشناو,کەرکووک,41,مامۆستا,1914
10668,بەختیار كەریم,هەڵەبجە,30,ئەندازیار,1527
10669,سارا جاف,هەولێر,59,ئەندازیار,3324
10670,پشتیوان سۆران,سۆران,24,ڕۆژنامەنوس,2768
10671,تارا خۆشناو,سۆران,47,دیزاینەر,1394
10672,هێمن ئەحمەد,دهۆک,46,ئەندازیار,1438
10673,کوردستان سەعيد,دهۆک,21,دیزاینەر,3143
10674,هاوڕێ مەنگوڕی,ڕانیە,30,ژمێریار,1112
10675,سارا عوسمان,سلێمانی,58,ڕۆژنامەنوس,482
10676,تانیا بابان,سۆران,54,بازرگان,1890
10677,تارا مەنگوڕی,کەرکووک,40,مامۆستا,2271
10678,هێمن بابان,سۆران,46,پزیشک,3044
10679,کۆسار گەرمیانی,هەڵەبجە,45,گەشەپێدەری سۆفتوێر,753
10680,دیار حەسەن,سلێمانی,61,ژمێریار,2164
10681,سارا سۆران,ڕانیە,50,ئەندازیار,1567
10682,شنۆ موكری,ڕانیە,59,پزیشک,1439
10683,ڕێبین جاف,دهۆک,22,گەشەپێدەری سۆفتوێر,2602
10684,هەڵکەوت عومەر,ڕانیە,63,وێنەگر,1661
10685,هەڵکەوت جاف,سۆران,59,ئەندازیار,2540
10686,زانا قادر,دهۆک,64,ژمێریار,2703
10687,زانا موكری,سلێمانی,22,دیزاینەر,2810
10688,زانا عومەر,کەرکووک,46,پزیشک,623
10689,هێمن كەریم,هەڵەبجە,41,بازرگان,1767
10690,پشتیوان موكری,کەرکووک,24,پارێزەر,1549
10691,پشتیوان موكری,هەولێر,64,مامۆستا,1142
10692,لەنیا كەریم,سلێمانی,31,ئەندازیار,761
10693,پشتیوان جاف,کەرکووک,43,ئەندازیار,1196
10694,سارا عومەر,هەولێر,64,گەشەپێدەری سۆفتوێر,3260
10695,کاروان سەعيد,دهۆک,30,پزیشک,2627
10696,شێركۆ موكری,کەرکووک,52,ئەندازیار,2323
10697,سارا قادر,دهۆک,50,وێنەگر,2055
10698,هێمن مەنگوڕی,دهۆک,46,گەشەپێدەری سۆفتوێر,1572
10699,هاوڕێ بابان,سلێمانی,53,مامۆستا,864
10700,ژینۆ عومەر,کۆیە,36,وێنەگر,2975
10701,شێركۆ ئەحمەد,کۆیە,39,ئەندازیار,1491
10702,بەرزان عومەر,کەرکووک,21,پارێزەر,2336
10703,کاروان عوسمان,دهۆک,37,مامۆستا,1063
10704,کاروان قادر,سۆران,44,گەشەپێدەری سۆفتوێر,3212
10705,هێمن عومەر,کۆیە,45,گەشەپێدەری سۆفتوێر,1180
10706,بەختیار گەرمیانی,سۆران,28,پارێزەر,852
10707,هاوڕێ قادر,کەرکووک,58,پارێزەر,1102
10708,تارا مەنگوڕی,سلێمانی,30,گەشەپێدەری سۆفتوێر,1612
10709,ڕێبین سەعيد,کەرکووک,37,وێنەگر,464
10710,هەڵکەوت عەبدوڵڵا,هەولێر,28,پزیشک,650
10711,سارا كەریم,سلێمانی,58,بازرگان,1819
10712,هەڵکەوت عومەر,سۆران,61,مامۆستا,2070
10713,ئاری بابان,کەرکووک,45,وێنەگر,1660
10714,کاروان خۆشناو,سۆران,61,وێنەگر,1769
10715,شێركۆ عەبدوڵڵا,دهۆک,40,ژمێریار,2506
10716,هێمن عوسمان,ڕانیە,33,ئەندازیار,690
10717,تانیا موكری,سۆران,65,مامۆستا,2292
10718,ڕێبین حەسەن,سۆران,61,گەشەپێدەری سۆفتوێر,791
10719,بەختیار سەعيد,کۆیە,38,ڕۆژنامەنوس,845
10720,ڕێبین عوسمان,هەڵەبجە,64,ڕۆژنامەنوس,2931
10721,لەنیا خۆشناو,کەرکووک,29,ڕۆژنامەنوس,1230
10722,زانا بابان,کەرکووک,49,پارێزەر,2159
10723,هاوڕێ سەعيد,هەڵەبجە,59,گەشەپێدەری سۆفتوێر,635
10724,هێمن موكری,کۆیە,20,گەشەپێدەری سۆفتوێر,1382
10725,تارا گەرمیانی,هەڵەبجە,39,وێنەگر,1323
10726,تانیا ئەحمەد,ڕانیە,49,گەشەپێدەری سۆفتوێر,3022
10727,کۆسار حەسەن,هەڵەبجە,19,وێنەگر,1608
10728,پشتیوان حەسەن,کۆیە,32,بازرگان,1409
10729,شێركۆ خۆشناو,هەڵەبجە,38,بازرگان,1769
10730,ژیان مەنگوڕی,کۆیە,58,بازرگان,831
10731,لەنیا سۆران,ڕانیە,37,پزیشک,412
10732,کوردستان كەریم,دهۆک,29,ژمێریار,726
10733,زانا موكری,ڕانیە,52,دیزاینەر,1883
10734,سۆران مەحمود,هەولێر,24,ئەندازیار,3125
10735,ڕێبین مەحمود,هەڵەبجە,29,مامۆستا,800
10736,هێمن بابان,سلێمانی,56,گەشەپێدەری سۆفتوێر,2161
10737,تانیا كەریم,کەرکووک,32,ڕۆژنامەنوس,2681
10738,کوردستان مەحمود,هەڵەبجە,30,ڕۆژنامەنوس,1058
10739,سۆران عەبدوڵڵا,هەڵەبجە,29,بازرگان,1447
10740,ڕێبین حەسەن,سلێمانی,23,پزیشک,703
10741,کۆسار مەحمود,کەرکووک,32,مامۆستا,2199
10742,ژیان عوسمان,کەرکووک,48,بازرگان,2710
10743,بەختیار مەنگوڕی,هەڵەبجە,34,ژمێریار,685
10744,سۆران خۆشناو,هەولێر,50,وێنەگر,2677
10745,پشتیوان ئەحمەد,کەرکووک,34,پارێزەر,1401
10746,دیار مەحمود,کەرکووک,19,وێنەگر,1885
10747,سۆران سۆران,سۆران,47,مامۆستا,2263
10748,سارا كەریم,سلێمانی,49,بازرگان,1476
10749,تانیا سەعيد,ڕانیە,35,مامۆستا,2037
10750,کاروان موكری,کۆیە,49,بازرگان,2717
10751,سارا خۆشناو,هەولێر,34,دیزاینەر,1734
10752,ژینۆ عەبدوڵڵا,ڕانیە,19,مامۆستا,949
10753,کوردستان بابان,کۆیە,19,گەشەپێدەری سۆفتوێر,3242
10754,تانیا ئەحمەد,دهۆک,24,ڕۆژنامەنوس,2720
10755,پشتیوان مەنگوڕی,هەڵەبجە,28,پارێزەر,3134
10756,هاوڕێ عوسمان,هەڵەبجە,30,وێنەگر,1946
10757,سۆزان عەبدوڵڵا,دهۆک,48,ژمێریار,2935
10758,ژینۆ مەنگوڕی,دهۆک,33,پزیشک,459
10759,ژینۆ مەحمود,سلێمانی,55,ئەندازیار,453
10760,ژینۆ ئەحمەد,ڕانیە,57,بازرگان,2184
10761,نیشتمان مەنگوڕی,دهۆک,63,ڕۆژنامەنوس,658
10762,شێركۆ خۆشناو,هەڵەبجە,60,پزیشک,3385
10763,پشتیوان خۆشناو,سۆران,50,ژمێریار,679
10764,ژینۆ بابان,هەولێر,49,ڕۆژنامەنوس,1925
10765,سۆزان قادر,هەڵەبجە,25,ڕۆژنامەنوس,401
10766,زانا مەحمود,سۆران,41,پارێزەر,785
10767,ڕێبین مەحمود,کەرکووک,48,بازرگان,2617
10768,پشتیوان جاف,سلێمانی,51,مامۆستا,1553
10769,تانیا مەنگوڕی,سلێمانی,28,وێنەگر,3055
10770,هێمن خۆشناو,هەولێر,19,مامۆستا,1162
10771,ژینۆ گەرمیانی,هەڵەبجە,63,ڕۆژنامەنوس,1773
10772,ژیان ئەحمەد,دهۆک,40,مامۆستا,602
10773,هەڵکەوت عومەر,کۆیە,42,ئەندازیار,2520
10774,نیشتمان مەحمود,سۆران,48,پزیشک,2633
10775,شنۆ جاف,دهۆک,54,بازرگان,3254
10776,ئاری خۆشناو,هەولێر,34,دیزاینەر,2967
10777,کۆسار ئەحمەد,سلێمانی,51,ژمێریار,724
10778,تانیا مەحمود,کەرکووک,57,دیزاینەر,1664
10779,ژیان سەعيد,دهۆک,45,ئەندازیار,2187
10780,هاوڕێ مەحمود,دهۆک,44,دیزاینەر,1034
10781,بەرزان كەریم,دهۆک,51,گەشەپێدەری سۆفتوێر,2441
10782,سۆزان كەریم,هەڵەبجە,60,پزیشک,1994
10783,ژیان سۆران,ڕانیە,36,دیزاینەر,3170
10784,بەختیار مەحمود,هەڵەبجە,60,وێنەگر,1193
10785,سارا موكری,هەڵەبجە,26,بازرگان,1289
10786,بەختیار كەریم,سلێمانی,43,مامۆستا,459
10787,هەڵکەوت قادر,هەولێر,21,گەشەپێدەری سۆفتوێر,1945
10788,کاروان كەریم,سۆران,63,ئەندازیار,2722
10789,پشتیوان ئەحمەد,هەڵەبجە,37,بازرگان,2856
10790,دیار موكری,هەڵەبجە,42,ئەندازیار,3038
10791,کوردستان موكری,ڕانیە,36,وێنەگر,2057
10792,کوردستان عومەر,سۆران,43,مامۆستا,1400
10793,تارا جاف,هەڵەبجە,35,بازرگان,1333
10794,ژیان كەریم,کەرکووک,23,مامۆستا,2410
10795,تانیا قادر,دهۆک,18,ژمێریار,1144
10796,هاوڕێ خۆشناو,کەرکووک,18,دیزاینەر,1649
10797,سۆزان جاف,دهۆک,60,گەشەپێدەری سۆفتوێر,729
10798,ئاری مەحمود,کەرکووک,50,ژمێریار,723
10799,هەڵکەوت عەبدوڵڵا,کۆیە,32,ڕۆژنامەنوس,2132
10800,بەرزان عومەر,سلێمانی,34,ڕۆژنامەنوس,1083
10801,پشتیوان عوسمان,ڕانیە,60,پارێزەر,2559
10802,ڕێبین حەسەن,هەولێر,34,پزیشک,2396
10803,بەختیار مەنگوڕی,کۆیە,28,دیزاینەر,2852
10804,شنۆ مەنگوڕی,هەڵەبجە,44,گەشەپێدەری سۆفتوێر,2768
10805,کۆسار ئەحمەد,هەولێر,29,مامۆستا,2416
10806,ڕێبین مەنگوڕی,کۆیە,29,مامۆستا,2380
10807,تارا قادر,ڕانیە,19,مامۆستا,2860
10808,شێركۆ كەریم,هەولێر,29,پزیشک,719
10809,کۆسار بابان,سلێمانی,65,ڕۆژنامەنوس,1678
10810,هاوڕێ گەرمیانی,کەرکووک,62,پزیشک,2188
10811,پشتیوان موكری,سۆران,56,دیزاینەر,2185
10812,هێمن مەحمود,کەرکووک,20,بازرگان,1707
10813,هێمن حەسەن,سۆران,46,ژمێریار,2584
10814,تارا بابان,کەرکووک,37,ژمێریار,2828
10815,تانیا قادر,سۆران,23,ژمێریار,1636
10816,تانیا جاف,دهۆک,46,گەشەپێدەری سۆفتوێر,3472
10817,بەرزان بابان,کەرکووک,19,دیزاینەر,1271
10818,بەرزان قادر,سۆران,33,ڕۆژنامەنوس,2450
10819,کوردستان سەعيد,کەرکووک,61,ڕۆژنامەنوس,964
10820,لەنیا ئەحمەد,دهۆک,19,ڕۆژنامەنوس,3402
10821,کوردستان حەسەن,دهۆک,62,ڕۆژنامەنوس,802
10822,شێركۆ عومەر,هەڵەبجە,48,بازرگان,3227
10823,دیار عوسمان,کەرکووک,63,وێنەگر,841
10824,هێمن سۆران,سۆران,37,دیزاینەر,3161
10825,سارا سەعيد,ڕانیە,25,وێنەگر,1710
10826,هەڵکەوت گەرمیانی,سۆران,64,پارێزەر,1212
10827,سارا بابان,سۆران,61,ژمێریار,1209
10828,هاوڕێ بابان,هەڵەبجە,42,ژمێریار,3447
10829,کوردستان موكری,کەرکووک,38,گەشەپێدەری سۆفتوێر,1517
10830,کاروان ئەحمەد,کەرکووک,44,پزیشک,2332
10831,هەڵکەوت خۆشناو,هەڵەبجە,51,ڕۆژنامەنوس,2599
10832,سۆران قادر,کۆیە,37,بازرگان,2988
10833,لەنیا موكری,هەولێر,23,پارێزەر,652
10834,نیشتمان مەنگوڕی,هەولێر,18,پارێزەر,2825
10835,ژیان گەرمیانی,سلێمانی,46,وێنەگر,446
10836,ئاری عەبدوڵڵا,هەڵەبجە,43,مامۆستا,3378
10837,بەرزان جاف,سلێمانی,39,ڕۆژنامەنوس,3453
10838,بەختیار بابان,دهۆک,65,ژمێریار,1403
10839,بەختیار گەرمیانی,سلێمانی,33,پارێزەر,2395
10840,هەڵکەوت عەبدوڵڵا,کەرکووک,55,ژمێریار,1053
10841,سۆران خۆشناو,سلێمانی,40,ڕۆژنامەنوس,1619
10842,پشتیوان جاف,هەڵەبجە,42,پزیشک,2665
10843,ژینۆ عەبدوڵڵا,سلێمانی,31,وێنەگر,566
10844,کاروان مەنگوڕی,سۆران,44,وێنەگر,1654
10845,ژینۆ قادر,سۆران,39,دیزاینەر,3495
10846,لەنیا عومەر,کۆیە,40,دیزاینەر,857
10847,لەنیا قادر,سلێمانی,61,ئەندازیار,2067
10848,کوردستان قادر,ڕانیە,46,پزیشک,491
10849,کوردستان مەحمود,دهۆک,25,بازرگان,3168
10850,کاروان بابان,هەولێر,61,ئەندازیار,1117
10851,تانیا حەسەن,سۆران,28,مامۆستا,3371
10852,ڕێبین بابان,ڕانیە,36,پزیشک,2315
10853,کوردستان قادر,کۆیە,24,پارێزەر,2755
10854,شێركۆ عوسمان,کۆیە,47,پارێزەر,2983
10855,نیشتمان عوسمان,هەولێر,18,پزیشک,534
10856,هاوڕێ سەعيد,کۆیە,36,پارێزەر,2058
10857,شێركۆ عوسمان,سۆران,60,وێنەگر,499
10858,ڕێبین حەسەن,سلێمانی,28,دیزاینەر,1668
10859,بەختیار ئەحمەد,ڕانیە,20,دیزاینەر,3196
10860,بەرزان بابان,کۆیە,45,بازرگان,1627
10861,کۆسار موكری,ڕانیە,42,مامۆستا,912
10862,پشتیوان مەنگوڕی,سلێمانی,40,بازرگان,911
10863,هاوڕێ ئەحمەد,دهۆک,43,بازرگان,2592
10864,ڕێبین موكری,کەرکووک,23,گەشەپێدەری سۆفتوێر,1383
10865,هێمن مەنگوڕی,هەڵەبجە,63,ڕۆژنامەنوس,3287
10866,دیار جاف,هەولێر,39,ڕۆژنامەنوس,3375
10867,هاوڕێ سەعيد,هەولێر,41,دیزاینەر,1817
10868,هەڵکەوت سۆران,کەرکووک,48,گەشەپێدەری سۆفتوێر,413
10869,ئاری ئەحمەد,دهۆک,64,مامۆستا,806
10870,ڕێبین مەحمود,سلێمانی,51,ڕۆژنامەنوس,1136
10871,سارا بابان,کۆیە,40,پارێزەر,913
10872,تارا مەنگوڕی,هەولێر,57,گەشەپێدەری سۆفتوێر,2482
10873,سۆزان قادر,هەڵەبجە,59,ئەندازیار,708
10874,لەنیا مەحمود,سلێمانی,30,پزیشک,2674
10875,دیار مەنگوڕی,سلێمانی,55,دیزاینەر,2833
10876,تانیا ئەحمەد,سلێمانی,54,ڕۆژنامەنوس,2571
10877,زانا گەرمیانی,هەڵەبجە,65,ژمێریار,3175
10878,ژیان حەسەن,ڕانیە,20,بازرگان,2430
10879,کۆسار ئەحمەد,کەرکووک,31,ژمێریار,1332
10880,هاوڕێ عومەر,کەرکووک,24,پزیشک,1655
10881,سۆزان گەرمیانی,هەولێر,53,ژمێریار,751
10882,شنۆ موكری,سلێمانی,29,پارێزەر,1524
10883,ئاری حەسەن,سلێمانی,61,وێنەگر,2073
10884,سۆزان عومەر,هەڵەبجە,53,گەشەپێدەری سۆفتوێر,2282
10885,کاروان حەسەن,ڕانیە,21,بازرگان,915
10886,کوردستان عومەر,سۆران,39,پارێزەر,2143
10887,نیشتمان بابان,هەڵەبجە,37,پزیشک,2543
10888,تانیا سەعيد,هەولێر,53,وێنەگر,1653
10889,شنۆ حەسەن,کۆیە,42,ئەندازیار,2576
10890,پشتیوان سەعيد,ڕانیە,36,گەشەپێدەری سۆفتوێر,1847
10891,زانا كەریم,دهۆک,20,مامۆستا,1630
10892,ژینۆ قادر,ڕانیە,27,بازرگان,1408
10893,بەختیار خۆشناو,دهۆک,50,دیزاینەر,1093
10894,ڕێبین خۆشناو,هەڵەبجە,64,مامۆستا,607
10895,تارا مەنگوڕی,سلێمانی,61,گەشەپێدەری سۆفتوێر,2910
10896,هاوڕێ عومەر,دهۆک,20,مامۆستا,1320
10897,لەنیا كەریم,ڕانیە,25,بازرگان,572
10898,بەختیار گەرمیانی,هەولێر,51,بازرگان,1116
10899,هاوڕێ گەرمیانی,کەرکووک,28,بازرگان,3343
10900,هاوڕێ عومەر,کۆیە,24,دیزاینەر,2339
10901,کاروان جاف,هەڵەبجە,38,دیزاینەر,2341
10902,کۆسار كەریم,هەولێر,62,وێنەگر,1739
10903,سۆران حەسەن,ڕانیە,49,ژمێریار,2006
10904,تارا حەسەن,دهۆک,28,پارێزەر,1834
10905,تانیا سۆران,ڕانیە,51,ئەندازیار,3447
10906,سۆزان عومەر,سلێمانی,44,بازرگان,2005
10907,نیشتمان خۆشناو,سۆران,64,وێنەگر,1601
10908,بەختیار گەرمیانی,کەرکووک,30,مامۆستا,3268
10909,دیار مەنگوڕی,کۆیە,22,ژمێریار,1029
10910,سۆران گەرمیانی,سۆران,19,گەشەپێدەری سۆفتوێر,3039
10911,کوردستان مەحمود,سۆران,39,گەشەپێدەری سۆفتوێر,2668
10912,هاوڕێ كەریم,هەولێر,25,مامۆستا,2052
10913,سۆزان خۆشناو,هەڵەبجە,20,پزیشک,1289
10914,سارا سەعيد,هەڵەبجە,57,بازرگان,580
10915,پشتیوان بابان,کەرکووک,65,ڕۆژنامەنوس,547
10916,بەختیار مەنگوڕی,هەولێر,25,وێنەگر,2886
10917,تارا سەعيد,سلێمانی,57,ئەندازیار,3162
10918,بەختیار عومەر,هەولێر,35,ژمێریار,3209
10919,هێمن موكری,کۆیە,52,وێنەگر,2097
10920,سارا حەسەن,هەولێر,23,ڕۆژنامەنوس,1682
10921,دیار عوسمان,هەولێر,22,ژمێریار,2192
10922,شنۆ خۆشناو,دهۆک,59,مامۆستا,1394
10923,کوردستان سەعيد,هەڵەبجە,59,ژمێریار,2331
10924,کاروان ئەحمەد,کەرکووک,48,پارێزەر,2148
10925,کوردستان سەعيد,دهۆک,32,وێنەگر,722
10926,تارا جاف,کەرکووک,27,وێنەگر,2674
10927,دیار گەرمیانی,کۆیە,38,گەشەپێدەری سۆفتوێر,535
10928,تانیا جاف,کەرکووک,54,گەشەپێدەری سۆفتوێر,3053
10929,بەرزان ئەحمەد,هەڵەبجە,36,پارێزەر,2596
10930,تانیا عەبدوڵڵا,سۆران,57,وێنەگر,624
10931,دیار خۆشناو,سۆران,23,ئەندازیار,1620
10932,سۆزان عومەر,هەولێر,56,ئەندازیار,2520
10933,شنۆ بابان,ڕانیە,27,وێنەگر,1607
10934,لەنیا عەبدوڵڵا,کەرکووک,49,پزیشک,2645
10935,بەختیار كەریم,هەولێر,61,پزیشک,876
10936,ئاری بابان,سۆران,61,ڕۆژنامەنوس,1650
10937,زانا حەسەن,ڕانیە,20,گەشەپێدەری سۆفتوێر,1875
10938,هێمن سۆران,هەولێر,63,پارێزەر,1734
10939,سۆزان مەنگوڕی,هەڵەبجە,51,مامۆستا,949
10940,هێمن بابان,ڕانیە,62,ژمێریار,3071
10941,ئاری كەریم,سلێمانی,40,پارێزەر,3213
10942,بەرزان حەسەن,دهۆک,60,بازرگان,2840
10943,تانیا عوسمان,دهۆک,59,گەشەپێدەری سۆفتوێر,2987
10944,کۆسار بابان,هەولێر,51,گەشەپێدەری سۆفتوێر,1966
10945,تارا سەعيد,هەولێر,18,گەشەپێدەری سۆفتوێر,1469
10946,سۆران مەحمود,سۆران,34,گەشەپێدەری سۆفتوێر,2320
10947,هەڵکەوت عوسمان,هەڵەبجە,28,ئەندازیار,2608
10948,زانا عەبدوڵڵا,سلێمانی,18,ئەندازیار,2081
10949,شنۆ ئەحمەد,سلێمانی,32,ژمێریار,1813
10950,تارا عوسمان,دهۆک,19,وێنەگر,526
10951,تارا عوسمان,کۆیە,55,پزیشک,2459
10952,بەرزان مەنگوڕی,هەولێر,39,ڕۆژنامەنوس,1980
10953,کاروان سەعيد,کۆیە,58,گەشەپێدەری سۆفتوێر,1273
10954,ژیان كەریم,ڕانیە,41,بازرگان,3470
10955,هەڵکەوت كەریم,کەرکووک,18,بازرگان,1482
10956,بەرزان گەرمیانی,سلێمانی,61,مامۆستا,2930
10957,بەختیار مەحمود,هەڵەبجە,24,دیزاینەر,3281
10958,ئاری عوسمان,هەولێر,60,بازرگان,1156
10959,ژینۆ مەحمود,ڕانیە,62,ئەندازیار,1779
10960,شنۆ خۆشناو,دهۆک,60,مامۆستا,2864
10961,ئاری عەبدوڵڵا,هەولێر,42,وێنەگر,3036
10962,هێمن خۆشناو,سلێمانی,32,گەشەپێدەری سۆفتوێر,835
10963,لەنیا بابان,هەولێر,51,گەشەپێدەری سۆفتوێر,2894
10964,زانا خۆشناو,کەرکووک,45,پزیشک,1523
10965,بەرزان بابان,دهۆک,62,گەشەپێدەری سۆفتوێر,2578
10966,سۆران سەعيد,سلێمانی,61,گەشەپێدەری سۆفتوێر,1267
10967,بەرزان موكری,کۆیە,48,بازرگان,1938
10968,زانا مەحمود,هەولێر,21,گەشەپێدەری سۆفتوێر,3121
10969,کۆسار مەحمود,هەولێر,23,وێنەگر,3325
10970,ڕێبین كەریم,هەولێر,49,ئەندازیار,2293
10971,پشتیوان عەبدوڵڵا,کەرکووک,55,وێنەگر,1833
10972,کوردستان عوسمان,سۆران,42,ڕۆژنامەنوس,2374
10973,هێمن ئەحمەد,سلێمانی,35,مامۆستا,580
10974,دیار عومەر,ڕانیە,24,ئەندازیار,3189
10975,لەنیا بابان,سلێمانی,18,ئەندازیار,1514
10976,سۆران بابان,سلێمانی,30,گەشەپێدەری سۆفتوێر,1906
10977,سارا كەریم,دهۆک,53,دیزاینەر,2606
10978,نیشتمان خۆشناو,هەڵەبجە,48,مامۆستا,1757
10979,هێمن كەریم,ڕانیە,53,ڕۆژنامەنوس,1952
10980,ژیان گەرمیانی,کەرکووک,53,بازرگان,1043
10981,تانیا قادر,سلێمانی,64,وێنەگر,1020
10982,سۆران عەبدوڵڵا,سلێمانی,38,بازرگان,1679
10983,ژینۆ عومەر,سلێمانی,34,مامۆستا,1749
10984,ڕێبین جاف,ڕانیە,48,ڕۆژنامەنوس,1429
10985,سۆران خۆشناو,دهۆک,24,دیزاینەر,544
10986,سارا قادر,سۆران,41,پزیشک,1842
10987,سۆران جاف,کۆیە,46,مامۆستا,971
10988,کاروان قادر,کۆیە,40,مامۆستا,666
10989,کوردستان عەبدوڵڵا,سلێمانی,64,گەشەپێدەری سۆفتوێر,3133
10990,پشتیوان عومەر,ڕانیە,48,دیزاینەر,925
10991,ژینۆ عومەر,ڕانیە,26,ڕۆژنامەنوس,2043
10992,سۆزان ئەحمەد,کۆیە,57,مامۆستا,2700
10993,بەختیار عوسمان,سۆران,64,پزیشک,1433
10994,شێركۆ بابان,سلێمانی,58,گەشەپێدەری سۆفتوێر,678
10995,کاروان قادر,هەڵەبجە,46,گەشەپێدەری سۆفتوێر,2372
10996,پشتیوان موكری,کەرکووک,25,وێنەگر,585
10997,نیشتمان مەنگوڕی,هەولێر,30,دیزاینەر,3348
10998,هاوڕێ ئەحمەد,ڕانیە,35,وێنەگر,3220
10999,شنۆ حەسەن,سۆران,28,پارێزەر,950
11000,کۆسار گەرمیانی,هەولێر,55,بازرگان,1711
11001,بەرزان مەحمود,کۆیە,65,ژمێریار,1890
11002,تانیا سەعيد,کەرکووک,54,دیزاینەر,2273
11003,ئاری عەبدوڵڵا,ڕانیە,49,ڕۆژنامەنوس,1668
11004,لەنیا بابان,سۆران,27,وێنەگر,1460
11005,شنۆ عوسمان,سۆران,23,ڕۆژنامەنوس,3002
11006,کوردستان خۆشناو,سلێمانی,63,ئەندازیار,2658
11007,سۆران كەریم,دهۆک,49,وێنەگر,1237
11008,پشتیوان قادر,سلێمانی,59,وێنەگر,1060
11009,شنۆ مەنگوڕی,کۆیە,48,ئەندازیار,879
11010,شنۆ خۆشناو,دهۆک,53,بازرگان,2446
11011,هاوڕێ عومەر,دهۆک,45,وێنەگر,1354
11012,شێركۆ خۆشناو,کۆیە,43,وێنەگر,932
11013,بەختیار جاف,ڕانیە,18,مامۆستا,1679
11014,پشتیوان ئەحمەد,سۆران,24,وێنەگر,2951
11015,زانا جاف,کۆیە,18,مامۆستا,1719
11016,هاوڕێ خۆشناو,کۆیە,57,گەشەپێدەری سۆفتوێر,2620
11017,لەنیا ئەحمەد,ڕانیە,61,دیزاینەر,2043
11018,ژیان عەبدوڵڵا,هەڵەبجە,29,ڕۆژنامەنوس,1878
11019,پشتیوان جاف,کەرکووک,62,ئەندازیار,1132
11020,ژیان كەریم,هەڵەبجە,28,پزیشک,457
11021,شێركۆ قادر,دهۆک,62,ژمێریار,1316
11022,دیار خۆشناو,سلێمانی,28,ڕۆژنامەنوس,2272
11023,پشتیوان حەسەن,دهۆک,36,ئەندازیار,786
11024,ژینۆ سۆران,دهۆک,38,بازرگان,641
11025,نیشتمان ئەحمەد,کەرکووک,24,پزیشک,2706
11026,نیشتمان مەنگوڕی,ڕانیە,24,پزیشک,1084
11027,ڕێبین كەریم,هەولێر,29,پزیشک,1437
11028,هێمن گەرمیانی,هەڵەبجە,59,ئەندازیار,1809
11029,سارا عومەر,هەولێر,35,پارێزەر,2512
11030,ژینۆ سۆران,هەولێر,26,پزیشک,2568
11031,زانا قادر,کەرکووک,41,وێنەگر,1364
11032,کوردستان عەبدوڵڵا,کۆیە,39,دیزاینەر,1033
11033,سۆزان عومەر,سلێمانی,32,ئەندازیار,3143
11034,سۆزان عوسمان,سۆران,28,پزیشک,841
11035,هاوڕێ جاف,کۆیە,50,وێنەگر,2949
11036,سۆران ئەحمەد,سۆران,46,ژمێریار,689
11037,کاروان مەنگوڕی,ڕانیە,31,گەشەپێدەری سۆفتوێر,2641
11038,زانا جاف,کەرکووک,55,پارێزەر,3083
11039,سۆزان كەریم,دهۆک,49,دیزاینەر,2674
11040,شێركۆ خۆشناو,ڕانیە,64,بازرگان,2885
11041,شنۆ بابان,سۆران,52,مامۆستا,2608
11042,سۆزان ئەحمەد,هەڵەبجە,20,دیزاینەر,3062
11043,کوردستان جاف,سۆران,44,ئەندازیار,3095
11044,شێركۆ سەعيد,ڕانیە,29,دیزاینەر,2623
11045,تانیا سەعيد,سلێمانی,23,بازرگان,2119
11046,کاروان حەسەن,هەڵەبجە,43,ژمێریار,2051
11047,هاوڕێ ئەحمەد,کەرکووک,58,دیزاینەر,1428
11048,کاروان عوسمان,دهۆک,56,ئەندازیار,821
11049,هاوڕێ عومەر,کۆیە,20,ژمێریار,2050
11050,نیشتمان جاف,کەرکووک,56,وێنەگر,1400
11051,تانیا عوسمان,هەولێر,21,ڕۆژنامەنوس,446
11052,ژینۆ كەریم,سلێمانی,44,ڕۆژنامەنوس,1097
11053,شێركۆ عومەر,ڕانیە,63,پزیشک,2252
11054,هێمن جاف,کۆیە,37,بازرگان,724
11055,کوردستان عومەر,کۆیە,51,مامۆستا,617
11056,هێمن مەحمود,کۆیە,46,مامۆستا,1172
11057,شێركۆ مەحمود,کەرکووک,38,ڕۆژنامەنوس,3464
11058,نیشتمان عومەر,کۆیە,46,وێنەگر,1760
11059,ژیان گەرمیانی,کۆیە,28,ئەندازیار,750
11060,ژیان گەرمیانی,کەرکووک,57,پارێزەر,1730
11061,هاوڕێ عومەر,هەڵەبجە,34,مامۆستا,2486
11062,سۆزان خۆشناو,سۆران,19,دیزاینەر,1526
11063,لەنیا كەریم,ڕانیە,39,ڕۆژنامەنوس,1007
11064,سۆران ئەحمەد,کەرکووک,58,بازرگان,608
11065,نیشتمان گەرمیانی,کۆیە,48,دیزاینەر,2847
11066,کۆسار عومەر,ڕانیە,57,گەشەپێدەری سۆفتوێر,1092
11067,تانیا سۆران,کۆیە,47,گەشەپێدەری سۆفتوێر,929
11068,تانیا حەسەن,ڕانیە,43,دیزاینەر,629
11069,سۆزان ئەحمەد,هەڵەبجە,43,ئەندازیار,2579
11070,ژیان جاف,ڕانیە,50,ژمێریار,3443
11071,کۆسار گەرمیانی,ڕانیە,64,وێنەگر,2067
11072,دیار خۆشناو,ڕانیە,53,دیزاینەر,1487
11073,نیشتمان مەحمود,سلێمانی,53,پزیشک,3465
11074,کۆسار سەعيد,کەرکووک,63,ئەندازیار,3483
11075,شێركۆ مەحمود,دهۆک,56,بازرگان,489
11076,زانا موكری,سۆران,27,دیزاینەر,2120
11077,نیشتمان مەحمود,هەولێر,34,پارێزەر,564
11078,بەختیار گەرمیانی,سلێمانی,40,ژمێریار,1482
11079,شێركۆ سەعيد,دهۆک,51,مامۆستا,3480
11080,سارا عەبدوڵڵا,سلێمانی,34,ئەندازیار,3243
11081,ژیان سەعيد,کۆیە,39,ڕۆژنامەنوس,2177
11082,تانیا ئەحمەد,هەڵەبجە,54,بازرگان,1740
11083,لەنیا ئەحمەد,دهۆک,48,وێنەگر,1215
11084,هێمن خۆشناو,ڕانیە,50,ژمێریار,401
11085,ژینۆ قادر,کەرکووک,55,گەشەپێدەری سۆفتوێر,1133
11086,شنۆ گەرمیانی,سۆران,58,مامۆستا,768
11087,ژیان گەرمیانی,ڕانیە,65,وێنەگر,1345
11088,ژیان كەریم,ڕانیە,50,مامۆستا,2379
11089,سۆزان گەرمیانی,کۆیە,58,پزیشک,3013
11090,بەختیار مەنگوڕی,سلێمانی,41,گەشەپێدەری سۆفتوێر,2437
11091,لەنیا حەسەن,کۆیە,43,وێنەگر,1049
11092,زانا عوسمان,هەولێر,34,ئەندازیار,2869
11093,ژیان مەحمود,هەولێر,22,وێنەگر,1313
11094,ڕێبین كەریم,هەڵەبجە,21,ئەندازیار,2449
11095,بەختیار مەنگوڕی,هەولێر,34,پارێزەر,913
11096,زانا حەسەن,کۆیە,49,ژمێریار,2553
11097,ڕێبین مەحمود,ڕانیە,37,پزیشک,1728
11098,پشتیوان كەریم,هەڵەبجە,60,گەشەپێدەری سۆفتوێر,2856
11099,ژینۆ عەبدوڵڵا,کۆیە,34,دیزاینەر,2996
11100,ڕێبین ئەحمەد,کەرکووک,55,بازرگان,2783
11101,لەنیا خۆشناو,ڕانیە,45,ژمێریار,2701
11102,هەڵکەوت قادر,کەرکووک,56,ئەندازیار,2414
11103,بەرزان عومەر,ڕانیە,40,مامۆستا,2226
11104,لەنیا قادر,سلێمانی,37,پارێزەر,3338
11105,ئاری بابان,سلێمانی,49,پزیشک,3261
11106,کاروان كەریم,سۆران,59,مامۆستا,943
11107,هێمن بابان,ڕانیە,60,بازرگان,724
11108,بەرزان عومەر,دهۆک,47,مامۆستا,1000
11109,هێمن سەعيد,هەولێر,62,ئەندازیار,3294
11110,بەرزان كەریم,هەڵەبجە,39,مامۆستا,1980
11111,هەڵکەوت عوسمان,ڕانیە,27,ژمێریار,2878
11112,بەرزان خۆشناو,هەولێر,26,بازرگان,3323
11113,نیشتمان سەعيد,کۆیە,29,دیزاینەر,1829
11114,کۆسار عومەر,هەڵەبجە,33,ئەندازیار,1663
11115,دیار سەعيد,دهۆک,20,گەشەپێدەری سۆفتوێر,1793
11116,ژینۆ قادر,سۆران,41,پزیشک,1126
11117,سارا بابان,هەڵەبجە,55,پزیشک,680
11118,دیار جاف,هەولێر,62,ژمێریار,630
11119,سۆران بابان,ڕانیە,45,پزیشک,1183
11120,ڕێبین عەبدوڵڵا,کەرکووک,21,پزیشک,3460
11121,سۆران موكری,سلێمانی,49,پارێزەر,3270
11122,سۆران حەسەن,هەڵەبجە,31,پارێزەر,641
11123,دیار عەبدوڵڵا,هەولێر,25,ئەندازیار,1996
11124,تانیا حەسەن,هەولێر,44,ڕۆژنامەنوس,3388
11125,نیشتمان عوسمان,هەولێر,55,وێنەگر,3278
11126,ئاری جاف,کۆیە,32,مامۆستا,2669
11127,ئاری جاف,سۆران,45,ڕۆژنامەنوس,2266
11128,تانیا كەریم,سۆران,46,دیزاینەر,1375
11129,کاروان گەرمیانی,سلێمانی,35,مامۆستا,812
11130,هاوڕێ مەنگوڕی,سۆران,53,پزیشک,3134
11131,بەختیار خۆشناو,کۆیە,29,ئەندازیار,1491
11132,شنۆ مەنگوڕی,سلێمانی,21,ئەندازیار,2402
11133,سارا مەنگوڕی,هەولێر,18,پارێزەر,2840
11134,پشتیوان عەبدوڵڵا,کەرکووک,42,پارێزەر,1939
11135,پشتیوان حەسەن,سلێمانی,65,دیزاینەر,1519
11136,زانا مەنگوڕی,دهۆک,36,پزیشک,2537
11137,هەڵکەوت سۆران,دهۆک,41,پزیشک,3392
11138,ژینۆ قادر,کەرکووک,51,مامۆستا,1285
11139,سارا عوسمان,هەڵەبجە,46,پزیشک,1364
11140,تارا كەریم,هەولێر,35,پارێزەر,2654
11141,هاوڕێ ئەحمەد,هەولێر,63,ڕۆژنامەنوس,1087
11142,شێركۆ عەبدوڵڵا,کۆیە,27,بازرگان,879
11143,سارا قادر,هەڵەبجە,61,دیزاینەر,926
11144,بەرزان موكری,کۆیە,21,پارێزەر,3182
11145,بەختیار جاف,هەولێر,36,ئەندازیار,2238
11146,زانا عەبدوڵڵا,کەرکووک,26,ڕۆژنامەنوس,1092
11147,سارا جاف,هەڵەبجە,57,پارێزەر,2451
11148,بەختیار سەعيد,ڕانیە,22,پارێزەر,3239
11149,لەنیا سۆران,دهۆک,53,ئەندازیار,837
11150,هەڵکەوت بابان,ڕانیە,19,پزیشک,1672
11151,کاروان خۆشناو,سلێمانی,18,مامۆستا,1818
11152,ڕێبین عومەر,سلێمانی,65,ئەندازیار,459
11153,کۆسار مەنگوڕی,سلێمانی,21,گەشەپێدەری سۆفتوێر,1457
11154,کوردستان بابان,دهۆک,38,بازرگان,2484
11155,هەڵکەوت حەسەن,کەرکووک,65,دیزاینەر,1493
11156,سۆران سۆران,هەولێر,40,وێنەگر,1799
11157,سارا سەعيد,کۆیە,49,ڕۆژنامەنوس,3299
11158,دیار گەرمیانی,سلێمانی,36,پارێزەر,685
11159,زانا جاف,هەڵەبجە,20,ئەندازیار,1260
11160,هاوڕێ سۆران,کۆیە,18,ڕۆژنامەنوس,700
11161,سۆزان سەعيد,سلێمانی,50,ژمێریار,2312
11162,تارا عوسمان,ڕانیە,29,پارێزەر,987
11163,کاروان بابان,سلێمانی,34,وێنەگر,1052
11164,دیار عومەر,کەرکووک,24,وێنەگر,2919
11165,ڕێبین جاف,سلێمانی,25,پارێزەر,875
11166,کاروان حەسەن,دهۆک,42,پزیشک,2927
11167,کۆسار قادر,ڕانیە,35,ڕۆژنامەنوس,1457
11168,زانا حەسەن,هەولێر,59,ژمێریار,1715
11169,سارا ئەحمەد,هەولێر,41,ژمێریار,1447
11170,هەڵکەوت ئەحمەد,کەرکووک,65,مامۆستا,1896
11171,شنۆ سەعيد,هەولێر,64,مامۆستا,2214
11172,تانیا موكری,سۆران,42,مامۆستا,3034
11173,سۆران بابان,ڕانیە,20,وێنەگر,1534
11174,هاوڕێ گەرمیانی,کەرکووک,26,ڕۆژنامەنوس,2328
11175,هەڵکەوت عومەر,کۆیە,41,بازرگان,654
11176,لەنیا كەریم,هەڵەبجە,19,ژمێریار,937
11177,ژینۆ خۆشناو,کەرکووک,42,بازرگان,785
11178,سۆران گەرمیانی,ڕانیە,19,دیزاینەر,2631
11179,سۆران گەرمیانی,هەڵەبجە,48,ئەندازیار,1163
11180,سارا عەبدوڵڵا,کۆیە,46,بازرگان,2600
11181,کاروان كەریم,کەرکووک,65,پزیشک,2985
11182,کۆسار عوسمان,ڕانیە,57,گەشەپێدەری سۆفتوێر,1693
11183,پشتیوان كەریم,سۆران,37,ئەندازیار,1883
11184,بەختیار كەریم,دهۆک,41,دیزاینەر,3366
11185,سۆزان مەنگوڕی,هەولێر,64,ئەندازیار,1382
11186,ژینۆ جاف,کۆیە,37,وێنەگر,2745
11187,سۆزان بابان,کۆیە,26,مامۆستا,2263
11188,ژیان جاف,کۆیە,27,ئەندازیار,2223
11189,کوردستان سەعيد,ڕانیە,46,ئەندازیار,1678
11190,بەختیار مەنگوڕی,هەڵەبجە,30,دیزاینەر,3375
11191,هێمن عومەر,دهۆک,51,ڕۆژنامەنوس,527
11192,کوردستان سۆران,سۆران,30,ژمێریار,2131
11193,سۆزان قادر,سۆران,30,وێنەگر,451
11194,شنۆ مەنگوڕی,سلێمانی,47,وێنەگر,3056
11195,ژینۆ عەبدوڵڵا,هەولێر,26,وێنەگر,2287
11196,کۆسار گەرمیانی,کەرکووک,45,پارێزەر,1296
11197,شێركۆ عەبدوڵڵا,کەرکووک,65,ڕۆژنامەنوس,965
11198,ڕێبین بابان,دهۆک,21,مامۆستا,3163
11199,سارا گەرمیانی,دهۆک,64,دیزاینەر,521
11200,کاروان سەعيد,دهۆک,18,ڕۆژنامەنوس,734
11201,سۆزان عەبدوڵڵا,ڕانیە,61,بازرگان,3257
11202,زانا گەرمیانی,کۆیە,35,ڕۆژنامەنوس,822
11203,هەڵکەوت موكری,سلێمانی,26,پزیشک,3375
11204,پشتیوان قادر,هەولێر,61,پارێزەر,1161
11205,بەختیار كەریم,هەڵەبجە,30,پارێزەر,3110
11206,تارا گەرمیانی,کەرکووک,19,ئەندازیار,1458
11207,ڕێبین كەریم,سلێمانی,44,گەشەپێدەری سۆفتوێر,534
11208,سۆزان مەنگوڕی,کۆیە,62,گەشەپێدەری سۆفتوێر,1780
11209,ڕێبین موكری,سلێمانی,43,وێنەگر,1218
11210,بەختیار موكری,سلێمانی,19,پزیشک,851
11211,کۆسار ئەحمەد,کۆیە,43,ئەندازیار,2318
11212,نیشتمان گەرمیانی,کەرکووک,23,بازرگان,980
11213,لەنیا گەرمیانی,کەرکووک,53,مامۆستا,3315
11214,تارا مەحمود,ڕانیە,31,پارێزەر,667
11215,سۆزان بابان,کۆیە,23,ژمێریار,1080
11216,ژیان موكری,کەرکووک,29,پارێزەر,3248
11217,هاوڕێ خۆشناو,ڕانیە,42,ڕۆژنامەنوس,2921
11218,شێركۆ جاف,کۆیە,19,وێنەگر,590
11219,هەڵکەوت موكری,هەولێر,60,پزیشک,2306
11220,تارا ئەحمەد,سلێمانی,26,ئەندازیار,1369
11221,زانا ئەحمەد,ڕانیە,24,پارێزەر,3268
11222,شنۆ حەسەن,دهۆک,27,ژمێریار,2612
11223,تانیا سەعيد,دهۆک,53,ژمێریار,833
11224,کۆسار حەسەن,کەرکووک,23,ڕۆژنامەنوس,1817
11225,لەنیا مەنگوڕی,ڕانیە,22,گەشەپێدەری سۆفتوێر,723
11226,کاروان كەریم,هەڵەبجە,49,ئەندازیار,925
11227,بەختیار بابان,دهۆک,37,ڕۆژنامەنوس,1898
11228,ئاری گەرمیانی,سۆران,65,پزیشک,1124
11229,بەرزان گەرمیانی,هەڵەبجە,34,وێنەگر,789
11230,بەختیار قادر,سۆران,31,ژمێریار,1631
11231,نیشتمان خۆشناو,سۆران,54,ئەندازیار,1449
11232,زانا خۆشناو,هەڵەبجە,27,وێنەگر,2451
11233,پشتیوان ئەحمەد,کەرکووک,55,ژمێریار,1885
11234,ڕێبین سۆران,کۆیە,37,دیزاینەر,1433
11235,هاوڕێ عومەر,سلێمانی,62,ژمێریار,3066
11236,لەنیا حەسەن,سلێمانی,27,ڕۆژنامەنوس,2470
11237,پشتیوان خۆشناو,دهۆک,35,گەشەپێدەری سۆفتوێر,3484
11238,ڕێبین ئەحمەد,کۆیە,32,ئەندازیار,411
11239,شێركۆ موكری,کەرکووک,19,ژمێریار,2661
11240,بەختیار حەسەن,هەولێر,54,گەشەپێدەری سۆفتوێر,1160
11241,کوردستان خۆشناو,سلێمانی,45,پارێزەر,2962
11242,لەنیا كەریم,کەرکووک,36,دیزاینەر,526
11243,زانا عومەر,هەڵەبجە,65,بازرگان,3209
11244,بەرزان قادر,دهۆک,29,دیزاینەر,2672
11245,لەنیا موكری,سلێمانی,51,بازرگان,1132
11246,نیشتمان مەحمود,دهۆک,28,ئەندازیار,2539
11247,تارا عوسمان,سلێمانی,60,ئەندازیار,1457
11248,ژیان جاف,ڕانیە,64,دیزاینەر,1293
11249,کاروان كەریم,کۆیە,49,پارێزەر,2967
11250,هاوڕێ كەریم,دهۆک,31,گەشەپێدەری سۆفتوێر,3474
11251,سۆزان خۆشناو,سۆران,58,پارێزەر,1747
11252,ئاری حەسەن,ڕانیە,63,وێنەگر,3417
11253,تانیا گەرمیانی,کەرکووک,42,ژمێریار,2856
11254,سارا خۆشناو,سلێمانی,33,دیزاینەر,3247
11255,تانیا كەریم,سۆران,26,گەشەپێدەری سۆفتوێر,2640
11256,ڕێبین كەریم,دهۆک,41,وێنەگر,1914
11257,سۆران قادر,سۆران,48,ڕۆژنامەنوس,1688
11258,تارا جاف,کۆیە,18,ژمێریار,2232
11259,تارا گەرمیانی,هەولێر,61,ژمێریار,1418
11260,پشتیوان ئەحمەد,کەرکووک,44,ئەندازیار,805
11261,ژیان سەعيد,سۆران,54,پزیشک,2899
11262,هەڵکەوت خۆشناو,سلێمانی,27,گەشەپێدەری سۆفتوێر,2152
11263,کۆسار كەریم,هەڵەبجە,43,پزیشک,567
11264,ڕێبین حەسەن,هەڵەبجە,57,ڕۆژنامەنوس,2474
11265,تانیا خۆشناو,سلێمانی,50,دیزاینەر,2523
11266,بەرزان موكری,سۆران,47,دیزاینەر,2263
11267,ژینۆ بابان,سلێمانی,52,ژمێریار,818
11268,بەختیار مەنگوڕی,دهۆک,45,ڕۆژنامەنوس,2185
11269,بەختیار حەسەن,دهۆک,20,وێنەگر,1055
11270,سارا موكری,دهۆک,42,پزیشک,796
11271,هێمن مەحمود,کەرکووک,61,بازرگان,1813
11272,ژینۆ سۆران,سۆران,24,ژمێریار,3045
11273,بەختیار حەسەن,هەولێر,26,ژمێریار,1505
11274,ژینۆ عەبدوڵڵا,سلێمانی,18,بازرگان,2839
11275,سۆران گەرمیانی,سۆران,40,پزیشک,3224
11276,دیار سۆران,ڕانیە,42,ژمێریار,3297
11277,سۆران مەحمود,کۆیە,23,ئەندازیار,569
11278,شێركۆ عوسمان,کەرکووک,43,دیزاینەر,2703
11279,بەختیار عومەر,دهۆک,28,وێنەگر,2531
11280,کاروان قادر,هەولێر,59,ژمێریار,926
11281,کۆسار گەرمیانی,سۆران,37,ئەندازیار,2960
11282,کاروان حەسەن,دهۆک,18,پارێزەر,3242
11283,کاروان عەبدوڵڵا,هەولێر,64,دیزاینەر,1520
11284,کۆسار بابان,هەڵەبجە,45,وێنەگر,3187
11285,هێمن موكری,کەرکووک,25,بازرگان,2154
11286,کۆسار خۆشناو,کۆیە,18,ڕۆژنامەنوس,1597
11287,کۆسار مەنگوڕی,کەرکووک,20,ئەندازیار,2882
11288,هێمن عومەر,ڕانیە,59,ڕۆژنامەنوس,3098
11289,سۆران خۆشناو,دهۆک,60,پزیشک,2451
11290,کۆسار سۆران,هەڵەبجە,25,ڕۆژنامەنوس,1027
11291,تارا موكری,ڕانیە,39,پزیشک,1971
11292,پشتیوان قادر,هەڵەبجە,54,ئەندازیار,1001
11293,شێركۆ قادر,ڕانیە,41,پارێزەر,1871
11294,لەنیا مەحمود,دهۆک,26,ڕۆژنامەنوس,3347
11295,شێركۆ مەحمود,هەولێر,55,گەشەپێدەری سۆفتوێر,3381
11296,بەختیار مەحمود,کەرکووک,26,پزیشک,572
11297,سارا عەبدوڵڵا,هەڵەبجە,45,ژمێریار,3484
11298,دیار بابان,کەرکووک,61,پزیشک,424
11299,نیشتمان عومەر,سلێمانی,52,گەشەپێدەری سۆفتوێر,562
11300,هەڵکەوت مەنگوڕی,سلێمانی,23,دیزاینەر,2973
11301,شنۆ عومەر,کۆیە,38,بازرگان,1770
11302,ئاری ئەحمەد,ڕانیە,33,وێنەگر,3115
11303,بەختیار خۆشناو,سلێمانی,45,ڕۆژنامەنوس,1787
11304,کاروان قادر,سۆران,42,مامۆستا,3209
11305,بەرزان مەنگوڕی,هەڵەبجە,30,دیزاینەر,2044
11306,دیار سەعيد,دهۆک,26,وێنەگر,869
11307,بەرزان مەنگوڕی,سۆران,44,وێنەگر,2916
11308,پشتیوان مەحمود,هەڵەبجە,21,پزیشک,1486
11309,نیشتمان قادر,هەولێر,60,بازرگان,2601
11310,لەنیا جاف,کۆیە,58,ئەندازیار,3461
11311,کوردستان سۆران,هەولێر,63,ئەندازیار,1807
11312,ڕێبین مەحمود,دهۆک,49,پزیشک,1681
11313,کۆسار عومەر,ڕانیە,22,ژمێریار,2712
11314,کوردستان عوسمان,کۆیە,35,پارێزەر,1440
11315,ئاری حەسەن,سۆران,44,گەشەپێدەری سۆفتوێر,1278
11316,هاوڕێ حەسەن,کۆیە,52,بازرگان,3295
11317,هاوڕێ موكری,هەڵەبجە,31,ژمێریار,2404
11318,کوردستان سۆران,دهۆک,56,پزیشک,3396
11319,شنۆ موكری,دهۆک,51,گەشەپێدەری سۆفتوێر,2855
11320,تارا ئەحمەد,کەرکووک,36,ڕۆژنامەنوس,2377
11321,سۆزان عومەر,سۆران,65,ژمێریار,1888
11322,هەڵکەوت سۆران,هەڵەبجە,26,گەشەپێدەری سۆفتوێر,1554
11323,نیشتمان گەرمیانی,کۆیە,38,پارێزەر,1053
11324,ژینۆ عەبدوڵڵا,ڕانیە,31,مامۆستا,946
11325,کوردستان حەسەن,ڕانیە,20,ژمێریار,1712
11326,هەڵکەوت سەعيد,ڕانیە,38,دیزاینەر,985
11327,کاروان سۆران,هەولێر,24,گەشەپێدەری سۆفتوێر,1038
11328,هاوڕێ كەریم,کەرکووک,29,پزیشک,2478
11329,بەختیار ئەحمەد,سلێمانی,18,گەشەپێدەری سۆفتوێر,535
11330,تانیا كەریم,کەرکووک,18,مامۆستا,2589
11331,تانیا موكری,سۆران,36,وێنەگر,1164
11332,سۆران خۆشناو,سلێمانی,34,بازرگان,1443
11333,دیار كەریم,کۆیە,21,پارێزەر,1984
11334,هاوڕێ بابان,ڕانیە,44,بازرگان,2505
11335,هێمن بابان,کۆیە,21,دیزاینەر,1331
11336,بەرزان حەسەن,ڕانیە,38,بازرگان,2707
11337,سارا بابان,کەرکووک,24,وێنەگر,1805
11338,کۆسار ئەحمەد,سلێمانی,43,ڕۆژنامەنوس,1614
11339,هێمن حەسەن,ڕانیە,36,مامۆستا,3437
11340,ئاری مەنگوڕی,دهۆک,58,مامۆستا,485
11341,کوردستان بابان,سلێمانی,33,مامۆستا,3400
11342,تارا جاف,هەڵەبجە,40,ڕۆژنامەنوس,1239
11343,کۆسار عومەر,سۆران,31,گەشەپێدەری سۆفتوێر,1130
11344,هاوڕێ جاف,هەولێر,27,پارێزەر,2764
11345,کوردستان خۆشناو,سلێمانی,21,دیزاینەر,409
11346,بەرزان حەسەن,هەڵەبجە,65,بازرگان,2814
11347,سارا موكری,دهۆک,60,پارێزەر,2568
11348,کاروان عومەر,دهۆک,57,پزیشک,714
11349,ژینۆ مەحمود,هەڵەبجە,23,ژمێریار,1855
11350,نیشتمان عەبدوڵڵا,دهۆک,60,دیزاینەر,2471
11351,بەختیار بابان,کەرکووک,60,مامۆستا,2891
11352,بەرزان عومەر,کۆیە,59,پزیشک,1876
11353,سۆزان جاف,دهۆک,47,بازرگان,3418
11354,شنۆ گەرمیانی,دهۆک,55,دیزاینەر,2085
11355,بەرزان مەنگوڕی,سلێمانی,41,مامۆستا,3483
11356,بەرزان ئەحمەد,سلێمانی,55,گەشەپێدەری سۆفتوێر,3376
11357,بەختیار جاف,سۆران,48,بازرگان,3036
11358,سارا سۆران,سۆران,22,پارێزەر,3175
11359,بەرزان قادر,هەولێر,41,بازرگان,777
11360,شێركۆ مەنگوڕی,سۆران,44,گەشەپێدەری سۆفتوێر,2669
11361,هەڵکەوت بابان,سلێمانی,28,پارێزەر,1374
11362,هێمن حەسەن,سلێمانی,41,ڕۆژنامەنوس,3455
11363,کاروان عوسمان,ڕانیە,28,ڕۆژنامەنوس,1968
11364,ژیان جاف,سلێمانی,34,پزیشک,1845
11365,هەڵکەوت عومەر,هەڵەبجە,20,وێنەگر,2595
11366,دیار ئەحمەد,سۆران,26,گەشەپێدەری سۆفتوێر,2104
11367,سۆران قادر,کۆیە,26,دیزاینەر,2893
11368,شێركۆ خۆشناو,کۆیە,37,ژمێریار,1442
11369,نیشتمان سەعيد,کەرکووک,23,ڕۆژنامەنوس,2279
11370,بەرزان عەبدوڵڵا,سۆران,55,گەشەپێدەری سۆفتوێر,1856
11371,ڕێبین قادر,ڕانیە,29,ژمێریار,417
11372,سۆران مەحمود,کەرکووک,46,پزیشک,420
11373,تانیا قادر,هەولێر,27,پارێزەر,2013
11374,لەنیا عومەر,کەرکووک,49,گەشەپێدەری سۆفتوێر,1596
11375,کوردستان كەریم,دهۆک,56,بازرگان,1411
11376,هێمن سۆران,سلێمانی,46,پزیشک,2238
11377,ژیان خۆشناو,دهۆک,51,مامۆستا,2892
11378,ئاری عومەر,سۆران,34,پارێزەر,2018
11379,بەرزان ئەحمەد,هەولێر,28,گەشەپێدەری سۆفتوێر,3431
11380,بەرزان قادر,سۆران,54,وێنەگر,2481
11381,شنۆ گەرمیانی,هەولێر,32,ڕۆژنامەنوس,1750
11382,تارا مەحمود,سۆران,34,ئەندازیار,1987
11383,کاروان جاف,دهۆک,38,گەشەپێدەری سۆفتوێر,1900
11384,شێركۆ موكری,کۆیە,28,گەشەپێدەری سۆفتوێر,2977
11385,کاروان موكری,کەرکووک,40,بازرگان,2326
11386,سۆران سەعيد,سلێمانی,57,بازرگان,719
11387,شنۆ عەبدوڵڵا,هەولێر,52,بازرگان,2435
11388,زانا عوسمان,سۆران,25,پزیشک,1804
11389,تانیا عوسمان,هەڵەبجە,18,ڕۆژنامەنوس,2940
11390,سۆران موكری,هەولێر,25,گەشەپێدەری سۆفتوێر,2965
11391,سۆزان قادر,هەڵەبجە,19,پارێزەر,2304
11392,زانا بابان,کۆیە,47,پزیشک,596
11393,هاوڕێ خۆشناو,ڕانیە,29,پارێزەر,2312
11394,کاروان عەبدوڵڵا,سۆران,60,وێنەگر,2815
11395,بەختیار مەنگوڕی,کەرکووک,37,وێنەگر,3230
11396,تارا بابان,هەڵەبجە,27,ئەندازیار,763
11397,نیشتمان عوسمان,سۆران,40,دیزاینەر,665
11398,زانا عەبدوڵڵا,کۆیە,57,وێنەگر,2100
11399,سۆران حەسەن,کۆیە,65,ژمێریار,1240
11400,تانیا موكری,کۆیە,62,پارێزەر,3230
11401,سۆزان حەسەن,سلێمانی,25,گەشەپێدەری سۆفتوێر,3235
11402,ئاری ئەحمەد,سۆران,38,مامۆستا,1981
11403,دیار بابان,کۆیە,64,پزیشک,2375
11404,لەنیا مەنگوڕی,هەولێر,51,پارێزەر,973
11405,شێركۆ مەحمود,هەڵەبجە,47,دیزاینەر,3373
11406,ئاری قادر,سلێمانی,65,وێنەگر,2892
11407,زانا بابان,کەرکووک,58,گەشەپێدەری سۆفتوێر,3348
11408,هێمن عوسمان,ڕانیە,53,وێنەگر,2936
11409,هاوڕێ حەسەن,سلێمانی,22,ڕۆژنامەنوس,1002
11410,پشتیوان گەرمیانی,دهۆک,21,پارێزەر,3128
11411,ئاری عەبدوڵڵا,سلێمانی,54,ڕۆژنامەنوس,2412
11412,ژیان ئەحمەد,هەڵەبجە,40,پزیشک,1104
11413,ئاری سەعيد,کەرکووک,20,دیزاینەر,2918
11414,سۆران عومەر,سلێمانی,64,ڕۆژنامەنوس,3308
11415,ژیان مەحمود,هەولێر,43,دیزاینەر,1410
11416,ژینۆ سەعيد,هەڵەبجە,60,ژمێریار,3207
11417,لەنیا موكری,هەڵەبجە,27,مامۆستا,529
11418,ڕێبین گەرمیانی,سلێمانی,18,بازرگان,1931
11419,هاوڕێ مەنگوڕی,هەڵەبجە,51,وێنەگر,977
11420,تارا موكری,کۆیە,52,ئەندازیار,1982
11421,دیار عومەر,ڕانیە,50,وێنەگر,2742
11422,هەڵکەوت مەنگوڕی,کەرکووک,20,ڕۆژنامەنوس,1330
11423,ژیان عوسمان,سلێمانی,63,وێنەگر,2856
11424,زانا قادر,کۆیە,22,مامۆستا,2714
11425,شێركۆ خۆشناو,ڕانیە,34,بازرگان,3197
11426,هەڵکەوت عومەر,کۆیە,52,وێنەگر,3264
11427,کوردستان مەنگوڕی,سۆران,22,پارێزەر,551
11428,تانیا حەسەن,هەڵەبجە,59,پزیشک,1545
11429,بەختیار عومەر,کەرکووک,46,ئەندازیار,2761
11430,زانا خۆشناو,هەولێر,38,ژمێریار,1362
11431,زانا قادر,دهۆک,42,وێنەگر,1598
11432,پشتیوان مەنگوڕی,هەڵەبجە,42,گەشەپێدەری سۆفتوێر,947
11433,بەرزان عوسمان,سۆران,51,گەشەپێدەری سۆفتوێر,2003
11434,ژیان گەرمیانی,سۆران,64,پارێزەر,2900
11435,نیشتمان قادر,سلێمانی,47,ڕۆژنامەنوس,400
11436,تارا قادر,هەڵەبجە,50,ژمێریار,989
11437,بەرزان قادر,هەولێر,43,وێنەگر,1445
11438,ژینۆ قادر,کەرکووک,21,ڕۆژنامەنوس,782
11439,هەڵکەوت ئەحمەد,کۆیە,44,پارێزەر,1271
11440,هێمن بابان,کەرکووک,52,پارێزەر,927
11441,پشتیوان گەرمیانی,سۆران,56,ڕۆژنامەنوس,2936
11442,ژینۆ كەریم,ڕانیە,42,دیزاینەر,2517
11443,ژیان حەسەن,سلێمانی,34,پزیشک,817
11444,تانیا ئەحمەد,سۆران,20,وێنەگر,1837
11445,سۆران مەنگوڕی,دهۆک,58,گەشەپێدەری سۆفتوێر,1986
11446,دیار عەبدوڵڵا,هەڵەبجە,51,بازرگان,894
11447,هاوڕێ موكری,هەولێر,61,مامۆستا,2558
11448,لەنیا سەعيد,سۆران,57,وێنەگر,1671
11449,شێركۆ عوسمان,سۆران,29,ئەندازیار,3271
11450,لەنیا خۆشناو,ڕانیە,41,مامۆستا,1858
11451,کۆسار مەحمود,هەولێر,51,گەشەپێدەری سۆفتوێر,922
11452,لەنیا بابان,ڕانیە,29,گەشەپێدەری سۆفتوێر,2173
11453,ژیان عەبدوڵڵا,کەرکووک,31,بازرگان,962
11454,لەنیا قادر,هەولێر,63,مامۆستا,2146
11455,بەختیار سۆران,دهۆک,22,دیزاینەر,854
11456,سارا حەسەن,هەڵەبجە,38,پارێزەر,1772
11457,سارا گەرمیانی,دهۆک,26,مامۆستا,2888
11458,ئاری عوسمان,سۆران,33,ڕۆژنامەنوس,1481
11459,تانیا بابان,کەرکووک,65,بازرگان,1427
11460,تارا عوسمان,هەڵەبجە,57,ژمێریار,3337
11461,سۆزان مەنگوڕی,ڕانیە,58,گەشەپێدەری سۆفتوێر,1623
11462,دیار عومەر,سلێمانی,26,مامۆستا,471
11463,تارا كەریم,سۆران,24,ڕۆژنامەنوس,1472
11464,کاروان بابان,سۆران,52,ژمێریار,447
11465,تارا جاف,ڕانیە,34,مامۆستا,2707
11466,کۆسار ئەحمەد,سۆران,51,وێنەگر,422
11467,ڕێبین مەحمود,کەرکووک,41,بازرگان,774
11468,بەرزان بابان,سۆران,38,گەشەپێدەری سۆفتوێر,3340
11469,هێمن موكری,دهۆک,39,ئەندازیار,1685
11470,کۆسار سەعيد,هەڵەبجە,30,پزیشک,1959
11471,هێمن حەسەن,هەولێر,46,مامۆستا,1378
11472,کۆسار حەسەن,هەڵەبجە,63,ژمێریار,2851
11473,سارا مەحمود,دهۆک,53,دیزاینەر,3219
11474,تارا بابان,سلێمانی,42,ڕۆژنامەنوس,664
11475,پشتیوان ئەحمەد,کۆیە,34,ئەندازیار,2032
11476,کوردستان كەریم,دهۆک,22,بازرگان,3455
11477,شێركۆ سۆران,هەڵەبجە,50,دیزاینەر,3459
11478,سۆران مەحمود,کەرکووک,28,مامۆستا,899
11479,سۆزان قادر,هەڵەبجە,50,گەشەپێدەری سۆفتوێر,1162
11480,دیار مەنگوڕی,سۆران,28,دیزاینەر,596
11481,شنۆ مەنگوڕی,دهۆک,54,وێنەگر,2974
11482,تانیا خۆشناو,هەولێر,49,ژمێریار,3496
11483,بەرزان كەریم,هەولێر,49,مامۆستا,3111
11484,پشتیوان كەریم,دهۆک,43,ئەندازیار,2446
11485,بەختیار حەسەن,دهۆک,49,وێنەگر,2391
11486,شنۆ خۆشناو,کەرکووک,44,پارێزەر,866
11487,ژینۆ ئەحمەد,سۆران,32,دیزاینەر,1433
11488,شنۆ خۆشناو,دهۆک,50,گەشەپێدەری سۆفتوێر,570
11489,هێمن بابان,هەولێر,29,ژمێریار,2676
11490,ژیان عوسمان,ڕانیە,33,دیزاینەر,1970
11491,هێمن قادر,کۆیە,30,گەشەپێدەری سۆفتوێر,1746
11492,شێركۆ كەریم,سلێمانی,61,ژمێریار,1955
11493,کاروان بابان,هەولێر,63,گەشەپێدەری سۆفتوێر,1733
11494,سۆران خۆشناو,کۆیە,39,ژمێریار,1083
11495,سارا حەسەن,ڕانیە,51,بازرگان,2928
11496,سۆران حەسەن,سلێمانی,26,پزیشک,835
11497,تارا گەرمیانی,سۆران,59,دیزاینەر,1101
11498,هەڵکەوت موكری,هەولێر,27,ڕۆژنامەنوس,1158
11499,زانا كەریم,هەڵەبجە,63,مامۆستا,2061
11500,لەنیا سۆران,سلێمانی,27,ڕۆژنامەنوس,3314
11501,نیشتمان سەعيد,سۆران,34,گەشەپێدەری سۆفتوێر,2713
11502,تارا گەرمیانی,دهۆک,40,پزیشک,3112
11503,ئاری كەریم,هەڵەبجە,38,ژمێریار,1095
11504,بەختیار كەریم,هەولێر,44,ڕۆژنامەنوس,3202
11505,ژینۆ گەرمیانی,دهۆک,62,پزیشک,796
11506,ژیان بابان,دهۆک,44,بازرگان,1193
11507,کوردستان قادر,سۆران,52,مامۆستا,3398
11508,کۆسار جاف,دهۆک,39,پارێزەر,1269
11509,پشتیوان عەبدوڵڵا,کۆیە,36,پارێزەر,1876
11510,کۆسار كەریم,سۆران,18,ئەندازیار,2686
11511,بەرزان كەریم,کەرکووک,46,گەشەپێدەری سۆفتوێر,1357
11512,دیار كەریم,هەڵەبجە,20,پزیشک,634
11513,شنۆ سەعيد,هەڵەبجە,31,مامۆستا,3263
11514,سارا حەسەن,کۆیە,51,بازرگان,922
11515,تانیا سۆران,هەڵەبجە,41,گەشەپێدەری سۆفتوێر,1211
11516,کاروان بابان,سلێمانی,30,دیزاینەر,470
11517,ڕێبین عومەر,هەولێر,29,وێنەگر,997
11518,تانیا بابان,دهۆک,63,بازرگان,2900
11519,نیشتمان حەسەن,سلێمانی,50,گەشەپێدەری سۆفتوێر,1495
11520,تارا عەبدوڵڵا,سلێمانی,27,گەشەپێدەری سۆفتوێر,1352
11521,کۆسار مەنگوڕی,دهۆک,22,ژمێریار,1349
11522,سۆران عوسمان,کۆیە,30,پزیشک,3035
11523,کاروان گەرمیانی,هەڵەبجە,64,گەشەپێدەری سۆفتوێر,2271
11524,ژیان قادر,کەرکووک,53,پارێزەر,888
11525,تانیا سۆران,کۆیە,25,ئەندازیار,2961
11526,کاروان مەنگوڕی,هەولێر,58,مامۆستا,2520
11527,شێركۆ سۆران,هەولێر,51,ژمێریار,2733
11528,هاوڕێ خۆشناو,سۆران,50,پارێزەر,3139
11529,ژیان قادر,سۆران,24,گەشەپێدەری سۆفتوێر,3205
11530,کوردستان گەرمیانی,هەولێر,53,مامۆستا,2416
11531,ڕێبین ئەحمەد,هەڵەبجە,33,بازرگان,2901
11532,هێمن جاف,هەڵەبجە,19,دیزاینەر,1989
11533,بەرزان گەرمیانی,هەڵەبجە,20,وێنەگر,1403
11534,بەختیار قادر,سلێمانی,59,بازرگان,757
11535,تانیا عومەر,سلێمانی,62,مامۆستا,2783
11536,بەختیار كەریم,دهۆک,24,دیزاینەر,2362
11537,هاوڕێ سەعيد,کۆیە,50,وێنەگر,1122
11538,تارا كەریم,کەرکووک,39,گەشەپێدەری سۆفتوێر,3420
11539,لەنیا كەریم,هەولێر,36,گەشەپێدەری سۆفتوێر,3122
11540,سارا حەسەن,ڕانیە,31,پزیشک,2702
11541,تانیا گەرمیانی,هەولێر,56,ڕۆژنامەنوس,1053
11542,تانیا سۆران,هەڵەبجە,36,پارێزەر,692
11543,سۆزان گەرمیانی,هەولێر,19,بازرگان,3415
11544,هاوڕێ قادر,کۆیە,65,مامۆستا,770
11545,زانا سەعيد,سۆران,38,دیزاینەر,1256
11546,هەڵکەوت جاف,هەولێر,51,پزیشک,1899
11547,سۆزان گەرمیانی,هەولێر,19,ڕۆژنامەنوس,2733
11548,لەنیا گەرمیانی,هەولێر,49,پزیشک,952
11549,بەختیار ئەحمەد,سۆران,59,وێنەگر,2517
11550,ڕێبین خۆشناو,هەولێر,43,مامۆستا,1066
11551,کوردستان عوسمان,هەولێر,42,ژمێریار,425
11552,دیار كەریم,دهۆک,22,ئەندازیار,2620
11553,کوردستان ئەحمەد,سلێمانی,22,گەشەپێدەری سۆفتوێر,1545
11554,دیار مەنگوڕی,کۆیە,61,ژمێریار,761
11555,هەڵکەوت موكری,سۆران,36,ئەندازیار,1798
11556,بەختیار سەعيد,سلێمانی,61,پزیشک,565
11557,ژینۆ عوسمان,سلێمانی,50,پزیشک,1234
11558,بەرزان سەعيد,هەولێر,50,ڕۆژنامەنوس,1231
11559,تارا خۆشناو,دهۆک,54,وێنەگر,908
11560,سۆزان سەعيد,سلێمانی,53,ژمێریار,828
11561,کۆسار مەنگوڕی,هەڵەبجە,38,مامۆستا,3294
11562,لەنیا عوسمان,هەولێر,39,دیزاینەر,1898
11563,کاروان عوسمان,دهۆک,18,پارێزەر,1428
11564,بەختیار عومەر,دهۆک,49,ژمێریار,2596
11565,نیشتمان قادر,سۆران,25,پزیشک,2105
11566,زانا حەسەن,سۆران,20,وێنەگر,3042
11567,سۆران بابان,ڕانیە,44,بازرگان,3238
11568,ژیان جاف,ڕانیە,43,پارێزەر,1600
11569,سۆزان جاف,ڕانیە,55,پزیشک,2810
11570,هەڵکەوت خۆشناو,ڕانیە,45,پارێزەر,1370
11571,کۆسار سۆران,سلێمانی,40,وێنەگر,3154
11572,ڕێبین قادر,کەرکووک,47,گەشەپێدەری سۆفتوێر,2121
11573,زانا قادر,هەولێر,57,ئەندازیار,3146
11574,زانا مەنگوڕی,ڕانیە,27,پارێزەر,1683
11575,ژینۆ گەرمیانی,سلێمانی,35,بازرگان,827
11576,پشتیوان ئەحمەد,کۆیە,59,ژمێریار,3157
11577,هاوڕێ عوسمان,دهۆک,43,ژمێریار,1143
11578,بەرزان عومەر,سلێمانی,28,وێنەگر,3290
11579,بەختیار مەنگوڕی,کۆیە,57,ئەندازیار,2873
11580,بەختیار مەنگوڕی,کۆیە,51,گەشەپێدەری سۆفتوێر,1588
11581,هێمن عوسمان,هەڵەبجە,27,ئەندازیار,1862
11582,تانیا مەحمود,سلێمانی,31,مامۆستا,1573
11583,کوردستان جاف,ڕانیە,19,بازرگان,1798
11584,هێمن بابان,هەڵەبجە,59,مامۆستا,2926
11585,ژیان عوسمان,هەولێر,62,ژمێریار,2225
11586,ژیان عوسمان,ڕانیە,25,بازرگان,2890
11587,سۆزان حەسەن,سلێمانی,47,پارێزەر,1005
11588,تارا سەعيد,سلێمانی,49,بازرگان,500
11589,دیار عوسمان,سلێمانی,58,گەشەپێدەری سۆفتوێر,1776
11590,هاوڕێ كەریم,سۆران,57,ژمێریار,941
11591,نیشتمان كەریم,ڕانیە,43,ژمێریار,1020
11592,ژیان عومەر,هەڵەبجە,36,ژمێریار,2237
11593,ڕێبین كەریم,سۆران,20,وێنەگر,2639
11594,سۆران گەرمیانی,هەڵەبجە,55,ئەندازیار,1358
11595,هەڵکەوت گەرمیانی,ڕانیە,58,پزیشک,2956
11596,بەختیار مەنگوڕی,سۆران,49,ڕۆژنامەنوس,1996
11597,سارا بابان,سلێمانی,47,مامۆستا,1927
11598,بەرزان حەسەن,دهۆک,27,پارێزەر,2874
11599,شێركۆ جاف,سۆران,61,مامۆستا,2581
11600,ژیان ئەحمەد,هەڵەبجە,61,مامۆستا,2501
11601,سۆران حەسەن,هەولێر,45,پارێزەر,2162
11602,سارا قادر,هەڵەبجە,28,مامۆستا,2561
11603,کۆسار سۆران,هەڵەبجە,52,وێنەگر,1810
11604,نیشتمان عەبدوڵڵا,ڕانیە,36,وێنەگر,1919
11605,نیشتمان عومەر,هەولێر,50,بازرگان,3040
11606,ئاری سەعيد,سلێمانی,60,پزیشک,3209
11607,دیار مەنگوڕی,سۆران,23,ژمێریار,2610
11608,شنۆ موكری,سلێمانی,45,مامۆستا,492
11609,سارا مەنگوڕی,هەولێر,55,وێنەگر,2079
11610,بەرزان خۆشناو,ڕانیە,39,وێنەگر,2403
11611,ژینۆ سۆران,دهۆک,43,دیزاینەر,1763
11612,ئاری حەسەن,هەولێر,29,بازرگان,2170
11613,زانا جاف,هەولێر,34,ژمێریار,3016
11614,تانیا عوسمان,هەولێر,63,مامۆستا,1000
11615,شێركۆ جاف,کەرکووک,31,گەشەپێدەری سۆفتوێر,2606
11616,هاوڕێ عەبدوڵڵا,ڕانیە,47,مامۆستا,2793
11617,بەختیار سۆران,هەولێر,37,گەشەپێدەری سۆفتوێر,2997
11618,ژینۆ سۆران,دهۆک,49,مامۆستا,2131
11619,سۆزان مەنگوڕی,دهۆک,61,دیزاینەر,675
11620,کوردستان ئەحمەد,سلێمانی,56,ئەندازیار,3160
11621,تانیا حەسەن,کەرکووک,57,دیزاینەر,401
11622,بەختیار سەعيد,هەڵەبجە,49,ڕۆژنامەنوس,596
11623,تارا سۆران,سۆران,19,پزیشک,1045
11624,زانا جاف,کەرکووک,50,مامۆستا,1846
11625,سۆزان سۆران,کۆیە,65,ئەندازیار,2787
11626,نیشتمان قادر,کۆیە,60,پارێزەر,1147
11627,بەرزان ئەحمەد,کەرکووک,44,دیزاینەر,3161
11628,ڕێبین ئەحمەد,سلێمانی,49,پزیشک,1600
11629,ڕێبین جاف,سۆران,40,گەشەپێدەری سۆفتوێر,2903
11630,سۆزان عومەر,هەولێر,22,وێنەگر,3488
11631,بەرزان مەحمود,کۆیە,51,مامۆستا,3216
11632,ڕێبین خۆشناو,سلێمانی,30,ژمێریار,1905
11633,تانیا كەریم,هەولێر,35,ئەندازیار,2073
11634,تارا عومەر,کەرکووک,31,ڕۆژنامەنوس,2813
11635,سارا بابان,سۆران,23,ژمێریار,2704
11636,شێركۆ گەرمیانی,سۆران,44,بازرگان,3042
11637,سۆران موكری,ڕانیە,53,بازرگان,2803
11638,کاروان كەریم,دهۆک,52,مامۆستا,2472
11639,کاروان عەبدوڵڵا,هەولێر,41,بازرگان,2411
11640,ژینۆ مەحمود,هەولێر,62,پارێزەر,2125
11641,ئاری عوسمان,سۆران,46,پزیشک,1068
11642,شێركۆ جاف,سلێمانی,54,گەشەپێدەری سۆفتوێر,1400
11643,شێركۆ موكری,سلێمانی,21,دیزاینەر,1685
11644,شێركۆ سەعيد,ڕانیە,46,بازرگان,1169
11645,بەرزان سۆران,دهۆک,20,پزیشک,1813
11646,بەختیار عومەر,هەولێر,51,گەشەپێدەری سۆفتوێر,1910
11647,ئاری عەبدوڵڵا,سلێمانی,42,گەشەپێدەری سۆفتوێر,1507
11648,نیشتمان ئەحمەد,کەرکووک,50,پارێزەر,1134
11649,کوردستان خۆشناو,هەولێر,62,مامۆستا,1962
11650,بەرزان مەنگوڕی,دهۆک,49,پزیشک,1120
11651,تانیا ئەحمەد,کۆیە,65,ژمێریار,1869
11652,تانیا قادر,کەرکووک,57,مامۆستا,2283
11653,زانا عوسمان,ڕانیە,54,ئەندازیار,1384
11654,شێركۆ ئەحمەد,دهۆک,41,گەشەپێدەری سۆفتوێر,954
11655,هێمن بابان,کەرکووک,30,پارێزەر,2669
11656,هێمن كەریم,کەرکووک,25,ئەندازیار,2808
11657,ڕێبین مەنگوڕی,ڕانیە,19,ڕۆژنامەنوس,1164
11658,هاوڕێ سەعيد,سلێمانی,33,ڕۆژنامەنوس,3104
11659,لەنیا قادر,سۆران,56,وێنەگر,2523
11660,ڕێبین خۆشناو,کۆیە,33,ڕۆژنامەنوس,936
11661,پشتیوان بابان,کۆیە,42,پارێزەر,604
11662,ئاری سەعيد,کەرکووک,50,گەشەپێدەری سۆفتوێر,608
11663,ڕێبین عوسمان,ڕانیە,31,مامۆستا,3153
11664,لەنیا ئەحمەد,کەرکووک,48,وێنەگر,889
11665,ژینۆ كەریم,هەولێر,40,پزیشک,622
11666,بەختیار موكری,هەڵەبجە,56,ژمێریار,2294
11667,سارا عومەر,دهۆک,51,دیزاینەر,1666
11668,کاروان سەعيد,کەرکووک,49,دیزاینەر,796
11669,هەڵکەوت بابان,سلێمانی,64,گەشەپێدەری سۆفتوێر,2807
11670,سارا گەرمیانی,کەرکووک,61,ژمێریار,665
11671,سۆزان عوسمان,هەڵەبجە,56,وێنەگر,2799
11672,شێركۆ عومەر,دهۆک,61,گەشەپێدەری سۆفتوێر,2120
11673,ژینۆ كەریم,هەولێر,62,وێنەگر,2843
11674,ژینۆ خۆشناو,سلێمانی,30,مامۆستا,2681
11675,ئاری موكری,کەرکووک,20,پارێزەر,1847
11676,ئاری عوسمان,ڕانیە,51,ژمێریار,3199
11677,بەرزان عوسمان,ڕانیە,37,ڕۆژنامەنوس,1985
11678,نیشتمان كەریم,دهۆک,20,مامۆستا,2995
11679,بەرزان جاف,ڕانیە,49,ئەندازیار,1984
11680,تارا حەسەن,کۆیە,53,وێنەگر,586
11681,بەرزان مەحمود,سلێمانی,38,پارێزەر,1342
11682,بەختیار جاف,سلێمانی,44,گەشەپێدەری سۆفتوێر,1442
11683,ژینۆ مەحمود,کۆیە,49,بازرگان,554
11684,هەڵکەوت خۆشناو,دهۆک,59,مامۆستا,1427
11685,لەنیا عوسمان,هەولێر,43,ژمێریار,2626
11686,هێمن موكری,کۆیە,62,ڕۆژنامەنوس,1183
11687,سارا مەحمود,ڕانیە,58,مامۆستا,2031
11688,تانیا گەرمیانی,ڕانیە,21,ڕۆژنامەنوس,2631
11689,تانیا سەعيد,هەولێر,40,ژمێریار,1090
11690,سۆزان سۆران,سۆران,38,دیزاینەر,769
11691,کاروان سەعيد,دهۆک,18,ژمێریار,2412
11692,ژینۆ قادر,سۆران,37,پزیشک,2036
11693,ڕێبین كەریم,هەڵەبجە,32,مامۆستا,2404
11694,دیار حەسەن,ڕانیە,62,پارێزەر,439
11695,ڕێبین گەرمیانی,کۆیە,47,بازرگان,2529
11696,هێمن سۆران,سلێمانی,65,پارێزەر,691
11697,بەختیار ئەحمەد,سلێمانی,38,گەشەپێدەری سۆفتوێر,2260
11698,تانیا عومەر,سۆران,30,وێنەگر,2357
11699,هێمن مەنگوڕی,ڕانیە,46,ڕۆژنامەنوس,612
11700,کۆسار سۆران,هەولێر,62,پارێزەر,3038
11701,دیار ئەحمەد,کەرکووک,28,گەشەپێدەری سۆفتوێر,2155
11702,پشتیوان قادر,کەرکووک,29,گەشەپێدەری سۆفتوێر,3199
11703,لەنیا موكری,دهۆک,63,ژمێریار,2667
11704,دیار موكری,هەولێر,46,پزیشک,3218
11705,هەڵکەوت قادر,سۆران,21,پزیشک,2417
11706,سارا عوسمان,سلێمانی,40,پزیشک,2972
11707,تارا ئەحمەد,هەڵەبجە,63,ڕۆژنامەنوس,697
11708,دیار عومەر,ڕانیە,43,دیزاینەر,3228
11709,ڕێبین موكری,کۆیە,30,پارێزەر,709
11710,پشتیوان عوسمان,سلێمانی,43,بازرگان,1757
11711,هاوڕێ مەحمود,هەولێر,55,بازرگان,1280
11712,تانیا مەنگوڕی,سۆران,27,ڕۆژنامەنوس,1959
11713,ئاری گەرمیانی,کەرکووک,63,ڕۆژنامەنوس,892
11714,دیار گەرمیانی,سلێمانی,60,ئەندازیار,1362
11715,ژیان مەحمود,هەڵەبجە,46,پارێزەر,574
11716,تارا سۆران,کەرکووک,36,گەشەپێدەری سۆفتوێر,2563
11717,بەرزان قادر,سۆران,64,ئەندازیار,3496
11718,سۆران كەریم,ڕانیە,38,گەشەپێدەری سۆفتوێر,2482
11719,شێركۆ سۆران,کەرکووک,54,مامۆستا,1081
11720,تانیا جاف,سۆران,49,وێنەگر,1126
11721,زانا سۆران,هەڵەبجە,48,پارێزەر,1770
11722,ژیان خۆشناو,هەولێر,64,مامۆستا,2432
11723,ژینۆ مەنگوڕی,کۆیە,28,ئەندازیار,956
11724,بەختیار كەریم,هەولێر,64,ڕۆژنامەنوس,2900
11725,نیشتمان مەنگوڕی,ڕانیە,26,مامۆستا,2135
11726,تانیا حەسەن,هەڵەبجە,53,پارێزەر,1947
11727,هەڵکەوت گەرمیانی,کۆیە,28,ڕۆژنامەنوس,3238
11728,سۆران سۆران,سلێمانی,47,ژمێریار,822
11729,هێمن مەنگوڕی,سلێمانی,61,ئەندازیار,810
11730,زانا جاف,سلێمانی,64,ژمێریار,1825
11731,کۆسار عومەر,کۆیە,19,ڕۆژنامەنوس,1687
11732,کۆسار خۆشناو,سۆران,54,پارێزەر,3149
11733,ژینۆ عومەر,کەرکووک,56,ڕۆژنامەنوس,596
11734,سۆزان گەرمیانی,هەڵەبجە,33,پارێزەر,3197
11735,شنۆ سۆران,سۆران,59,ژمێریار,1341
11736,دیار سۆران,کۆیە,43,ڕۆژنامەنوس,1000
11737,شنۆ عەبدوڵڵا,کۆیە,65,مامۆستا,1190
11738,سۆزان كەریم,سۆران,34,مامۆستا,2704
11739,شنۆ خۆشناو,کەرکووک,39,ڕۆژنامەنوس,2279
11740,ژیان قادر,سلێمانی,38,بازرگان,3106
11741,سۆزان عوسمان,سۆران,37,ڕۆژنامەنوس,3482
11742,کوردستان موكری,سۆران,53,گەشەپێدەری سۆفتوێر,726
11743,بەختیار سەعيد,دهۆک,33,دیزاینەر,3203
11744,دیار گەرمیانی,هەولێر,48,گەشەپێدەری سۆفتوێر,3228
11745,تانیا گەرمیانی,کۆیە,18,گەشەپێدەری سۆفتوێر,1183
11746,سۆران خۆشناو,کەرکووک,26,مامۆستا,3051
11747,زانا قادر,ڕانیە,20,ڕۆژنامەنوس,2050
11748,هێمن موكری,ڕانیە,32,مامۆستا,3305
11749,شنۆ خۆشناو,هەولێر,29,وێنەگر,3296
11750,هاوڕێ سۆران,کۆیە,21,وێنەگر,841
11751,نیشتمان قادر,هەڵەبجە,35,دیزاینەر,3087
11752,هێمن قادر,دهۆک,28,پارێزەر,2664
11753,ژیان مەحمود,سۆران,38,دیزاینەر,1015
11754,پشتیوان بابان,سۆران,58,مامۆستا,471
11755,ئاری بابان,کۆیە,35,دیزاینەر,3332
11756,زانا مەحمود,هەڵەبجە,63,ڕۆژنامەنوس,2698
11757,بەختیار عەبدوڵڵا,سلێمانی,27,بازرگان,2082
11758,بەرزان ئەحمەد,ڕانیە,32,مامۆستا,3302
11759,ئاری گەرمیانی,سلێمانی,48,بازرگان,1755
11760,زانا عەبدوڵڵا,سلێمانی,52,دیزاینەر,895
11761,سارا بابان,سۆران,20,مامۆستا,2287
11762,کۆسار خۆشناو,هەولێر,42,ژمێریار,2999
11763,سۆران موكری,سۆران,27,مامۆستا,3169
11764,تانیا كەریم,هەولێر,58,ژمێریار,1274
11765,کاروان عەبدوڵڵا,کەرکووک,45,وێنەگر,1376
11766,زانا مەحمود,دهۆک,34,وێنەگر,771
11767,سۆزان موكری,هەڵەبجە,23,گەشەپێدەری سۆفتوێر,2175
11768,کۆسار مەنگوڕی,هەڵەبجە,40,مامۆستا,1218
11769,هێمن بابان,سلێمانی,53,ئەندازیار,2863
11770,سۆران ئەحمەد,هەولێر,54,وێنەگر,2764
11771,کاروان مەنگوڕی,هەولێر,20,گەشەپێدەری سۆفتوێر,953
11772,کاروان جاف,هەڵەبجە,42,ژمێریار,1179
11773,هاوڕێ قادر,هەولێر,32,پزیشک,1829
11774,دیار مەنگوڕی,سۆران,20,پارێزەر,1491
11775,پشتیوان جاف,ڕانیە,51,وێنەگر,1672
11776,هاوڕێ بابان,سلێمانی,30,بازرگان,2201
11777,کاروان گەرمیانی,ڕانیە,61,مامۆستا,3129
11778,ژیان عومەر,کەرکووک,35,بازرگان,2373
11779,ئاری عومەر,ڕانیە,31,مامۆستا,929
11780,بەرزان سۆران,سلێمانی,65,ژمێریار,3188
11781,لەنیا حەسەن,ڕانیە,33,دیزاینەر,3377
11782,تارا سۆران,کۆیە,50,دیزاینەر,3124
11783,سۆران جاف,کەرکووک,64,پارێزەر,1112
11784,نیشتمان سۆران,ڕانیە,45,مامۆستا,2734
11785,هێمن سۆران,سۆران,61,وێنەگر,736
11786,ژینۆ مەنگوڕی,هەڵەبجە,55,ڕۆژنامەنوس,517
11787,ڕێبین عوسمان,دهۆک,61,وێنەگر,2289
11788,کوردستان خۆشناو,سۆران,46,مامۆستا,1221
11789,سارا جاف,سلێمانی,23,ڕۆژنامەنوس,806
11790,پشتیوان كەریم,ڕانیە,19,مامۆستا,1854
11791,بەرزان گەرمیانی,سۆران,64,ژمێریار,2708
11792,تارا سەعيد,هەولێر,65,پزیشک,1297
11793,سۆران موكری,کەرکووک,24,پزیشک,2822
11794,نیشتمان سەعيد,سلێمانی,26,وێنەگر,1539
11795,ژینۆ عەبدوڵڵا,هەولێر,32,ئەندازیار,1011
11796,کۆسار مەحمود,سۆران,42,دیزاینەر,2162
11797,نیشتمان سۆران,کەرکووک,49,پارێزەر,1780
11798,سارا بابان,هەڵەبجە,48,بازرگان,3070
11799,کۆسار مەحمود,کەرکووک,58,گەشەپێدەری سۆفتوێر,2680
11800,شێركۆ كەریم,هەڵەبجە,34,ئەندازیار,2721
11801,شێركۆ بابان,هەولێر,56,بازرگان,3326
11802,دیار مەحمود,هەڵەبجە,40,ئەندازیار,2392
11803,هێمن جاف,ڕانیە,44,وێنەگر,955
11804,ئاری حەسەن,هەڵەبجە,58,مامۆستا,999
11805,هێمن عوسمان,کۆیە,58,ڕۆژنامەنوس,2995
11806,سۆزان مەحمود,ڕانیە,27,ئەندازیار,2726
11807,پشتیوان حەسەن,هەڵەبجە,25,ژمێریار,845
11808,ئاری عومەر,هەڵەبجە,65,مامۆستا,797
11809,هەڵکەوت حەسەن,کۆیە,20,بازرگان,2281
11810,ژیان ئەحمەد,سلێمانی,32,مامۆستا,3239
11811,کاروان خۆشناو,کەرکووک,65,پزیشک,1168
11812,لەنیا كەریم,کۆیە,27,مامۆستا,2928
11813,ڕێبین عومەر,هەولێر,37,وێنەگر,2829
11814,هەڵکەوت سۆران,کەرکووک,53,بازرگان,2010
11815,سۆران ئەحمەد,سلێمانی,24,بازرگان,2316
11816,دیار سۆران,سلێمانی,59,دیزاینەر,2674
11817,سۆران قادر,سلێمانی,28,پزیشک,1942
11818,کوردستان بابان,سۆران,58,ڕۆژنامەنوس,3210
11819,سۆران عوسمان,کۆیە,52,مامۆستا,1242
11820,پشتیوان جاف,هەڵەبجە,40,بازرگان,3356
11821,شێركۆ كەریم,کۆیە,35,ڕۆژنامەنوس,2973
11822,تارا عومەر,هەڵەبجە,21,ئەندازیار,2055
11823,هاوڕێ عومەر,هەڵەبجە,37,بازرگان,1856
11824,ژیان بابان,کۆیە,44,ژمێریار,2873
11825,تارا گەرمیانی,دهۆک,18,ژمێریار,2772
11826,بەختیار ئەحمەد,ڕانیە,48,ئەندازیار,1615
11827,بەختیار مەحمود,هەولێر,41,گەشەپێدەری سۆفتوێر,1234
11828,دیار عوسمان,هەولێر,51,وێنەگر,1356
11829,بەختیار سەعيد,هەولێر,46,مامۆستا,2333
11830,تانیا سۆران,هەڵەبجە,33,ژمێریار,2856
11831,سۆزان گەرمیانی,ڕانیە,54,گەشەپێدەری سۆفتوێر,3400
11832,کاروان جاف,کۆیە,37,پارێزەر,1776
11833,زانا سۆران,هەولێر,36,بازرگان,842
11834,بەرزان قادر,کۆیە,43,پزیشک,1158
11835,هەڵکەوت جاف,سۆران,45,ڕۆژنامەنوس,680
11836,ڕێبین گەرمیانی,دهۆک,36,وێنەگر,2545
11837,پشتیوان حەسەن,هەولێر,43,ڕۆژنامەنوس,3428
11838,زانا قادر,کەرکووک,29,ئەندازیار,898
11839,بەختیار حەسەن,هەڵەبجە,23,گەشەپێدەری سۆفتوێر,2206
11840,سۆزان سەعيد,هەڵەبجە,51,ئەندازیار,976
11841,بەختیار سۆران,سلێمانی,49,پارێزەر,1234
11842,شێركۆ مەنگوڕی,کەرکووک,62,دیزاینەر,1816
11843,شنۆ كەریم,هەڵەبجە,61,وێنەگر,2122
11844,نیشتمان مەنگوڕی,ڕانیە,27,ڕۆژنامەنوس,2593
11845,سۆران سۆران,سلێمانی,65,ژمێریار,1680
11846,شێركۆ عوسمان,ڕانیە,51,گەشەپێدەری سۆفتوێر,425
11847,ڕێبین سەعيد,هەولێر,51,پزیشک,1550
11848,ڕێبین موكری,کەرکووک,49,پارێزەر,2821
11849,هێمن حەسەن,هەڵەبجە,25,وێنەگر,1533
11850,شنۆ قادر,سلێمانی,26,بازرگان,780
11851,ژینۆ گەرمیانی,کۆیە,48,ئەندازیار,2043
11852,کۆسار كەریم,دهۆک,32,ژمێریار,1109
11853,لەنیا سەعيد,هەولێر,43,وێنەگر,1199
11854,کوردستان موكری,هەولێر,45,ژمێریار,3441
11855,هەڵکەوت عوسمان,سلێمانی,60,پزیشک,1325
11856,سۆران بابان,سلێمانی,33,بازرگان,1183
11857,نیشتمان عوسمان,هەڵەبجە,51,ڕۆژنامەنوس,1306
11858,هاوڕێ كەریم,دهۆک,64,ڕۆژنامەنوس,3187
11859,زانا عوسمان,هەولێر,63,ئەندازیار,1579
11860,بەختیار عەبدوڵڵا,کۆیە,24,دیزاینەر,782
11861,شنۆ خۆشناو,کەرکووک,55,گەشەپێدەری سۆفتوێر,2451
11862,هاوڕێ عەبدوڵڵا,هەڵەبجە,61,مامۆستا,1545
11863,دیار قادر,سلێمانی,65,وێنەگر,2508
11864,هاوڕێ حەسەن,هەڵەبجە,42,ژمێریار,453
11865,ژینۆ قادر,هەڵەبجە,38,دیزاینەر,1049
11866,کاروان جاف,سۆران,58,ڕۆژنامەنوس,2166
11867,کۆسار ئەحمەد,هەولێر,36,گەشەپێدەری سۆفتوێر,1364
11868,سۆران خۆشناو,هەولێر,42,ڕۆژنامەنوس,768
11869,کوردستان خۆشناو,هەڵەبجە,40,ڕۆژنامەنوس,3485
11870,کوردستان ئەحمەد,سلێمانی,41,دیزاینەر,2592
11871,ئاری مەحمود,ڕانیە,33,پارێزەر,723
11872,سۆزان مەنگوڕی,ڕانیە,45,مامۆستا,1461
11873,سۆران حەسەن,هەولێر,19,گەشەپێدەری سۆفتوێر,1340
11874,سۆران موكری,سۆران,28,پارێزەر,416
11875,دیار حەسەن,کەرکووک,23,مامۆستا,2437
11876,سۆزان خۆشناو,سۆران,48,بازرگان,3480
11877,ڕێبین حەسەن,هەولێر,54,پارێزەر,1430
11878,ژیان قادر,سلێمانی,57,ئەندازیار,2960
11879,پشتیوان حەسەن,ڕانیە,40,پزیشک,1529
11880,پشتیوان حەسەن,کەرکووک,56,ڕۆژنامەنوس,1253
11881,پشتیوان خۆشناو,سلێمانی,35,ژمێریار,1154
11882,پشتیوان بابان,کۆیە,25,ڕۆژنامەنوس,1171
11883,دیار عەبدوڵڵا,هەڵەبجە,46,وێنەگر,2683
11884,شنۆ موكری,ڕانیە,60,ژمێریار,3274
11885,پشتیوان موكری,کۆیە,40,ئەندازیار,1462
11886,زانا مەحمود,سۆران,60,مامۆستا,914
11887,شنۆ حەسەن,هەڵەبجە,56,پارێزەر,2016
11888,سارا جاف,هەولێر,61,مامۆستا,1897
11889,هێمن سەعيد,سۆران,24,پزیشک,2405
11890,هێمن سۆران,ڕانیە,62,ژمێریار,1449
11891,تارا ئەحمەد,هەڵەبجە,63,پزیشک,1549
11892,کۆسار موكری,کۆیە,65,گەشەپێدەری سۆفتوێر,829
11893,سارا مەنگوڕی,کەرکووک,53,پزیشک,1217
11894,بەختیار مەنگوڕی,هەڵەبجە,49,گەشەپێدەری سۆفتوێر,1040
11895,سۆران جاف,کۆیە,56,وێنەگر,1557
11896,کوردستان موكری,ڕانیە,53,پارێزەر,2331
11897,بەختیار جاف,هەڵەبجە,31,مامۆستا,1710
11898,هێمن حەسەن,هەڵەبجە,37,وێنەگر,2010
11899,کوردستان گەرمیانی,دهۆک,29,وێنەگر,1503
11900,نیشتمان بابان,کەرکووک,37,دیزاینەر,1078
11901,هاوڕێ جاف,سۆران,44,ئەندازیار,1666
11902,ژیان گەرمیانی,کەرکووک,51,ئەندازیار,1344
11903,شێركۆ عەبدوڵڵا,کۆیە,50,مامۆستا,787
11904,سۆران گەرمیانی,سلێمانی,18,پارێزەر,1734
11905,دیار مەحمود,دهۆک,29,وێنەگر,601
11906,زانا بابان,دهۆک,55,پارێزەر,2287
11907,هێمن سۆران,سلێمانی,35,پارێزەر,2071
11908,سارا خۆشناو,ڕانیە,49,مامۆستا,2735
11909,دیار مەحمود,کۆیە,55,ڕۆژنامەنوس,885
11910,ژینۆ سەعيد,ڕانیە,63,ئەندازیار,2433
11911,ڕێبین عوسمان,هەڵەبجە,58,بازرگان,2512
11912,تانیا عومەر,کۆیە,62,دیزاینەر,1470
11913,کاروان موكری,سلێمانی,58,پزیشک,2931
11914,بەرزان حەسەن,کۆیە,49,ژمێریار,1569
11915,ژینۆ حەسەن,هەڵەبجە,33,ڕۆژنامەنوس,822
11916,کاروان سۆران,هەولێر,63,وێنەگر,784
11917,کاروان خۆشناو,هەڵەبجە,46,گەشەپێدەری سۆفتوێر,1711
11918,لەنیا كەریم,هەڵەبجە,33,مامۆستا,1925
11919,ئاری عەبدوڵڵا,کەرکووک,43,مامۆستا,1968
11920,تانیا گەرمیانی,کۆیە,33,بازرگان,3318
11921,تارا كەریم,ڕانیە,58,پزیشک,1023
11922,شێركۆ مەحمود,دهۆک,42,وێنەگر,686
11923,بەختیار جاف,کۆیە,21,گەشەپێدەری سۆفتوێر,2105
11924,شنۆ موكری,سۆران,48,مامۆستا,1172
11925,پشتیوان سەعيد,هەولێر,63,گەشەپێدەری سۆفتوێر,1705
11926,سارا عومەر,هەولێر,28,بازرگان,1506
11927,تانیا سۆران,دهۆک,49,پارێزەر,1821
11928,پشتیوان ئەحمەد,سۆران,20,وێنەگر,834
11929,کاروان حەسەن,دهۆک,43,ڕۆژنامەنوس,3427
11930,بەرزان قادر,سلێمانی,49,ژمێریار,1747
11931,سۆران جاف,سۆران,24,ڕۆژنامەنوس,547
11932,سۆزان عەبدوڵڵا,هەولێر,29,مامۆستا,3456
11933,هێمن كەریم,دهۆک,43,ئەندازیار,3261
11934,ژینۆ حەسەن,هەڵەبجە,21,بازرگان,1963
11935,کاروان مەحمود,سلێمانی,48,پزیشک,419
11936,ژیان موكری,کەرکووک,28,پارێزەر,2675
11937,سارا موكری,سۆران,65,پزیشک,1293
11938,پشتیوان قادر,کۆیە,48,پزیشک,630
11939,شێركۆ قادر,کۆیە,24,مامۆستا,939
11940,نیشتمان مەحمود,سلێمانی,33,پارێزەر,3368
11941,نیشتمان عومەر,سلێمانی,43,ئەندازیار,2399
11942,ئاری عوسمان,هەولێر,49,پارێزەر,1990
11943,ژیان كەریم,سۆران,32,بازرگان,1105
11944,هاوڕێ گەرمیانی,دهۆک,29,بازرگان,2863
11945,هاوڕێ قادر,دهۆک,22,پارێزەر,2425
11946,کاروان كەریم,هەولێر,40,پارێزەر,3363
11947,سۆران ئەحمەد,کۆیە,19,گەشەپێدەری سۆفتوێر,1716
11948,هێمن عەبدوڵڵا,سۆران,63,وێنەگر,1405
11949,دیار ئەحمەد,دهۆک,51,مامۆستا,3086
11950,شێركۆ عوسمان,هەڵەبجە,18,پزیشک,1820
11951,تارا عەبدوڵڵا,کەرکووک,57,ڕۆژنامەنوس,895
11952,سۆران بابان,سۆران,42,پارێزەر,1442
11953,بەختیار حەسەن,سلێمانی,61,وێنەگر,2052
11954,ئاری عوسمان,سۆران,41,بازرگان,1656
11955,لەنیا سەعيد,دهۆک,38,پزیشک,2769
11956,پشتیوان خۆشناو,دهۆک,51,گەشەپێدەری سۆفتوێر,3461
11957,هێمن جاف,کۆیە,48,مامۆستا,2732
11958,دیار مەحمود,دهۆک,62,وێنەگر,1110
11959,دیار عوسمان,دهۆک,27,ئەندازیار,547
11960,هەڵکەوت بابان,ڕانیە,63,گەشەپێدەری سۆفتوێر,1891
11961,سۆزان خۆشناو,هەولێر,33,دیزاینەر,813
11962,ژیان حەسەن,دهۆک,44,وێنەگر,3001
11963,زانا قادر,هەولێر,49,دیزاینەر,2643
11964,هەڵکەوت مەحمود,هەڵەبجە,36,ژمێریار,551
11965,ئاری قادر,سلێمانی,53,پزیشک,507
11966,تانیا حەسەن,کەرکووک,61,بازرگان,2689
11967,تارا سۆران,کۆیە,23,پارێزەر,2811
11968,پشتیوان خۆشناو,سۆران,65,پارێزەر,569
11969,ژیان عومەر,کەرکووک,47,پارێزەر,2945
11970,هاوڕێ مەنگوڕی,سۆران,46,دیزاینەر,2948
11971,پشتیوان عوسمان,هەڵەبجە,38,ڕۆژنامەنوس,3056
11972,لەنیا كەریم,دهۆک,62,ئەندازیار,1862
11973,ئاری موكری,ڕانیە,38,ڕۆژنامەنوس,1723
11974,بەرزان عوسمان,سلێمانی,39,مامۆستا,2003
11975,ڕێبین گەرمیانی,کۆیە,44,مامۆستا,531
11976,تارا مەحمود,دهۆک,33,ڕۆژنامەنوس,640
11977,بەرزان عەبدوڵڵا,کۆیە,33,مامۆستا,455
11978,هێمن ئەحمەد,ڕانیە,27,دیزاینەر,818
11979,هێمن ئەحمەد,کەرکووک,56,بازرگان,1376
11980,تانیا بابان,دهۆک,52,بازرگان,2281
11981,کاروان كەریم,کەرکووک,32,بازرگان,2340
11982,تانیا ئەحمەد,ڕانیە,33,ڕۆژنامەنوس,2595
11983,هاوڕێ عەبدوڵڵا,هەولێر,22,بازرگان,2919
11984,ئاری سۆران,ڕانیە,22,مامۆستا,1611
11985,دیار بابان,ڕانیە,46,مامۆستا,455
11986,ژینۆ گەرمیانی,هەولێر,60,ژمێریار,941
11987,بەرزان مەحمود,دهۆک,31,پارێزەر,3415
11988,لەنیا سەعيد,دهۆک,18,ئەندازیار,1151
11989,کۆسار مەحمود,ڕانیە,46,پارێزەر,2382
11990,ئاری موكری,هەولێر,26,ڕۆژنامەنوس,1446
11991,شنۆ عەبدوڵڵا,سلێمانی,25,گەشەپێدەری سۆفتوێر,2333
11992,سۆزان كەریم,کۆیە,57,گەشەپێدەری سۆفتوێر,1746
11993,تانیا ئەحمەد,کۆیە,23,گەشەپێدەری سۆفتوێر,1980
11994,تارا جاف,کۆیە,28,وێنەگر,3017
11995,نیشتمان حەسەن,کۆیە,35,دیزاینەر,3488
11996,سۆزان سەعيد,سلێمانی,41,پزیشک,1240
11997,شێركۆ گەرمیانی,دهۆک,19,ئەندازیار,2085
11998,لەنیا حەسەن,کەرکووک,37,مامۆستا,2380
11999,هاوڕێ خۆشناو,هەڵەبجە,48,بازرگان,865
12000,سۆزان موكری,دهۆک,31,بازرگان,884
12001,ڕێبین جاف,هەڵەبجە,38,پزیشک,551
12002,کاروان عوسمان,سۆران,34,وێنەگر,2764
12003,سۆزان جاف,کەرکووک,22,پزیشک,3366
12004,سۆران عەبدوڵڵا,کەرکووک,23,پزیشک,1772
12005,ژینۆ ئەحمەد,کۆیە,35,وێنەگر,752
12006,نیشتمان حەسەن,کەرکووک,47,مامۆستا,450
12007,کۆسار مەحمود,هەڵەبجە,44,وێنەگر,1404
12008,کۆسار عوسمان,ڕانیە,20,بازرگان,1591
12009,کۆسار بابان,سۆران,20,پزیشک,1742
12010,ڕێبین جاف,کەرکووک,31,ژمێریار,2211
12011,سۆران كەریم,هەڵەبجە,60,گەشەپێدەری سۆفتوێر,713
12012,بەرزان سەعيد,کۆیە,53,ڕۆژنامەنوس,2430
12013,پشتیوان مەحمود,کۆیە,19,ژمێریار,1263
12014,ئاری مەحمود,هەڵەبجە,35,گەشەپێدەری سۆفتوێر,1134
12015,ژیان خۆشناو,کۆیە,20,گەشەپێدەری سۆفتوێر,2181
12016,ڕێبین قادر,هەڵەبجە,21,پزیشک,3382
12017,ئاری سۆران,سلێمانی,57,پارێزەر,2574
12018,ژیان ئەحمەد,هەڵەبجە,51,گەشەپێدەری سۆفتوێر,2266
12019,پشتیوان قادر,دهۆک,59,پزیشک,1666
12020,کۆسار ئەحمەد,کەرکووک,64,گەشەپێدەری سۆفتوێر,3221
12021,لەنیا عوسمان,هەڵەبجە,50,گەشەپێدەری سۆفتوێر,2928
12022,بەختیار عومەر,هەڵەبجە,46,بازرگان,3126
12023,شێركۆ موكری,دهۆک,65,دیزاینەر,1589
12024,کوردستان بابان,کۆیە,40,بازرگان,3145
12025,کاروان بابان,هەولێر,39,مامۆستا,1096
12026,هەڵکەوت سۆران,دهۆک,20,ئەندازیار,1387
12027,ژیان عومەر,ڕانیە,29,دیزاینەر,1221
12028,تانیا عوسمان,کەرکووک,18,وێنەگر,2067
12029,پشتیوان موكری,هەولێر,41,پارێزەر,2382
12030,زانا جاف,کۆیە,50,گەشەپێدەری سۆفتوێر,1951
12031,لەنیا عومەر,کۆیە,40,مامۆستا,1204
12032,کوردستان گەرمیانی,سۆران,30,پزیشک,3325
12033,زانا عوسمان,سۆران,59,ئەندازیار,1214
12034,نیشتمان سەعيد,ڕانیە,52,پارێزەر,3328
12035,ڕێبین سەعيد,ڕانیە,54,ئەندازیار,2939
12036,دیار عەبدوڵڵا,هەولێر,32,بازرگان,2560
12037,شێركۆ سۆران,سلێمانی,24,گەشەپێدەری سۆفتوێر,1233
12038,ژیان مەحمود,کۆیە,63,پزیشک,3478
12039,هەڵکەوت كەریم,کەرکووک,22,پارێزەر,2938
12040,هاوڕێ جاف,هەولێر,41,پارێزەر,3378
12041,تارا حەسەن,کەرکووک,37,وێنەگر,818
12042,بەختیار قادر,کەرکووک,53,گەشەپێدەری سۆفتوێر,979
12043,بەرزان سەعيد,هەولێر,34,پارێزەر,2424
12044,نیشتمان مەنگوڕی,کۆیە,35,مامۆستا,3393
12045,ڕێبین عەبدوڵڵا,هەولێر,28,دیزاینەر,2787
12046,نیشتمان سەعيد,هەڵەبجە,31,مامۆستا,2298
12047,ئاری موكری,سۆران,59,پزیشک,1249
12048,پشتیوان ئەحمەد,دهۆک,33,پارێزەر,3060
12049,بەختیار مەحمود,سۆران,52,گەشەپێدەری سۆفتوێر,3231
12050,زانا عومەر,سۆران,64,ئەندازیار,1894
12051,شنۆ خۆشناو,کەرکووک,26,پارێزەر,1862
12052,دیار كەریم,سلێمانی,19,ڕۆژنامەنوس,1338
12053,پشتیوان مەحمود,کەرکووک,33,دیزاینەر,2091
12054,شنۆ سەعيد,دهۆک,52,ئەندازیار,2865
12055,ژینۆ خۆشناو,سلێمانی,50,بازرگان,1465
12056,هێمن خۆشناو,هەڵەبجە,62,پزیشک,3253
12057,ڕێبین موكری,دهۆک,55,بازرگان,544
12058,ئاری مەنگوڕی,ڕانیە,63,پارێزەر,981
12059,هاوڕێ جاف,سۆران,57,ژمێریار,3461
12060,بەختیار جاف,سلێمانی,21,وێنەگر,2010
12061,زانا موكری,هەڵەبجە,53,مامۆستا,3128
12062,سۆزان مەحمود,دهۆک,44,ئەندازیار,3254
12063,بەرزان خۆشناو,هەڵەبجە,27,گەشەپێدەری سۆفتوێر,2610
12064,ژینۆ جاف,هەولێر,44,دیزاینەر,2637
12065,نیشتمان خۆشناو,دهۆک,65,پزیشک,404
12066,شێركۆ جاف,هەڵەبجە,49,ڕۆژنامەنوس,2401
12067,شێركۆ حەسەن,هەولێر,52,دیزاینەر,1863
12068,سارا خۆشناو,دهۆک,34,بازرگان,1239
12069,شێركۆ عەبدوڵڵا,کۆیە,21,پزیشک,1339
12070,لەنیا بابان,سۆران,51,پارێزەر,1519
12071,پشتیوان مەحمود,ڕانیە,62,پزیشک,473
12072,شێركۆ سۆران,سلێمانی,28,پارێزەر,3470
12073,ژیان مەحمود,هەولێر,55,وێنەگر,2255
12074,هاوڕێ بابان,سلێمانی,45,پارێزەر,984
12075,هێمن مەنگوڕی,ڕانیە,61,مامۆستا,1413
12076,بەرزان مەحمود,سۆران,33,دیزاینەر,2112
12077,سۆران سۆران,ڕانیە,36,بازرگان,3277
12078,تارا حەسەن,سلێمانی,23,پزیشک,3380
12079,کۆسار عوسمان,کۆیە,31,دیزاینەر,3251
12080,نیشتمان موكری,کۆیە,47,ئەندازیار,484
12081,نیشتمان مەحمود,ڕانیە,33,ڕۆژنامەنوس,2537
12082,هێمن عوسمان,سلێمانی,54,بازرگان,2196
12083,نیشتمان كەریم,سلێمانی,37,دیزاینەر,2311
12084,سۆزان جاف,هەولێر,61,ڕۆژنامەنوس,923
12085,ژیان سەعيد,ڕانیە,35,دیزاینەر,1372
12086,ئاری بابان,سۆران,63,دیزاینەر,1355
12087,کاروان ئەحمەد,ڕانیە,49,پزیشک,1167
12088,کاروان سۆران,هەڵەبجە,59,مامۆستا,2093
12089,پشتیوان جاف,هەولێر,45,مامۆستا,518
12090,ئاری مەحمود,دهۆک,53,دیزاینەر,988
12091,ژینۆ سەعيد,ڕانیە,34,ڕۆژنامەنوس,1417
12092,تارا حەسەن,کۆیە,46,پارێزەر,1243
12093,شنۆ مەحمود,هەڵەبجە,44,وێنەگر,810
12094,پشتیوان موكری,سۆران,46,مامۆستا,981
12095,کوردستان خۆشناو,کۆیە,58,گەشەپێدەری سۆفتوێر,1500
12096,شنۆ بابان,سلێمانی,52,دیزاینەر,1643
12097,دیار كەریم,دهۆک,35,بازرگان,3026
12098,ڕێبین قادر,سلێمانی,49,وێنەگر,450
12099,بەرزان موكری,سۆران,55,پارێزەر,1104
12100,تانیا موكری,سلێمانی,58,ئەندازیار,728
12101,بەرزان خۆشناو,کۆیە,27,ژمێریار,2733
12102,هاوڕێ عوسمان,کۆیە,29,ڕۆژنامەنوس,1307
12103,شێركۆ بابان,ڕانیە,29,ڕۆژنامەنوس,2456
12104,ژیان حەسەن,ڕانیە,61,ڕۆژنامەنوس,1440
12105,تارا گەرمیانی,سۆران,38,پارێزەر,830
12106,هەڵکەوت مەنگوڕی,کۆیە,44,گەشەپێدەری سۆفتوێر,3473
12107,کوردستان بابان,هەڵەبجە,28,ژمێریار,1351
12108,ژینۆ عومەر,کەرکووک,49,مامۆستا,1293
12109,شێركۆ مەحمود,هەڵەبجە,23,ڕۆژنامەنوس,871
12110,کۆسار سەعيد,ڕانیە,40,ئەندازیار,2868
12111,نیشتمان بابان,دهۆک,34,مامۆستا,2943
12112,تانیا بابان,سۆران,23,دیزاینەر,3085
12113,تانیا جاف,هەڵەبجە,58,مامۆستا,2765
12114,بەرزان گەرمیانی,هەڵەبجە,44,گەشەپێدەری سۆفتوێر,1219
12115,شنۆ عومەر,هەولێر,25,ڕۆژنامەنوس,1080
12116,کۆسار مەحمود,کەرکووک,45,پارێزەر,1659
12117,کاروان بابان,ڕانیە,44,بازرگان,502
12118,شێركۆ ئەحمەد,کۆیە,38,ڕۆژنامەنوس,1036
12119,پشتیوان حەسەن,کۆیە,45,پزیشک,2168
12120,شنۆ عوسمان,دهۆک,55,پزیشک,3478
12121,هەڵکەوت سەعيد,هەڵەبجە,60,پارێزەر,2672
12122,بەرزان مەحمود,کۆیە,20,وێنەگر,406
12123,بەختیار مەنگوڕی,کۆیە,54,ئەندازیار,2232
12124,ژینۆ گەرمیانی,کەرکووک,51,ئەندازیار,2918
12125,سارا موكری,سلێمانی,40,وێنەگر,2506
12126,کوردستان سۆران,هەولێر,50,ژمێریار,826
12127,شێركۆ مەنگوڕی,دهۆک,43,پزیشک,2505
12128,سارا سۆران,کەرکووک,28,مامۆستا,2372
12129,نیشتمان سەعيد,هەڵەبجە,42,پارێزەر,594
12130,کۆسار موكری,سۆران,46,بازرگان,1062
12131,ئاری قادر,کەرکووک,32,وێنەگر,1470
12132,شنۆ عومەر,سۆران,31,وێنەگر,1693
12133,کوردستان مەحمود,هەولێر,35,وێنەگر,1918
12134,ژینۆ موكری,هەولێر,36,گەشەپێدەری سۆفتوێر,976
12135,پشتیوان خۆشناو,کۆیە,32,وێنەگر,2245
12136,تارا حەسەن,هەولێر,49,گەشەپێدەری سۆفتوێر,2124
12137,ڕێبین مەحمود,کۆیە,39,دیزاینەر,1622
12138,هەڵکەوت عەبدوڵڵا,سۆران,53,ڕۆژنامەنوس,490
12139,شێركۆ سەعيد,کۆیە,57,وێنەگر,777
12140,دیار موكری,سۆران,50,ڕۆژنامەنوس,3133
12141,هەڵکەوت سۆران,کەرکووک,40,ڕۆژنامەنوس,1950
12142,ڕێبین سۆران,دهۆک,54,پارێزەر,2198
12143,پشتیوان خۆشناو,هەولێر,34,وێنەگر,2174
12144,دیار گەرمیانی,دهۆک,33,وێنەگر,1541
12145,بەختیار سۆران,هەولێر,43,دیزاینەر,480
12146,تارا عومەر,ڕانیە,61,پزیشک,2499
12147,تارا سەعيد,هەولێر,48,گەشەپێدەری سۆفتوێر,853
12148,ژینۆ خۆشناو,کەرکووک,57,پارێزەر,544
12149,شێركۆ بابان,سۆران,31,پزیشک,2695
12150,بەختیار خۆشناو,کەرکووک,47,مامۆستا,2639
12151,سۆران عومەر,هەولێر,50,دیزاینەر,2321
12152,سۆران سۆران,سلێمانی,19,وێنەگر,557
12153,شنۆ جاف,ڕانیە,21,ژمێریار,1613
12154,کوردستان مەنگوڕی,ڕانیە,50,بازرگان,3081
12155,بەرزان سەعيد,سۆران,52,ژمێریار,1065
12156,ژیان سەعيد,کەرکووک,31,دیزاینەر,1739
12157,ئاری كەریم,کۆیە,54,گەشەپێدەری سۆفتوێر,590
12158,کاروان خۆشناو,هەڵەبجە,26,دیزاینەر,2848
12159,سۆزان بابان,هەولێر,44,وێنەگر,929
12160,هێمن مەنگوڕی,هەولێر,18,مامۆستا,521
12161,ژینۆ موكری,کەرکووک,61,مامۆستا,1816
12162,سۆزان خۆشناو,هەولێر,54,ڕۆژنامەنوس,2406
12163,سۆران عومەر,کۆیە,31,گەشەپێدەری سۆفتوێر,3494
12164,هەڵکەوت عەبدوڵڵا,هەڵەبجە,64,پارێزەر,2471
12165,سارا كەریم,ڕانیە,29,پزیشک,513
12166,ژینۆ عومەر,هەولێر,21,ژمێریار,2142
12167,پشتیوان موكری,هەولێر,53,دیزاینەر,1106
12168,سۆزان جاف,سۆران,30,ڕۆژنامەنوس,2870
12169,پشتیوان موكری,کەرکووک,42,مامۆستا,799
12170,تانیا سەعيد,دهۆک,21,گەشەپێدەری سۆفتوێر,2180
12171,ڕێبین عەبدوڵڵا,هەولێر,52,بازرگان,702
12172,لەنیا موكری,ڕانیە,43,پارێزەر,2816
12173,نیشتمان خۆشناو,کۆیە,48,ڕۆژنامەنوس,3454
12174,دیار بابان,دهۆک,28,پزیشک,2428
12175,شنۆ عوسمان,کەرکووک,45,وێنەگر,2767
12176,شێركۆ عەبدوڵڵا,هەڵەبجە,53,وێنەگر,1377
12177,تارا خۆشناو,کەرکووک,51,ژمێریار,2127
12178,بەرزان بابان,هەڵەبجە,58,پزیشک,2180
12179,ژیان جاف,هەولێر,24,بازرگان,839
12180,لەنیا گەرمیانی,سۆران,33,پارێزەر,3448
12181,تانیا عەبدوڵڵا,هەولێر,32,پزیشک,3070
12182,ژینۆ قادر,سۆران,18,وێنەگر,595
12183,کۆسار مەحمود,هەڵەبجە,24,ئەندازیار,3398
12184,سارا حەسەن,ڕانیە,24,ژمێریار,2459
12185,هاوڕێ كەریم,هەڵەبجە,45,بازرگان,2708
12186,ڕێبین خۆشناو,دهۆک,51,ڕۆژنامەنوس,3032
12187,نیشتمان عوسمان,هەڵەبجە,24,وێنەگر,1383
12188,کوردستان عوسمان,ڕانیە,65,ژمێریار,3067
12189,ڕێبین گەرمیانی,هەڵەبجە,56,بازرگان,1009
12190,هاوڕێ قادر,سلێمانی,29,ڕۆژنامەنوس,2707
12191,بەرزان مەنگوڕی,هەولێر,51,ژمێریار,883
12192,نیشتمان موكری,دهۆک,31,مامۆستا,673
12193,شێركۆ مەنگوڕی,کەرکووک,36,گەشەپێدەری سۆفتوێر,776
12194,کۆسار بابان,ڕانیە,65,مامۆستا,513
12195,بەرزان قادر,کۆیە,59,ژمێریار,3217
12196,بەرزان عەبدوڵڵا,کەرکووک,44,مامۆستا,2864
12197,ژیان سۆران,سلێمانی,53,ژمێریار,538
12198,ئاری جاف,هەولێر,40,بازرگان,2248
12199,سۆران خۆشناو,هەولێر,19,پارێزەر,3101
12200,پشتیوان عومەر,سۆران,56,دیزاینەر,2837
12201,هاوڕێ عوسمان,هەولێر,18,وێنەگر,598
12202,لەنیا عوسمان,هەڵەبجە,23,گەشەپێدەری سۆفتوێر,3135
12203,ئاری ئەحمەد,سلێمانی,59,بازرگان,1422
12204,تارا كەریم,هەولێر,48,پارێزەر,2969
12205,سۆزان مەحمود,کەرکووک,20,دیزاینەر,1130
12206,تانیا عوسمان,کۆیە,56,پزیشک,3269
12207,سارا مەحمود,دهۆک,63,مامۆستا,3240
12208,نیشتمان عوسمان,ڕانیە,60,ئەندازیار,1487
12209,نیشتمان سەعيد,ڕانیە,58,ئەندازیار,1998
12210,کاروان ئەحمەد,سلێمانی,63,وێنەگر,2145
12211,تارا خۆشناو,ڕانیە,45,ڕۆژنامەنوس,1467
12212,سۆزان سەعيد,سلێمانی,34,ژمێریار,3351
12213,تانیا مەحمود,کەرکووک,53,پزیشک,1616
12214,ژینۆ مەحمود,هەڵەبجە,61,ڕۆژنامەنوس,1738
12215,دیار خۆشناو,دهۆک,54,دیزاینەر,1762
12216,تانیا حەسەن,ڕانیە,58,وێنەگر,3284
12217,شنۆ موكری,سۆران,32,مامۆستا,983
12218,سارا مەنگوڕی,سلێمانی,64,ژمێریار,534
12219,دیار خۆشناو,سلێمانی,47,بازرگان,782
12220,ئاری عومەر,کۆیە,20,وێنەگر,1560
12221,بەختیار عەبدوڵڵا,دهۆک,27,مامۆستا,1962
12222,زانا مەحمود,ڕانیە,64,گەشەپێدەری سۆفتوێر,2053
12223,تانیا ئەحمەد,کۆیە,51,وێنەگر,2665
12224,شێركۆ ئەحمەد,هەڵەبجە,65,دیزاینەر,794
12225,بەختیار گەرمیانی,کەرکووک,43,ڕۆژنامەنوس,2143
12226,کۆسار سۆران,سۆران,18,ئەندازیار,738
12227,سۆزان مەحمود,هەولێر,20,پزیشک,2097
12228,تانیا عوسمان,سلێمانی,19,ڕۆژنامەنوس,3422
12229,هێمن گەرمیانی,کەرکووک,53,ڕۆژنامەنوس,1334
12230,هەڵکەوت عومەر,سلێمانی,36,ژمێریار,834
12231,بەرزان قادر,کۆیە,60,ڕۆژنامەنوس,2203
12232,سۆزان كەریم,هەولێر,51,پارێزەر,554
12233,کۆسار جاف,ڕانیە,45,پزیشک,635
12234,سۆزان كەریم,سۆران,31,گەشەپێدەری سۆفتوێر,588
12235,سارا مەحمود,ڕانیە,64,مامۆستا,2905
12236,سۆزان كەریم,ڕانیە,30,دیزاینەر,3364
12237,کۆسار حەسەن,سلێمانی,23,پزیشک,1903
12238,لەنیا سۆران,کۆیە,60,دیزاینەر,2140
12239,ئاری سەعيد,دهۆک,55,پارێزەر,1178
12240,ژیان موكری,کۆیە,63,ڕۆژنامەنوس,757
12241,سۆزان عەبدوڵڵا,سلێمانی,35,ئەندازیار,732
12242,لەنیا كەریم,سلێمانی,26,وێنەگر,1772
12243,لەنیا كەریم,ڕانیە,40,پزیشک,2195
12244,ئاری ئەحمەد,کۆیە,57,پارێزەر,3326
12245,ژینۆ سۆران,هەڵەبجە,36,وێنەگر,2201
12246,ژینۆ مەحمود,سۆران,33,گەشەپێدەری سۆفتوێر,623
12247,دیار مەنگوڕی,سلێمانی,50,پارێزەر,2846
12248,کاروان عومەر,ڕانیە,65,پارێزەر,3466
12249,تارا عەبدوڵڵا,سۆران,35,پارێزەر,1008
12250,سۆزان موكری,کۆیە,55,ڕۆژنامەنوس,1724
12251,پشتیوان موكری,هەولێر,59,پارێزەر,1738
12252,ڕێبین سەعيد,سۆران,34,دیزاینەر,2057
12253,ڕێبین عوسمان,ڕانیە,26,بازرگان,2753
12254,سارا عومەر,هەڵەبجە,46,پارێزەر,870
12255,شنۆ مەحمود,سلێمانی,44,وێنەگر,1560
12256,ژیان قادر,هەڵەبجە,39,مامۆستا,595
12257,پشتیوان عوسمان,سۆران,43,بازرگان,741
12258,لەنیا عوسمان,هەڵەبجە,45,ڕۆژنامەنوس,1806
12259,سۆزان عومەر,سۆران,43,ڕۆژنامەنوس,3260
12260,تارا عوسمان,سلێمانی,26,پارێزەر,2641
12261,زانا خۆشناو,کەرکووک,60,پارێزەر,659
12262,زانا خۆشناو,هەولێر,41,ئەندازیار,437
12263,سارا جاف,سۆران,37,مامۆستا,1622
12264,سارا عوسمان,دهۆک,40,وێنەگر,1646
12265,سۆزان سۆران,سۆران,60,بازرگان,1710
12266,کۆسار جاف,دهۆک,56,بازرگان,752
12267,هێمن عوسمان,دهۆک,65,پارێزەر,1726
12268,زانا عومەر,ڕانیە,46,ڕۆژنامەنوس,2585
12269,ژینۆ مەحمود,هەولێر,37,ژمێریار,2271
12270,لەنیا مەحمود,سلێمانی,34,وێنەگر,1081
12271,شێركۆ گەرمیانی,ڕانیە,57,دیزاینەر,436
12272,سارا موكری,کەرکووک,32,وێنەگر,3171
12273,سۆران سۆران,کۆیە,49,ئەندازیار,1108
12274,لەنیا مەحمود,سۆران,49,دیزاینەر,778
12275,تانیا سۆران,هەڵەبجە,55,پارێزەر,434
12276,شێركۆ قادر,هەولێر,28,گەشەپێدەری سۆفتوێر,3393
12277,سارا ئەحمەد,دهۆک,51,بازرگان,448
12278,شێركۆ كەریم,کۆیە,46,مامۆستا,3354
12279,شنۆ عومەر,کەرکووک,40,ئەندازیار,3419
12280,کۆسار كەریم,کۆیە,30,پزیشک,2035
12281,ڕێبین كەریم,هەڵەبجە,26,ژمێریار,3353
12282,کوردستان سەعيد,هەڵەبجە,22,ڕۆژنامەنوس,2613
12283,هاوڕێ مەنگوڕی,کۆیە,65,ئەندازیار,1361
12284,شنۆ ئەحمەد,کۆیە,47,پزیشک,2142
12285,ژیان سۆران,سلێمانی,35,ژمێریار,592
12286,کاروان عومەر,دهۆک,55,ژمێریار,2447
12287,هەڵکەوت خۆشناو,ڕانیە,20,بازرگان,2860
12288,دیار موكری,هەڵەبجە,39,دیزاینەر,3398
12289,بەختیار عەبدوڵڵا,ڕانیە,35,مامۆستا,2541
12290,تانیا سەعيد,هەڵەبجە,49,گەشەپێدەری سۆفتوێر,2302
12291,ئاری قادر,سلێمانی,59,وێنەگر,2353
12292,ڕێبین عومەر,سۆران,32,دیزاینەر,1510
12293,ژیان مەنگوڕی,سلێمانی,49,دیزاینەر,1692
12294,کۆسار خۆشناو,کۆیە,54,دیزاینەر,803
12295,سۆزان عوسمان,هەولێر,64,پارێزەر,3226
12296,بەرزان قادر,هەڵەبجە,63,وێنەگر,2435
12297,کوردستان حەسەن,سۆران,32,بازرگان,720
12298,هەڵکەوت سۆران,دهۆک,34,وێنەگر,1389
12299,کاروان مەحمود,هەڵەبجە,32,گەشەپێدەری سۆفتوێر,786
12300,کۆسار گەرمیانی,سلێمانی,22,ڕۆژنامەنوس,1857
12301,دیار كەریم,کەرکووک,63,پزیشک,1132
12302,بەختیار خۆشناو,ڕانیە,55,وێنەگر,887
12303,هێمن حەسەن,هەڵەبجە,27,دیزاینەر,3318
12304,کوردستان سەعيد,کۆیە,38,گەشەپێدەری سۆفتوێر,1072
12305,سۆران كەریم,هەولێر,47,مامۆستا,1032
12306,نیشتمان سەعيد,کەرکووک,59,مامۆستا,1634
12307,شنۆ گەرمیانی,کەرکووک,45,ژمێریار,1528
12308,شنۆ قادر,کەرکووک,53,ئەندازیار,1974
12309,شێركۆ موكری,سلێمانی,43,مامۆستا,1415
12310,ژینۆ كەریم,هەولێر,28,مامۆستا,1395
12311,بەختیار عومەر,هەولێر,30,دیزاینەر,2135
12312,سۆران بابان,دهۆک,50,وێنەگر,3308
12313,بەختیار قادر,هەولێر,51,گەشەپێدەری سۆفتوێر,2753
12314,هەڵکەوت حەسەن,ڕانیە,36,ئەندازیار,1117
12315,لەنیا خۆشناو,کەرکووک,37,ڕۆژنامەنوس,2651
12316,هێمن عوسمان,سۆران,24,ژمێریار,2257
12317,تارا حەسەن,ڕانیە,35,ئەندازیار,1020
12318,دیار حەسەن,کۆیە,36,ڕۆژنامەنوس,1443
12319,کۆسار گەرمیانی,کەرکووک,50,مامۆستا,2440
12320,ڕێبین عوسمان,هەولێر,35,بازرگان,940
12321,بەختیار كەریم,سلێمانی,44,بازرگان,3186
12322,کاروان عومەر,کۆیە,45,گەشەپێدەری سۆفتوێر,2956
12323,تانیا موكری,کەرکووک,37,ڕۆژنامەنوس,642
12324,لەنیا ئەحمەد,هەولێر,33,ڕۆژنامەنوس,914
12325,هەڵکەوت سەعيد,دهۆک,35,ئەندازیار,400
12326,هەڵکەوت عوسمان,ڕانیە,21,ژمێریار,2663
12327,بەختیار قادر,دهۆک,59,ئەندازیار,1507
12328,بەختیار قادر,کۆیە,32,مامۆستا,2409
12329,هاوڕێ خۆشناو,دهۆک,53,ژمێریار,2436
12330,ڕێبین گەرمیانی,ڕانیە,31,پزیشک,2617
12331,دیار سەعيد,هەولێر,51,دیزاینەر,799
12332,سۆزان مەنگوڕی,دهۆک,65,ڕۆژنامەنوس,2692
12333,ئاری عومەر,دهۆک,32,گەشەپێدەری سۆفتوێر,2361
12334,بەختیار بابان,هەولێر,46,وێنەگر,2510
12335,کاروان ئەحمەد,ڕانیە,54,ژمێریار,874
12336,ژینۆ بابان,هەولێر,44,وێنەگر,1575
12337,پشتیوان كەریم,ڕانیە,30,ڕۆژنامەنوس,3278
12338,زانا ئەحمەد,دهۆک,58,دیزاینەر,2582
12339,کوردستان سەعيد,سلێمانی,33,پارێزەر,3457
12340,ڕێبین بابان,دهۆک,63,وێنەگر,3204
12341,سۆران خۆشناو,هەولێر,21,پارێزەر,1967
12342,تارا بابان,سلێمانی,39,وێنەگر,2825
12343,هاوڕێ خۆشناو,ڕانیە,40,وێنەگر,3466
12344,بەرزان خۆشناو,کەرکووک,46,گەشەپێدەری سۆفتوێر,2075
12345,ئاری سەعيد,سلێمانی,64,وێنەگر,1110
12346,نیشتمان مەنگوڕی,هەڵەبجە,30,پارێزەر,785
12347,کوردستان جاف,هەڵەبجە,21,ئەندازیار,3130
12348,تانیا مەنگوڕی,هەولێر,51,پزیشک,2766
12349,شێركۆ ئەحمەد,هەولێر,27,مامۆستا,3245
12350,ئاری سەعيد,ڕانیە,33,ڕۆژنامەنوس,3017
12351,ژینۆ ئەحمەد,دهۆک,51,ژمێریار,1366
12352,شێركۆ مەنگوڕی,ڕانیە,61,ئەندازیار,3148
12353,دیار عەبدوڵڵا,هەڵەبجە,27,پزیشک,2026
12354,هێمن عوسمان,دهۆک,32,پارێزەر,1100
12355,پشتیوان سۆران,سلێمانی,48,ژمێریار,2566
12356,کاروان موكری,هەڵەبجە,40,پارێزەر,3395
12357,سارا عومەر,ڕانیە,29,دیزاینەر,2409
12358,لەنیا جاف,سۆران,41,پزیشک,3413
12359,کاروان عومەر,هەڵەبجە,38,ژمێریار,1831
12360,ڕێبین سۆران,هەولێر,33,ژمێریار,2475
12361,تانیا گەرمیانی,ڕانیە,50,وێنەگر,1161
12362,شێركۆ مەحمود,هەڵەبجە,23,پارێزەر,1387
12363,کۆسار بابان,هەولێر,46,بازرگان,2316
12364,کوردستان كەریم,هەڵەبجە,38,مامۆستا,3238
12365,هەڵکەوت كەریم,ڕانیە,44,گەشەپێدەری سۆفتوێر,635
12366,ژینۆ قادر,هەڵەبجە,50,ژمێریار,2300
12367,سۆران مەنگوڕی,ڕانیە,61,دیزاینەر,737
12368,شنۆ حەسەن,سلێمانی,65,دیزاینەر,2718
12369,نیشتمان عەبدوڵڵا,هەولێر,50,ئەندازیار,2453
12370,بەختیار سەعيد,کەرکووک,37,پزیشک,3118
12371,نیشتمان جاف,ڕانیە,50,وێنەگر,3344
12372,بەختیار عومەر,هەولێر,38,ژمێریار,1025
12373,ژیان ئەحمەد,سۆران,62,ئەندازیار,1312
12374,دیار خۆشناو,دهۆک,59,بازرگان,2404
12375,شێركۆ سەعيد,ڕانیە,31,گەشەپێدەری سۆفتوێر,1129
12376,نیشتمان مەحمود,هەڵەبجە,56,ڕۆژنامەنوس,3101
12377,لەنیا موكری,سلێمانی,53,ڕۆژنامەنوس,1189
12378,بەرزان عوسمان,سلێمانی,36,پزیشک,2474
12379,شێركۆ عەبدوڵڵا,کەرکووک,58,پزیشک,2882
12380,تانیا مەنگوڕی,کۆیە,30,ڕۆژنامەنوس,2480
12381,هێمن مەنگوڕی,دهۆک,18,ئەندازیار,2955
12382,بەختیار عوسمان,هەڵەبجە,30,ڕۆژنامەنوس,2167
12383,تانیا حەسەن,هەڵەبجە,36,ڕۆژنامەنوس,3303
12384,شنۆ سۆران,ڕانیە,38,ڕۆژنامەنوس,1038
12385,لەنیا خۆشناو,سۆران,40,وێنەگر,1731
12386,ئاری سۆران,هەولێر,44,مامۆستا,2834
12387,کۆسار جاف,سۆران,23,بازرگان,2614
12388,بەختیار بابان,کۆیە,36,ئەندازیار,1976
12389,تارا سەعيد,دهۆک,20,پزیشک,3186
12390,تانیا جاف,ڕانیە,23,ژمێریار,3413
12391,کۆسار كەریم,سلێمانی,65,پارێزەر,1644
12392,سۆران خۆشناو,ڕانیە,65,پزیشک,2739
12393,شنۆ جاف,سلێمانی,44,ئەندازیار,2166
12394,زانا عومەر,کۆیە,64,پزیشک,659
12395,ژیان عەبدوڵڵا,هەڵەبجە,52,مامۆستا,1777
12396,سارا مەحمود,کەرکووک,55,وێنەگر,2854
12397,شێركۆ سۆران,دهۆک,27,گەشەپێدەری سۆفتوێر,2450
12398,بەرزان سۆران,کۆیە,49,ئەندازیار,2017
12399,کۆسار گەرمیانی,ڕانیە,35,ئەندازیار,549
12400,هاوڕێ عوسمان,کەرکووک,61,پزیشک,2932
12401,دیار مەحمود,هەولێر,53,ئەندازیار,2657
12402,هەڵکەوت بابان,سلێمانی,59,مامۆستا,1055
12403,هاوڕێ بابان,هەولێر,45,ئەندازیار,1964
12404,کوردستان عوسمان,سلێمانی,53,پارێزەر,902
12405,کۆسار سەعيد,هەڵەبجە,30,مامۆستا,3038
12406,تانیا عومەر,هەڵەبجە,58,پزیشک,3302
12407,سۆران سۆران,کەرکووک,53,ئەندازیار,2749
12408,هێمن عومەر,هەڵەبجە,61,بازرگان,1640
12409,کاروان موكری,ڕانیە,22,پزیشک,482
12410,ئاری سۆران,هەولێر,35,مامۆستا,2402
12411,هەڵکەوت مەنگوڕی,هەڵەبجە,58,ڕۆژنامەنوس,2272
12412,کوردستان عوسمان,کۆیە,27,ڕۆژنامەنوس,1078
12413,هەڵکەوت موكری,سۆران,61,ڕۆژنامەنوس,1685
12414,پشتیوان قادر,سلێمانی,22,مامۆستا,629
12415,تانیا سەعيد,سلێمانی,28,پزیشک,2734
12416,کۆسار سەعيد,ڕانیە,59,پزیشک,2178
12417,زانا بابان,سلێمانی,42,بازرگان,3252
12418,نیشتمان گەرمیانی,ڕانیە,23,بازرگان,3099
12419,کوردستان جاف,کۆیە,39,پارێزەر,2121
12420,پشتیوان عوسمان,کۆیە,42,ئەندازیار,2638
12421,زانا عومەر,دهۆک,29,دیزاینەر,719
12422,کوردستان مەنگوڕی,کۆیە,59,دیزاینەر,3276
12423,بەرزان حەسەن,کۆیە,48,ئەندازیار,2178
12424,زانا حەسەن,ڕانیە,35,بازرگان,707
12425,سۆران قادر,سلێمانی,35,ڕۆژنامەنوس,1161
12426,پشتیوان عوسمان,دهۆک,28,پارێزەر,667
12427,زانا جاف,هەڵەبجە,40,پزیشک,585
12428,شێركۆ موكری,دهۆک,63,ڕۆژنامەنوس,3461
12429,کوردستان عوسمان,هەولێر,27,گەشەپێدەری سۆفتوێر,2965
12430,هەڵکەوت جاف,سۆران,42,پارێزەر,2996
12431,دیار كەریم,هەڵەبجە,29,وێنەگر,1710
12432,کاروان عوسمان,سلێمانی,56,وێنەگر,1877
12433,سۆران حەسەن,سلێمانی,48,پارێزەر,2903
12434,شێركۆ كەریم,دهۆک,35,پارێزەر,953
12435,دیار سەعيد,هەولێر,61,گەشەپێدەری سۆفتوێر,1513
12436,ڕێبین خۆشناو,سلێمانی,32,ڕۆژنامەنوس,3205
12437,ڕێبین عومەر,دهۆک,39,گەشەپێدەری سۆفتوێر,3324
12438,ڕێبین جاف,سۆران,25,ڕۆژنامەنوس,1433
12439,بەختیار حەسەن,هەڵەبجە,57,ژمێریار,1141
12440,بەختیار سۆران,دهۆک,44,ئەندازیار,652
12441,هەڵکەوت جاف,ڕانیە,42,دیزاینەر,1471
12442,تانیا بابان,هەڵەبجە,48,مامۆستا,558
12443,ڕێبین جاف,سلێمانی,28,ژمێریار,2939
12444,هاوڕێ موكری,کەرکووک,63,ئەندازیار,828
12445,ئاری مەنگوڕی,هەولێر,25,دیزاینەر,3020
12446,سۆزان عومەر,هەولێر,43,ژمێریار,2614
12447,پشتیوان قادر,سلێمانی,22,دیزاینەر,2959
12448,هێمن عوسمان,کۆیە,64,ڕۆژنامەنوس,2106
12449,ڕێبین بابان,سلێمانی,43,مامۆستا,624
12450,تانیا سەعيد,هەولێر,58,ژمێریار,1402
12451,کۆسار ئەحمەد,دهۆک,40,پزیشک,652
12452,نیشتمان گەرمیانی,کەرکووک,22,بازرگان,1459
12453,سارا كەریم,هەولێر,37,ئەندازیار,942
12454,ڕێبین گەرمیانی,دهۆک,32,بازرگان,1659
12455,کۆسار كەریم,کەرکووک,25,وێنەگر,2098
12456,نیشتمان عەبدوڵڵا,هەڵەبجە,21,بازرگان,1827
12457,دیار موكری,ڕانیە,50,پارێزەر,2190
12458,هاوڕێ سەعيد,سۆران,62,پارێزەر,2332
12459,سۆران سەعيد,کەرکووک,45,پزیشک,2867
12460,کۆسار عەبدوڵڵا,هەڵەبجە,53,پزیشک,1644
12461,کوردستان خۆشناو,هەولێر,48,وێنەگر,1262
12462,تارا عەبدوڵڵا,دهۆک,27,پارێزەر,1842
12463,نیشتمان عومەر,کەرکووک,36,پارێزەر,2947
12464,زانا مەنگوڕی,سۆران,31,ئەندازیار,1710
12465,ڕێبین كەریم,هەولێر,56,ڕۆژنامەنوس,3139
12466,سارا عومەر,ڕانیە,27,ڕۆژنامەنوس,3187
12467,شێركۆ مەنگوڕی,کەرکووک,42,گەشەپێدەری سۆفتوێر,3232
12468,نیشتمان ئەحمەد,سۆران,54,بازرگان,2575
12469,سارا عەبدوڵڵا,دهۆک,45,ڕۆژنامەنوس,1677
12470,ڕێبین ئەحمەد,سلێمانی,33,وێنەگر,531
12471,بەرزان عوسمان,سلێمانی,25,ژمێریار,2375
12472,ژیان خۆشناو,کەرکووک,59,ڕۆژنامەنوس,1180
12473,سارا قادر,دهۆک,22,پزیشک,3499
12474,شێركۆ ئەحمەد,هەڵەبجە,24,پارێزەر,2341
12475,ڕێبین عوسمان,سلێمانی,25,مامۆستا,1444
12476,کوردستان عەبدوڵڵا,هەولێر,37,دیزاینەر,1601
12477,سارا مەنگوڕی,سلێمانی,20,ژمێریار,2856
12478,ئاری مەنگوڕی,کەرکووک,27,گەشەپێدەری سۆفتوێر,2083
12479,شێركۆ بابان,دهۆک,45,پزیشک,1815
12480,زانا عوسمان,ڕانیە,60,ئەندازیار,2923
12481,بەختیار بابان,سلێمانی,45,ڕۆژنامەنوس,1975
12482,هاوڕێ عەبدوڵڵا,هەڵەبجە,26,وێنەگر,1609
12483,کوردستان خۆشناو,ڕانیە,31,گەشەپێدەری سۆفتوێر,2230
12484,لەنیا مەنگوڕی,سلێمانی,50,بازرگان,1798
12485,تارا خۆشناو,کەرکووک,52,پارێزەر,1657
12486,پشتیوان كەریم,سۆران,46,ژمێریار,503
12487,هاوڕێ مەحمود,کۆیە,29,ڕۆژنامەنوس,2382
12488,ژینۆ بابان,دهۆک,33,وێنەگر,2450
12489,سۆران جاف,هەڵەبجە,18,گەشەپێدەری سۆفتوێر,3119
12490,کۆسار خۆشناو,سلێمانی,58,پارێزەر,1096
12491,لەنیا جاف,کەرکووک,25,ژمێریار,1969
12492,سۆران مەحمود,کۆیە,56,مامۆستا,433
12493,کۆسار گەرمیانی,هەڵەبجە,61,پزیشک,3320
12494,ئاری عوسمان,هەولێر,31,ژمێریار,858
12495,سۆران جاف,سۆران,33,ڕۆژنامەنوس,2463
12496,هاوڕێ گەرمیانی,هەولێر,32,بازرگان,1273
12497,سارا جاف,ڕانیە,35,مامۆستا,565
12498,هێمن عومەر,هەڵەبجە,40,بازرگان,1417
12499,کۆسار عوسمان,کۆیە,34,گەشەپێدەری سۆفتوێر,3380
12500,دیار مەنگوڕی,دهۆک,54,ژمێریار,2619
12501,ژینۆ عوسمان,سلێمانی,47,وێنەگر,998
12502,زانا سەعيد,سلێمانی,26,بازرگان,1133
12503,شێركۆ سەعيد,هەولێر,60,بازرگان,2411
12504,هەڵکەوت مەحمود,هەولێر,28,ژمێریار,2984
12505,سارا سەعيد,هەڵەبجە,27,گەشەپێدەری سۆفتوێر,1084
12506,هێمن خۆشناو,دهۆک,41,ئەندازیار,866
12507,هاوڕێ كەریم,هەڵەبجە,54,ڕۆژنامەنوس,471
12508,هاوڕێ قادر,ڕانیە,26,ئەندازیار,2770
12509,پشتیوان كەریم,ڕانیە,40,ژمێریار,657
12510,لەنیا بابان,هەولێر,50,ڕۆژنامەنوس,3118
12511,کاروان عەبدوڵڵا,هەولێر,49,ئەندازیار,3478
12512,دیار گەرمیانی,دهۆک,20,پارێزەر,2058
12513,ئاری بابان,هەڵەبجە,54,بازرگان,2281
12514,شنۆ گەرمیانی,کەرکووک,45,وێنەگر,2531
12515,ژینۆ عوسمان,سلێمانی,26,مامۆستا,3161
12516,ژیان مەنگوڕی,هەڵەبجە,39,پارێزەر,2163
12517,شێركۆ حەسەن,هەولێر,25,ژمێریار,1624
12518,سۆزان بابان,دهۆک,35,وێنەگر,1145
12519,کۆسار حەسەن,ڕانیە,37,پزیشک,1193
12520,کۆسار حەسەن,ڕانیە,38,بازرگان,1322
12521,کۆسار عەبدوڵڵا,کۆیە,32,پارێزەر,672
12522,پشتیوان كەریم,کۆیە,20,مامۆستا,1070
12523,هاوڕێ سۆران,سۆران,58,گەشەپێدەری سۆفتوێر,3235
12524,شێركۆ موكری,دهۆک,46,گەشەپێدەری سۆفتوێر,728
12525,سۆزان مەنگوڕی,دهۆک,50,مامۆستا,2832
12526,بەرزان سۆران,کەرکووک,50,ڕۆژنامەنوس,2770
12527,ژیان عەبدوڵڵا,کۆیە,58,ژمێریار,1498
12528,هەڵکەوت كەریم,سلێمانی,56,ڕۆژنامەنوس,3470
12529,سۆزان خۆشناو,ڕانیە,55,وێنەگر,2537
12530,سارا عومەر,کەرکووک,35,مامۆستا,3001
12531,ژینۆ قادر,کۆیە,56,وێنەگر,849
12532,ژینۆ خۆشناو,دهۆک,30,ژمێریار,1242
12533,پشتیوان خۆشناو,سۆران,52,دیزاینەر,3280
12534,نیشتمان جاف,ڕانیە,21,مامۆستا,3069
12535,ژیان گەرمیانی,کەرکووک,27,بازرگان,1257
12536,دیار جاف,دهۆک,54,بازرگان,767
12537,سۆران گەرمیانی,کۆیە,53,ژمێریار,3067
12538,زانا موكری,سۆران,34,ئەندازیار,3064
12539,کاروان ئەحمەد,ڕانیە,44,وێنەگر,1740
12540,هاوڕێ كەریم,سۆران,23,مامۆستا,1023
12541,پشتیوان گەرمیانی,سۆران,61,مامۆستا,1989
12542,کوردستان مەنگوڕی,هەڵەبجە,38,بازرگان,2079
12543,سۆران مەنگوڕی,هەڵەبجە,42,پارێزەر,2692
12544,ئاری ئەحمەد,دهۆک,60,ئەندازیار,3018
12545,ژیان قادر,سلێمانی,40,بازرگان,737
12546,بەرزان خۆشناو,سلێمانی,24,مامۆستا,2248
12547,هێمن عوسمان,ڕانیە,31,گەشەپێدەری سۆفتوێر,3259
12548,هەڵکەوت سەعيد,دهۆک,63,ژمێریار,1464
12549,شنۆ عەبدوڵڵا,سلێمانی,59,وێنەگر,1218
12550,شێركۆ عەبدوڵڵا,سلێمانی,42,ئەندازیار,2499
12551,بەرزان سۆران,هەولێر,20,پارێزەر,1380
12552,شێركۆ عومەر,هەڵەبجە,33,ڕۆژنامەنوس,3359
12553,هاوڕێ قادر,سۆران,57,گەشەپێدەری سۆفتوێر,666
12554,تارا جاف,ڕانیە,22,ڕۆژنامەنوس,2445
12555,کاروان سۆران,سۆران,37,ئەندازیار,1847
12556,ئاری مەنگوڕی,هەڵەبجە,46,گەشەپێدەری سۆفتوێر,2001
12557,شنۆ كەریم,هەڵەبجە,31,دیزاینەر,1348
12558,ژینۆ مەنگوڕی,سلێمانی,51,پزیشک,635
12559,هاوڕێ خۆشناو,سۆران,38,پارێزەر,3267
12560,نیشتمان موكری,کۆیە,64,وێنەگر,697
12561,کوردستان عوسمان,کەرکووک,45,مامۆستا,3360
12562,نیشتمان مەحمود,کۆیە,65,ڕۆژنامەنوس,1702
12563,شنۆ جاف,سلێمانی,56,بازرگان,467
12564,لەنیا عەبدوڵڵا,هەولێر,58,ژمێریار,2809
12565,بەرزان بابان,سۆران,23,ئەندازیار,520
12566,شنۆ مەحمود,سۆران,40,مامۆستا,546
12567,پشتیوان موكری,سلێمانی,45,ڕۆژنامەنوس,1756
12568,بەختیار موكری,کەرکووک,42,مامۆستا,2426
12569,سۆران موكری,هەڵەبجە,34,گەشەپێدەری سۆفتوێر,2849
12570,هێمن مەحمود,ڕانیە,21,وێنەگر,1383
12571,شێركۆ موكری,سلێمانی,39,بازرگان,410
12572,سۆزان مەنگوڕی,سلێمانی,44,پارێزەر,800
12573,بەرزان جاف,ڕانیە,58,مامۆستا,900
12574,ئاری سۆران,کۆیە,49,وێنەگر,2684
12575,کوردستان گەرمیانی,دهۆک,37,ڕۆژنامەنوس,1401
12576,ڕێبین جاف,سلێمانی,56,بازرگان,2847
12577,لەنیا كەریم,سلێمانی,34,مامۆستا,3168
12578,هاوڕێ عوسمان,کەرکووک,49,گەشەپێدەری سۆفتوێر,1579
12579,ژینۆ مەنگوڕی,کەرکووک,19,وێنەگر,1591
12580,ژیان حەسەن,کەرکووک,47,پارێزەر,3392
12581,تارا بابان,هەڵەبجە,39,وێنەگر,429
12582,زانا سۆران,دهۆک,20,ڕۆژنامەنوس,435
12583,ئاری سەعيد,هەولێر,39,وێنەگر,2277
12584,کوردستان خۆشناو,سلێمانی,28,بازرگان,1375
12585,نیشتمان موكری,سلێمانی,29,وێنەگر,3357
12586,تارا عومەر,هەڵەبجە,25,دیزاینەر,635
12587,بەختیار موكری,سۆران,54,مامۆستا,629
12588,کوردستان جاف,ڕانیە,61,ڕۆژنامەنوس,1414
12589,سارا موكری,ڕانیە,18,ڕۆژنامەنوس,1496
12590,ژیان عەبدوڵڵا,کەرکووک,42,بازرگان,1245
12591,هەڵکەوت جاف,سلێمانی,64,وێنەگر,1314
12592,کوردستان بابان,کەرکووک,36,مامۆستا,446
12593,کۆسار عەبدوڵڵا,سۆران,38,ئەندازیار,2998
12594,ژیان كەریم,ڕانیە,22,بازرگان,2473
12595,پشتیوان جاف,کەرکووک,30,دیزاینەر,3208
12596,ژیان گەرمیانی,ڕانیە,55,ئەندازیار,3284
12597,بەختیار سەعيد,هەولێر,42,ئەندازیار,3131
12598,هەڵکەوت حەسەن,کۆیە,24,ڕۆژنامەنوس,2616
12599,سارا بابان,هەولێر,30,ڕۆژنامەنوس,974
12600,کاروان عومەر,کەرکووک,37,وێنەگر,2568
12601,سارا موكری,سلێمانی,55,ڕۆژنامەنوس,1308
12602,بەختیار عوسمان,کەرکووک,44,مامۆستا,2525
12603,شنۆ سەعيد,کۆیە,34,ژمێریار,1864
12604,سارا كەریم,کەرکووک,24,مامۆستا,1812
12605,کوردستان سۆران,هەولێر,53,بازرگان,1511
12606,بەرزان حەسەن,هەولێر,63,وێنەگر,454
12607,زانا عومەر,کۆیە,54,پزیشک,1265
12608,سۆران خۆشناو,سۆران,20,بازرگان,1137
12609,ڕێبین خۆشناو,دهۆک,50,مامۆستا,2654
12610,نیشتمان جاف,هەولێر,25,گەشەپێدەری سۆفتوێر,3046
12611,کوردستان خۆشناو,هەڵەبجە,22,ئەندازیار,2063
12612,ڕێبین ئەحمەد,سۆران,48,پارێزەر,2059
12613,تانیا سەعيد,دهۆک,20,پارێزەر,674
12614,ژینۆ سۆران,هەڵەبجە,61,مامۆستا,3384
12615,کۆسار كەریم,سۆران,63,ئەندازیار,1195
12616,ئاری موكری,سۆران,50,گەشەپێدەری سۆفتوێر,3398
12617,سۆزان مەنگوڕی,هەڵەبجە,40,دیزاینەر,2147
12618,ڕێبین عوسمان,کەرکووک,29,گەشەپێدەری سۆفتوێر,995
12619,بەختیار سەعيد,کۆیە,21,وێنەگر,3062
12620,کاروان جاف,کۆیە,42,ئەندازیار,1530
12621,کوردستان خۆشناو,دهۆک,32,ژمێریار,2166
12622,هاوڕێ كەریم,هەڵەبجە,28,بازرگان,2232
12623,سارا عوسمان,سۆران,65,ئەندازیار,430
12624,کوردستان كەریم,سۆران,48,ڕۆژنامەنوس,2392
12625,ژیان عومەر,ڕانیە,38,ئەندازیار,1720
12626,زانا سۆران,ڕانیە,31,مامۆستا,2657
12627,دیار عەبدوڵڵا,کەرکووک,41,مامۆستا,800
12628,ژینۆ قادر,کەرکووک,26,پزیشک,488
12629,شێركۆ كەریم,ڕانیە,39,ئەندازیار,3160
12630,هێمن خۆشناو,دهۆک,52,وێنەگر,3271
12631,ژیان مەنگوڕی,ڕانیە,57,ژمێریار,1031
12632,نیشتمان مەنگوڕی,سلێمانی,51,پارێزەر,1252
12633,ئاری عەبدوڵڵا,هەولێر,29,گەشەپێدەری سۆفتوێر,1362
12634,تانیا عوسمان,سۆران,35,پزیشک,3314
12635,هەڵکەوت گەرمیانی,ڕانیە,21,مامۆستا,3131
12636,سارا كەریم,ڕانیە,21,پارێزەر,2316
12637,ژینۆ كەریم,ڕانیە,33,دیزاینەر,3375
12638,بەختیار مەحمود,ڕانیە,44,پارێزەر,1515
12639,کاروان مەحمود,کۆیە,37,ڕۆژنامەنوس,2266
12640,شێركۆ قادر,کەرکووک,60,پزیشک,2460
12641,کۆسار ئەحمەد,ڕانیە,27,ڕۆژنامەنوس,2294
12642,بەرزان جاف,کۆیە,35,بازرگان,869
12643,ڕێبین سۆران,سۆران,51,مامۆستا,3431
12644,هێمن ئەحمەد,سلێمانی,64,وێنەگر,2536
12645,بەرزان ئەحمەد,ڕانیە,29,ژمێریار,1095
12646,بەختیار حەسەن,کەرکووک,61,مامۆستا,684
12647,ژیان ئەحمەد,ڕانیە,55,دیزاینەر,2605
12648,تارا قادر,ڕانیە,35,پزیشک,1522
12649,زانا عومەر,دهۆک,62,پارێزەر,2498
12650,ژیان جاف,ڕانیە,59,بازرگان,535
12651,ڕێبین حەسەن,هەڵەبجە,25,مامۆستا,1774
12652,ژینۆ عومەر,هەولێر,19,ئەندازیار,2774
12653,کۆسار مەنگوڕی,سلێمانی,60,بازرگان,1482
12654,لەنیا جاف,هەولێر,21,وێنەگر,1774
12655,ژینۆ عەبدوڵڵا,سلێمانی,22,ڕۆژنامەنوس,2624
12656,کوردستان عوسمان,دهۆک,36,ژمێریار,2266
12657,نیشتمان بابان,هەولێر,33,ڕۆژنامەنوس,1844
12658,ژینۆ خۆشناو,دهۆک,23,دیزاینەر,1007
12659,شنۆ عەبدوڵڵا,هەولێر,20,وێنەگر,1522
12660,سارا جاف,دهۆک,32,پارێزەر,1517
12661,ئاری حەسەن,دهۆک,49,پارێزەر,2784
12662,بەرزان سەعيد,کەرکووک,34,بازرگان,1605
12663,کۆسار خۆشناو,دهۆک,64,پزیشک,401
12664,کوردستان جاف,هەولێر,26,مامۆستا,1380
12665,سارا كەریم,ڕانیە,25,ڕۆژنامەنوس,2300
12666,هێمن عومەر,کۆیە,37,دیزاینەر,3215
12667,شێركۆ سەعيد,دهۆک,63,دیزاینەر,2573
12668,بەختیار گەرمیانی,سلێمانی,37,بازرگان,2041
12669,نیشتمان حەسەن,هەڵەبجە,24,پارێزەر,673
12670,سۆران قادر,سلێمانی,18,بازرگان,1396
12671,لەنیا عومەر,سلێمانی,25,مامۆستا,1405
12672,ئاری گەرمیانی,کەرکووک,28,پارێزەر,800
12673,تارا عوسمان,هەولێر,61,پزیشک,3441
12674,شێركۆ ئەحمەد,دهۆک,52,ڕۆژنامەنوس,1152
12675,شنۆ قادر,دهۆک,46,ژمێریار,1130
12676,بەرزان عوسمان,ڕانیە,52,بازرگان,540
12677,بەختیار حەسەن,کەرکووک,65,دیزاینەر,1501
12678,سارا گەرمیانی,کۆیە,29,وێنەگر,1156
12679,پشتیوان عوسمان,سۆران,41,ئەندازیار,1548
12680,تانیا خۆشناو,هەڵەبجە,25,دیزاینەر,3059
12681,هێمن سەعيد,کەرکووک,59,ئەندازیار,2695
12682,شنۆ موكری,کۆیە,43,پزیشک,3360
12683,شێركۆ حەسەن,سلێمانی,52,پارێزەر,3330
12684,تانیا عەبدوڵڵا,کۆیە,47,گەشەپێدەری سۆفتوێر,954
12685,کاروان مەنگوڕی,دهۆک,65,ڕۆژنامەنوس,1423
12686,کاروان بابان,کۆیە,41,بازرگان,3339
12687,سۆران جاف,سۆران,44,پزیشک,2496
12688,کوردستان جاف,سۆران,65,دیزاینەر,2644
12689,سارا جاف,ڕانیە,19,پارێزەر,2732
12690,ژیان جاف,کۆیە,20,پارێزەر,3245
12691,ژیان عەبدوڵڵا,سلێمانی,59,دیزاینەر,1792
12692,کاروان كەریم,دهۆک,45,ڕۆژنامەنوس,1700
12693,کاروان موكری,دهۆک,50,ڕۆژنامەنوس,1283
12694,سارا عەبدوڵڵا,هەولێر,38,پزیشک,3417
12695,سارا مەنگوڕی,دهۆک,58,ڕۆژنامەنوس,2510
12696,ڕێبین كەریم,کۆیە,29,وێنەگر,2796
12697,نیشتمان بابان,هەولێر,25,پزیشک,3363
12698,کوردستان جاف,ڕانیە,65,وێنەگر,3011
12699,زانا ئەحمەد,سۆران,38,وێنەگر,3427
12700,نیشتمان حەسەن,سلێمانی,65,بازرگان,640
12701,بەرزان عومەر,کەرکووک,58,پارێزەر,2319
12702,لەنیا عومەر,سلێمانی,56,بازرگان,1807
12703,ئاری خۆشناو,کەرکووک,47,مامۆستا,2380
12704,زانا موكری,سلێمانی,39,دیزاینەر,1364
12705,دیار خۆشناو,هەڵەبجە,50,دیزاینەر,3492
12706,سۆران كەریم,سلێمانی,27,ئەندازیار,1953
12707,کۆسار كەریم,کەرکووک,35,ڕۆژنامەنوس,1939
12708,کوردستان سۆران,دهۆک,30,پارێزەر,2999
12709,زانا خۆشناو,دهۆک,49,مامۆستا,2795
12710,لەنیا عومەر,هەولێر,42,ڕۆژنامەنوس,2558
12711,شنۆ سۆران,هەڵەبجە,47,پزیشک,1731
12712,نیشتمان مەنگوڕی,سۆران,36,ئەندازیار,412
12713,هاوڕێ بابان,هەولێر,21,گەشەپێدەری سۆفتوێر,2215
12714,نیشتمان سۆران,هەولێر,48,ئەندازیار,1406
12715,پشتیوان خۆشناو,هەڵەبجە,37,بازرگان,3185
12716,لەنیا سەعيد,کۆیە,33,پارێزەر,2329
12717,پشتیوان سەعيد,کەرکووک,59,دیزاینەر,1770
12718,سۆران بابان,سلێمانی,58,پارێزەر,570
12719,پشتیوان سۆران,هەولێر,47,گەشەپێدەری سۆفتوێر,416
12720,بەختیار حەسەن,سۆران,33,مامۆستا,3352
12721,شێركۆ عوسمان,دهۆک,54,بازرگان,3288
12722,پشتیوان موكری,هەڵەبجە,32,ژمێریار,851
12723,کۆسار مەنگوڕی,کەرکووک,35,ژمێریار,443
12724,نیشتمان عومەر,سۆران,28,دیزاینەر,1354
12725,لەنیا موكری,دهۆک,61,وێنەگر,1777
12726,تانیا گەرمیانی,کۆیە,58,ڕۆژنامەنوس,2590
12727,شنۆ جاف,دهۆک,24,مامۆستا,2133
12728,تانیا عەبدوڵڵا,دهۆک,30,بازرگان,2632
12729,نیشتمان سۆران,کەرکووک,60,گەشەپێدەری سۆفتوێر,2689
12730,هاوڕێ ئەحمەد,کۆیە,20,گەشەپێدەری سۆفتوێر,781
12731,بەختیار جاف,هەڵەبجە,42,دیزاینەر,2226
12732,هێمن سەعيد,دهۆک,34,گەشەپێدەری سۆفتوێر,1700
12733,تارا ئەحمەد,هەڵەبجە,55,پارێزەر,763
12734,ژیان گەرمیانی,هەڵەبجە,47,وێنەگر,1229
12735,تانیا سۆران,هەولێر,24,گەشەپێدەری سۆفتوێر,1112
12736,هێمن مەحمود,سۆران,62,بازرگان,3359
12737,ژینۆ كەریم,کەرکووک,19,ڕۆژنامەنوس,2373
12738,بەختیار قادر,سۆران,42,پزیشک,3300
12739,کاروان خۆشناو,ڕانیە,54,ڕۆژنامەنوس,768
12740,هاوڕێ عومەر,سۆران,65,گەشەپێدەری سۆفتوێر,1376
12741,زانا عوسمان,ڕانیە,30,وێنەگر,2235
12742,هەڵکەوت عوسمان,هەڵەبجە,43,پارێزەر,1517
12743,سۆزان گەرمیانی,دهۆک,36,مامۆستا,2511
12744,تارا خۆشناو,کۆیە,34,پزیشک,607
12745,هێمن سۆران,هەولێر,36,ژمێریار,3150
12746,نیشتمان ئەحمەد,هەڵەبجە,28,دیزاینەر,526
12747,سارا سەعيد,هەولێر,51,پارێزەر,3090
12748,تارا موكری,کۆیە,36,گەشەپێدەری سۆفتوێر,1584
12749,تارا مەنگوڕی,ڕانیە,18,بازرگان,2726
12750,بەرزان ئەحمەد,دهۆک,36,مامۆستا,2725
12751,سارا سەعيد,هەڵەبجە,38,وێنەگر,3423
12752,هەڵکەوت سۆران,هەڵەبجە,42,دیزاینەر,2578
12753,ژینۆ موكری,سلێمانی,59,پزیشک,1616
12754,ژیان قادر,کەرکووک,52,مامۆستا,2919
12755,هاوڕێ گەرمیانی,کۆیە,51,پارێزەر,1694
12756,دیار عەبدوڵڵا,کۆیە,55,ژمێریار,2808
12757,شنۆ بابان,هەولێر,58,ئەندازیار,1032
12758,لەنیا سەعيد,کۆیە,20,ژمێریار,811
12759,ژیان قادر,سۆران,31,پارێزەر,2709
12760,هەڵکەوت موكری,کەرکووک,44,ژمێریار,1299
12761,ئاری خۆشناو,ڕانیە,23,ئەندازیار,994
12762,ژینۆ مەنگوڕی,سۆران,38,بازرگان,3422
12763,ژیان عەبدوڵڵا,هەولێر,63,ئەندازیار,3124
12764,زانا ئەحمەد,سۆران,59,وێنەگر,2848
12765,دیار حەسەن,دهۆک,27,پزیشک,1503
12766,دیار بابان,هەولێر,35,دیزاینەر,1337
12767,هاوڕێ مەحمود,ڕانیە,55,پارێزەر,1580
12768,بەرزان ئەحمەد,ڕانیە,28,پزیشک,1818
12769,هەڵکەوت عوسمان,دهۆک,30,پارێزەر,1977
12770,هێمن گەرمیانی,هەڵەبجە,40,پزیشک,522
12771,ڕێبین سۆران,سۆران,19,پزیشک,493
12772,پشتیوان خۆشناو,هەولێر,58,دیزاینەر,2985
12773,تانیا مەحمود,سلێمانی,24,ئەندازیار,2005
12774,ژیان عومەر,ڕانیە,53,پارێزەر,486
12775,هەڵکەوت گەرمیانی,سۆران,59,ژمێریار,2063
12776,هاوڕێ بابان,سلێمانی,36,بازرگان,872
12777,ڕێبین بابان,هەڵەبجە,39,دیزاینەر,1344
12778,زانا كەریم,دهۆک,34,مامۆستا,2548
12779,ژینۆ ئەحمەد,کەرکووک,19,ڕۆژنامەنوس,693
12780,شێركۆ مەحمود,کەرکووک,44,ژمێریار,484
12781,کوردستان موكری,سۆران,32,گەشەپێدەری سۆفتوێر,940
12782,سارا خۆشناو,هەولێر,55,پزیشک,2834
12783,بەرزان موكری,سلێمانی,46,ئەندازیار,1403
12784,هێمن عەبدوڵڵا,سلێمانی,57,ئەندازیار,1742
12785,زانا گەرمیانی,هەولێر,46,پارێزەر,2741
12786,سارا ئەحمەد,دهۆک,40,پارێزەر,1370
12787,کاروان عەبدوڵڵا,ڕانیە,37,ژمێریار,2983
12788,کۆسار قادر,دهۆک,34,ڕۆژنامەنوس,619
12789,شنۆ عوسمان,دهۆک,61,بازرگان,1210
12790,ژینۆ موكری,دهۆک,62,وێنەگر,2297
12791,بەرزان سۆران,هەڵەبجە,19,ژمێریار,1396
12792,کوردستان مەنگوڕی,ڕانیە,30,دیزاینەر,1769
12793,هێمن سەعيد,دهۆک,56,ژمێریار,3089
12794,زانا بابان,هەولێر,51,بازرگان,3300
12795,سۆزان عەبدوڵڵا,دهۆک,26,گەشەپێدەری سۆفتوێر,3219
12796,تانیا حەسەن,ڕانیە,52,پارێزەر,1375
12797,تانیا ئەحمەد,سلێمانی,30,مامۆستا,756
12798,زانا عوسمان,هەولێر,21,پارێزەر,1080
12799,ڕێبین موكری,هەولێر,59,پزیشک,1718
12800,ژینۆ سەعيد,کۆیە,33,وێنەگر,2682
12801,بەرزان خۆشناو,هەڵەبجە,40,پزیشک,2396
12802,هەڵکەوت عومەر,کۆیە,61,گەشەپێدەری سۆفتوێر,1024
12803,تانیا جاف,هەڵەبجە,54,ژمێریار,1696
12804,تانیا خۆشناو,سۆران,62,ڕۆژنامەنوس,2301
12805,سۆران ئەحمەد,هەڵەبجە,23,پارێزەر,1273
12806,کاروان ئەحمەد,هەڵەبجە,63,دیزاینەر,856
12807,ژینۆ عومەر,هەولێر,54,ئەندازیار,1758
12808,سارا كەریم,هەولێر,65,پارێزەر,3230
12809,ژیان موكری,هەولێر,28,دیزاینەر,3076
12810,لەنیا سەعيد,هەولێر,63,مامۆستا,2763
12811,سارا قادر,هەڵەبجە,23,ئەندازیار,1363
12812,ئاری جاف,سلێمانی,61,بازرگان,1475
12813,هەڵکەوت عوسمان,دهۆک,59,ڕۆژنامەنوس,1861
12814,هەڵکەوت خۆشناو,ڕانیە,34,ژمێریار,431
12815,شێركۆ مەحمود,سۆران,60,پزیشک,533
12816,ئاری گەرمیانی,هەڵەبجە,60,بازرگان,2208
12817,ڕێبین حەسەن,دهۆک,20,دیزاینەر,2442
12818,ژینۆ بابان,سلێمانی,37,ڕۆژنامەنوس,3220
12819,سۆزان قادر,دهۆک,49,ڕۆژنامەنوس,1797
12820,ئاری قادر,هەولێر,21,گەشەپێدەری سۆفتوێر,2045
12821,بەرزان گەرمیانی,سۆران,26,ڕۆژنامەنوس,2677
12822,پشتیوان خۆشناو,هەولێر,25,ڕۆژنامەنوس,1139
12823,لەنیا ئەحمەد,دهۆک,62,بازرگان,2862
12824,دیار خۆشناو,هەولێر,23,وێنەگر,1582
12825,ئاری موكری,ڕانیە,39,ئەندازیار,1306
12826,ڕێبین حەسەن,هەڵەبجە,61,ژمێریار,2916
12827,نیشتمان خۆشناو,کۆیە,63,پارێزەر,2022
12828,دیار گەرمیانی,دهۆک,63,پارێزەر,3452
12829,شنۆ كەریم,سلێمانی,41,بازرگان,553
12830,نیشتمان موكری,سۆران,37,ئەندازیار,922
12831,لەنیا سەعيد,کۆیە,45,ڕۆژنامەنوس,1529
12832,ڕێبین عەبدوڵڵا,سلێمانی,64,بازرگان,3008
12833,سارا مەنگوڕی,هەڵەبجە,59,بازرگان,2908
12834,کوردستان مەحمود,ڕانیە,40,پزیشک,548
12835,لەنیا سۆران,دهۆک,57,مامۆستا,622
12836,پشتیوان كەریم,دهۆک,59,گەشەپێدەری سۆفتوێر,471
12837,ڕێبین جاف,کەرکووک,37,گەشەپێدەری سۆفتوێر,2135
12838,زانا عوسمان,سلێمانی,62,ژمێریار,920
12839,هێمن ئەحمەد,سلێمانی,35,ژمێریار,2535
12840,پشتیوان عومەر,هەولێر,54,پزیشک,2686
12841,تارا موكری,هەولێر,32,ژمێریار,2190
12842,سارا كەریم,سلێمانی,61,ژمێریار,886
12843,هاوڕێ عەبدوڵڵا,سلێمانی,21,وێنەگر,878
12844,هێمن مەنگوڕی,کەرکووک,45,بازرگان,2896
12845,ڕێبین عەبدوڵڵا,سۆران,26,پارێزەر,1599
12846,بەرزان سەعيد,هەولێر,32,مامۆستا,2383
12847,کاروان سەعيد,ڕانیە,53,دیزاینەر,3333
12848,هێمن گەرمیانی,دهۆک,47,ئەندازیار,1996
12849,نیشتمان ئەحمەد,هەڵەبجە,24,پارێزەر,1695
12850,بەرزان سەعيد,کەرکووک,27,بازرگان,914
12851,بەختیار موكری,هەولێر,50,ئەندازیار,771
12852,هێمن قادر,کۆیە,42,ئەندازیار,1198
12853,بەختیار بابان,هەولێر,30,دیزاینەر,3358
12854,شێركۆ گەرمیانی,سلێمانی,28,مامۆستا,3164
12855,ئاری سۆران,هەولێر,24,بازرگان,2665
12856,ڕێبین عومەر,هەڵەبجە,32,ژمێریار,2576
12857,ژیان جاف,سۆران,45,بازرگان,2221
12858,ژینۆ سەعيد,هەڵەبجە,40,ڕۆژنامەنوس,1132
12859,ژینۆ عوسمان,کۆیە,30,پزیشک,1049
12860,سارا كەریم,دهۆک,42,ڕۆژنامەنوس,2001
12861,زانا مەنگوڕی,دهۆک,47,وێنەگر,1125
12862,هێمن حەسەن,ڕانیە,21,پزیشک,1387
12863,سارا مەنگوڕی,ڕانیە,38,دیزاینەر,3340
12864,شێركۆ موكری,دهۆک,41,ڕۆژنامەنوس,1136
12865,کۆسار قادر,دهۆک,53,پارێزەر,3083
12866,کاروان بابان,هەڵەبجە,40,پزیشک,597
12867,نیشتمان مەحمود,دهۆک,21,ڕۆژنامەنوس,599
12868,سۆران ئەحمەد,هەڵەبجە,22,وێنەگر,786
12869,سۆزان موكری,سلێمانی,26,بازرگان,2055
12870,سۆزان گەرمیانی,دهۆک,41,ڕۆژنامەنوس,3150
12871,هاوڕێ سەعيد,سۆران,38,مامۆستا,1648
12872,سۆزان موكری,ڕانیە,20,گەشەپێدەری سۆفتوێر,2128
12873,هێمن بابان,کۆیە,33,ڕۆژنامەنوس,3272
12874,نیشتمان ئەحمەد,سۆران,41,پارێزەر,1351
12875,بەرزان مەنگوڕی,سلێمانی,44,پزیشک,2304
12876,کاروان مەحمود,کەرکووک,29,مامۆستا,3028
12877,بەرزان كەریم,هەڵەبجە,60,مامۆستا,1648
12878,سارا بابان,کۆیە,54,وێنەگر,863
12879,شنۆ ئەحمەد,کەرکووک,37,مامۆستا,773
12880,کاروان خۆشناو,دهۆک,49,ڕۆژنامەنوس,749
12881,شێركۆ موكری,کەرکووک,34,ژمێریار,993
12882,لەنیا خۆشناو,کۆیە,62,پارێزەر,1165
12883,زانا مەحمود,کۆیە,21,ئەندازیار,1924
12884,سارا بابان,هەڵەبجە,28,گەشەپێدەری سۆفتوێر,2581
12885,کۆسار گەرمیانی,کەرکووک,48,ژمێریار,3019
12886,سۆران جاف,دهۆک,25,گەشەپێدەری سۆفتوێر,2784
12887,ژینۆ سۆران,هەڵەبجە,25,دیزاینەر,467
12888,کۆسار حەسەن,سلێمانی,49,پزیشک,2475
12889,تارا موكری,سۆران,37,پزیشک,563
12890,زانا سەعيد,هەولێر,63,ئەندازیار,2617
12891,زانا گەرمیانی,هەولێر,57,ئەندازیار,794
12892,هێمن كەریم,هەڵەبجە,62,پزیشک,2791
12893,ژینۆ خۆشناو,هەولێر,18,گەشەپێدەری سۆفتوێر,3213
12894,ژیان كەریم,دهۆک,46,گەشەپێدەری سۆفتوێر,841
12895,شێركۆ مەحمود,سلێمانی,23,ژمێریار,1127
12896,سارا مەنگوڕی,سلێمانی,44,گەشەپێدەری سۆفتوێر,1130
12897,ژیان عەبدوڵڵا,کۆیە,53,ئەندازیار,810
12898,سارا عومەر,سلێمانی,48,پارێزەر,1811
12899,هێمن موكری,هەولێر,53,ژمێریار,3027
12900,بەختیار موكری,سلێمانی,21,دیزاینەر,1365
12901,بەختیار ئەحمەد,ڕانیە,45,دیزاینەر,1012
12902,سۆزان قادر,کەرکووک,23,وێنەگر,1536
12903,تانیا سەعيد,دهۆک,44,پارێزەر,2807
12904,ئاری كەریم,سلێمانی,52,ژمێریار,1852
12905,ژیان حەسەن,سلێمانی,52,پارێزەر,2333
12906,سارا موكری,سلێمانی,26,ئەندازیار,2464
12907,بەرزان گەرمیانی,سۆران,40,پزیشک,2773
12908,هێمن عەبدوڵڵا,کۆیە,32,پزیشک,2901
12909,ئاری كەریم,دهۆک,26,مامۆستا,3220
12910,هەڵکەوت سۆران,کۆیە,20,مامۆستا,1221
12911,کاروان عەبدوڵڵا,هەولێر,48,پزیشک,429
12912,زانا سۆران,ڕانیە,45,ئەندازیار,1278
12913,زانا سۆران,سلێمانی,41,مامۆستا,2886
12914,سۆزان عومەر,هەولێر,35,مامۆستا,1517
12915,هێمن سۆران,هەڵەبجە,42,دیزاینەر,2279
12916,هەڵکەوت قادر,سۆران,29,گەشەپێدەری سۆفتوێر,1467
12917,شنۆ سۆران,کۆیە,38,بازرگان,3394
12918,هەڵکەوت موكری,سۆران,45,پارێزەر,2156
12919,هاوڕێ عوسمان,کۆیە,62,پزیشک,974
12920,ئاری سەعيد,هەڵەبجە,44,پزیشک,2047
12921,دیار مەنگوڕی,سلێمانی,50,بازرگان,1558
12922,پشتیوان كەریم,هەڵەبجە,34,گەشەپێدەری سۆفتوێر,1147
12923,سارا مەحمود,کەرکووک,61,ڕۆژنامەنوس,1091
12924,سۆزان خۆشناو,هەڵەبجە,62,ئەندازیار,1343
12925,کوردستان بابان,سۆران,53,دیزاینەر,1970
12926,شنۆ عومەر,سۆران,54,ژمێریار,3116
12927,بەرزان سەعيد,هەڵەبجە,58,گەشەپێدەری سۆفتوێر,625
12928,کاروان ئەحمەد,هەڵەبجە,62,بازرگان,2917
12929,هەڵکەوت گەرمیانی,هەڵەبجە,25,پزیشک,2057
12930,نیشتمان كەریم,هەڵەبجە,19,دیزاینەر,1966
12931,سۆزان خۆشناو,کۆیە,22,ئەندازیار,453
12932,سارا موكری,هەولێر,55,بازرگان,1245
12933,سۆزان عەبدوڵڵا,کەرکووک,57,ڕۆژنامەنوس,1665
12934,ڕێبین قادر,کۆیە,63,دیزاینەر,2427
12935,کاروان عومەر,هەڵەبجە,32,ژمێریار,3008
12936,سۆزان گەرمیانی,ڕانیە,62,دیزاینەر,3481
12937,ڕێبین عەبدوڵڵا,دهۆک,56,وێنەگر,2386
12938,ژینۆ خۆشناو,سۆران,48,وێنەگر,778
12939,سۆران عوسمان,کەرکووک,45,مامۆستا,1903
12940,بەختیار خۆشناو,ڕانیە,27,مامۆستا,2328
12941,تارا مەنگوڕی,هەولێر,31,پزیشک,422
12942,کاروان سۆران,ڕانیە,27,ژمێریار,839
12943,نیشتمان كەریم,سلێمانی,38,پزیشک,894
12944,سۆران سۆران,سۆران,21,پزیشک,3101
12945,شێركۆ گەرمیانی,سلێمانی,46,پارێزەر,875
12946,تارا مەنگوڕی,دهۆک,23,دیزاینەر,1329
12947,سۆزان عوسمان,کەرکووک,38,مامۆستا,3363
12948,ژینۆ عوسمان,کۆیە,32,وێنەگر,1262
12949,ژیان مەحمود,دهۆک,32,گەشەپێدەری سۆفتوێر,2009
12950,کۆسار مەحمود,هەڵەبجە,42,گەشەپێدەری سۆفتوێر,2336
12951,لەنیا سەعيد,ڕانیە,55,گەشەپێدەری سۆفتوێر,1632
12952,هێمن حەسەن,ڕانیە,34,دیزاینەر,1124
12953,هاوڕێ ئەحمەد,هەولێر,37,بازرگان,1474
12954,سۆران مەنگوڕی,ڕانیە,55,ڕۆژنامەنوس,3027
12955,کاروان حەسەن,سۆران,57,گەشەپێدەری سۆفتوێر,1106
12956,سۆران قادر,کەرکووک,46,وێنەگر,2334
12957,نیشتمان گەرمیانی,ڕانیە,21,دیزاینەر,1778
12958,دیار عەبدوڵڵا,هەولێر,65,ڕۆژنامەنوس,1592
12959,ئاری قادر,کۆیە,43,بازرگان,1720
12960,بەختیار عومەر,سلێمانی,58,پزیشک,3346
12961,ڕێبین حەسەن,سۆران,27,گەشەپێدەری سۆفتوێر,2213
12962,شنۆ كەریم,کۆیە,31,دیزاینەر,3201
12963,سۆزان عومەر,سلێمانی,19,ڕۆژنامەنوس,2866
12964,دیار عوسمان,سلێمانی,37,پزیشک,3429
12965,پشتیوان كەریم,سۆران,63,ئەندازیار,1071
12966,پشتیوان عومەر,هەولێر,33,ڕۆژنامەنوس,1159
12967,دیار عومەر,هەولێر,26,وێنەگر,849
12968,دیار جاف,هەڵەبجە,26,مامۆستا,1606
12969,کۆسار مەحمود,ڕانیە,47,بازرگان,406
12970,کۆسار مەحمود,سۆران,24,ئەندازیار,1647
12971,سۆران ئەحمەد,هەولێر,21,دیزاینەر,2975
12972,دیار ئەحمەد,سۆران,21,وێنەگر,1084
12973,نیشتمان حەسەن,سلێمانی,24,ژمێریار,1841
12974,ڕێبین خۆشناو,کۆیە,47,پزیشک,1056
12975,زانا عەبدوڵڵا,هەڵەبجە,44,بازرگان,3468
12976,سۆزان سۆران,هەڵەبجە,27,ئەندازیار,2704
12977,شێركۆ عوسمان,دهۆک,19,مامۆستا,1122
12978,پشتیوان حەسەن,کەرکووک,23,بازرگان,3458
12979,هێمن سۆران,سلێمانی,46,پزیشک,2148
12980,کاروان سەعيد,کەرکووک,62,پارێزەر,1128
12981,شێركۆ حەسەن,کۆیە,28,ئەندازیار,1580
12982,ئاری ئەحمەد,دهۆک,55,ئەندازیار,1260
12983,بەختیار خۆشناو,هەولێر,48,ڕۆژنامەنوس,2626
12984,تانیا كەریم,سلێمانی,47,بازرگان,1632
12985,لەنیا موكری,دهۆک,54,ئەندازیار,1223
12986,هێمن سەعيد,هەڵەبجە,22,مامۆستا,2275
12987,ژینۆ سەعيد,دهۆک,33,پارێزەر,2865
12988,شێركۆ عوسمان,سۆران,45,وێنەگر,3497
12989,ڕێبین گەرمیانی,هەولێر,60,ئەندازیار,1131
12990,ئاری كەریم,دهۆک,56,وێنەگر,2011
12991,پشتیوان عومەر,کەرکووک,24,ژمێریار,2221
12992,شێركۆ عەبدوڵڵا,سۆران,65,دیزاینەر,2916
12993,سۆران كەریم,سلێمانی,37,بازرگان,3165
12994,نیشتمان مەحمود,دهۆک,21,مامۆستا,905
12995,ڕێبین بابان,سۆران,44,پارێزەر,2183
12996,هێمن قادر,هەولێر,30,بازرگان,1872
12997,سۆران گەرمیانی,سۆران,21,ڕۆژنامەنوس,1153
12998,زانا قادر,سۆران,52,ڕۆژنامەنوس,2666
12999,هەڵکەوت عومەر,کۆیە,58,ئەندازیار,1995
13000,سارا قادر,کەرکووک,34,دیزاینەر,1518
13001,کاروان عوسمان,دهۆک,62,پزیشک,3405
13002,کاروان كەریم,هەڵەبجە,45,دیزاینەر,3404
13003,ژیان حەسەن,دهۆک,41,گەشەپێدەری سۆفتوێر,610
13004,بەرزان موكری,ڕانیە,55,ئەندازیار,1030
13005,دیار قادر,ڕانیە,21,ئەندازیار,546
13006,تارا خۆشناو,سۆران,24,ئەندازیار,3129
13007,ڕێبین گەرمیانی,هەولێر,19,وێنەگر,2813
13008,بەختیار ئەحمەد,سۆران,20,پزیشک,1669
13009,شنۆ قادر,ڕانیە,56,وێنەگر,1821
13010,هەڵکەوت مەحمود,ڕانیە,48,دیزاینەر,1711
13011,سارا موكری,کۆیە,21,پزیشک,768
13012,لەنیا ئەحمەد,سلێمانی,36,مامۆستا,1340
13013,ئاری قادر,ڕانیە,33,پارێزەر,1494
13014,کاروان مەحمود,هەڵەبجە,52,دیزاینەر,1071
13015,سۆزان گەرمیانی,کۆیە,39,ئەندازیار,2276
13016,ڕێبین مەنگوڕی,هەولێر,47,گەشەپێدەری سۆفتوێر,1387
13017,تانیا ئەحمەد,سلێمانی,52,ئەندازیار,2922
13018,سارا حەسەن,دهۆک,24,ئەندازیار,2547
13019,تانیا سەعيد,ڕانیە,21,پارێزەر,3317
13020,لەنیا عومەر,کۆیە,25,بازرگان,1124
13021,ژینۆ سەعيد,سۆران,45,وێنەگر,1631
13022,ژیان حەسەن,هەڵەبجە,23,گەشەپێدەری سۆفتوێر,1033
13023,نیشتمان قادر,هەڵەبجە,47,پزیشک,740
13024,زانا قادر,کۆیە,60,ژمێریار,1222
13025,سۆران مەنگوڕی,سلێمانی,47,پارێزەر,3295
13026,هەڵکەوت بابان,دهۆک,19,پزیشک,1034
13027,کاروان مەحمود,دهۆک,30,مامۆستا,3470
13028,ئاری عومەر,ڕانیە,60,مامۆستا,3088
13029,کۆسار جاف,کۆیە,18,دیزاینەر,404
13030,دیار عومەر,دهۆک,19,پزیشک,2640
13031,ڕێبین بابان,دهۆک,48,پزیشک,2616
13032,کاروان مەحمود,کۆیە,49,پزیشک,2903
13033,زانا سۆران,کەرکووک,60,پزیشک,565
13034,ژیان جاف,دهۆک,21,وێنەگر,1596
13035,زانا خۆشناو,سۆران,31,مامۆستا,3451
13036,ژینۆ كەریم,سلێمانی,29,گەشەپێدەری سۆفتوێر,3076
13037,زانا موكری,سلێمانی,32,ڕۆژنامەنوس,1465
13038,شنۆ قادر,سۆران,18,پزیشک,683
13039,ژیان سەعيد,دهۆک,25,پارێزەر,2868
13040,بەختیار سۆران,دهۆک,57,دیزاینەر,2594
13041,سارا موكری,سۆران,31,ڕۆژنامەنوس,867
13042,هێمن جاف,کەرکووک,64,بازرگان,2244
13043,هێمن كەریم,سۆران,58,وێنەگر,3081
13044,سارا عەبدوڵڵا,کەرکووک,46,بازرگان,1449
13045,بەختیار عومەر,سۆران,26,ئەندازیار,2253
13046,هاوڕێ سەعيد,هەڵەبجە,49,ڕۆژنامەنوس,2427
13047,ئاری بابان,هەڵەبجە,52,پارێزەر,2956
13048,نیشتمان عوسمان,کەرکووک,38,بازرگان,1770
13049,هەڵکەوت كەریم,هەڵەبجە,35,گەشەپێدەری سۆفتوێر,847
13050,لەنیا خۆشناو,هەڵەبجە,36,وێنەگر,3239
13051,سۆزان ئەحمەد,هەڵەبجە,43,وێنەگر,2002
13052,لەنیا مەنگوڕی,ڕانیە,34,ژمێریار,685
13053,دیار مەنگوڕی,سۆران,64,دیزاینەر,2275
13054,هێمن عوسمان,کۆیە,20,ژمێریار,1727
13055,کۆسار جاف,کۆیە,63,پزیشک,2464
13056,تانیا مەحمود,کۆیە,24,دیزاینەر,1221
13057,بەختیار سۆران,هەولێر,64,ئەندازیار,1245
13058,زانا جاف,ڕانیە,53,بازرگان,1730
13059,کاروان خۆشناو,سلێمانی,36,بازرگان,1830
13060,سۆران موكری,سلێمانی,43,بازرگان,1840
13061,پشتیوان قادر,هەولێر,43,پزیشک,483
13062,لەنیا عوسمان,سلێمانی,33,پارێزەر,2459
13063,پشتیوان موكری,سلێمانی,59,ڕۆژنامەنوس,1635
13064,تانیا عەبدوڵڵا,کەرکووک,38,گەشەپێدەری سۆفتوێر,1246
13065,هێمن عومەر,هەڵەبجە,41,ڕۆژنامەنوس,1930
13066,ڕێبین حەسەن,هەولێر,62,دیزاینەر,2097
13067,شێركۆ حەسەن,هەولێر,18,ڕۆژنامەنوس,3493
13068,هێمن بابان,سلێمانی,48,ڕۆژنامەنوس,532
13069,هێمن حەسەن,هەولێر,29,وێنەگر,518
13070,سۆزان گەرمیانی,هەولێر,51,دیزاینەر,2355
13071,نیشتمان قادر,هەولێر,29,بازرگان,3293
13072,ژیان سۆران,ڕانیە,23,ڕۆژنامەنوس,2196
13073,تانیا گەرمیانی,هەڵەبجە,29,پزیشک,3399
13074,کوردستان خۆشناو,کەرکووک,60,پارێزەر,847
13075,تارا عەبدوڵڵا,هەڵەبجە,37,مامۆستا,1422
13076,هێمن جاف,کەرکووک,48,گەشەپێدەری سۆفتوێر,3233
13077,بەختیار قادر,کۆیە,20,ئەندازیار,1166
13078,تارا مەنگوڕی,کۆیە,22,وێنەگر,483
13079,هاوڕێ عەبدوڵڵا,دهۆک,50,پزیشک,2496
13080,ڕێبین بابان,هەڵەبجە,65,مامۆستا,909
13081,سارا بابان,دهۆک,33,پزیشک,1435
13082,تارا بابان,سلێمانی,59,ئەندازیار,2346
13083,کوردستان موكری,ڕانیە,38,مامۆستا,1072
13084,ڕێبین عەبدوڵڵا,دهۆک,20,وێنەگر,3034
13085,شنۆ خۆشناو,هەولێر,58,پارێزەر,2594
13086,شێركۆ گەرمیانی,ڕانیە,56,پزیشک,1253
13087,بەختیار جاف,هەڵەبجە,19,گەشەپێدەری سۆفتوێر,566
13088,ئاری قادر,دهۆک,18,ڕۆژنامەنوس,1270
13089,کوردستان مەحمود,سۆران,50,پزیشک,3047
13090,ژینۆ عەبدوڵڵا,دهۆک,47,ژمێریار,1604
13091,بەرزان قادر,ڕانیە,35,گەشەپێدەری سۆفتوێر,3030
13092,هەڵکەوت كەریم,دهۆک,61,پارێزەر,2079
13093,بەختیار كەریم,دهۆک,19,بازرگان,1029
13094,ڕێبین موكری,ڕانیە,30,وێنەگر,581
13095,ڕێبین عوسمان,ڕانیە,24,پزیشک,2961
13096,بەرزان جاف,کەرکووک,51,مامۆستا,2862
13097,هێمن گەرمیانی,ڕانیە,56,بازرگان,1145
13098,کۆسار موكری,ڕانیە,19,مامۆستا,1573
13099,ڕێبین كەریم,هەولێر,38,ڕۆژنامەنوس,1747
13100,بەرزان عومەر,ڕانیە,24,پارێزەر,1897
13101,ڕێبین حەسەن,ڕانیە,54,پارێزەر,2660
13102,بەرزان مەنگوڕی,دهۆک,21,ئەندازیار,3028
13103,ڕێبین ئەحمەد,سۆران,57,وێنەگر,1517
13104,کاروان عوسمان,کەرکووک,38,وێنەگر,2342
13105,کوردستان جاف,سۆران,23,ئەندازیار,502
13106,ژیان عەبدوڵڵا,هەڵەبجە,52,ژمێریار,1271
13107,کۆسار حەسەن,سۆران,52,وێنەگر,2800
13108,سۆزان سۆران,هەولێر,65,ڕۆژنامەنوس,2895
13109,کۆسار ئەحمەد,کەرکووک,51,پزیشک,2045
13110,ژینۆ حەسەن,سلێمانی,62,دیزاینەر,2965
13111,شێركۆ كەریم,کەرکووک,43,پارێزەر,2064
13112,زانا مەحمود,کەرکووک,51,گەشەپێدەری سۆفتوێر,3040
13113,تارا كەریم,سۆران,47,ئەندازیار,2128
13114,ژینۆ مەحمود,کەرکووک,32,ئەندازیار,1833
13115,پشتیوان حەسەن,سلێمانی,47,پزیشک,3189
13116,لەنیا عومەر,کۆیە,53,مامۆستا,1119
13117,لەنیا موكری,سۆران,64,ئەندازیار,418
13118,بەرزان سۆران,کۆیە,65,وێنەگر,3344
13119,دیار گەرمیانی,ڕانیە,53,ئەندازیار,1723
13120,ژینۆ عەبدوڵڵا,هەڵەبجە,63,ژمێریار,3268
13121,کاروان عەبدوڵڵا,سلێمانی,19,گەشەپێدەری سۆفتوێر,588
13122,زانا موكری,کۆیە,27,مامۆستا,2901
13123,سۆران عومەر,کەرکووک,48,ڕۆژنامەنوس,1550
13124,هاوڕێ سەعيد,هەڵەبجە,22,پارێزەر,2175
13125,بەختیار بابان,هەڵەبجە,58,بازرگان,2798
13126,تانیا عەبدوڵڵا,کەرکووک,29,ئەندازیار,586
13127,هاوڕێ خۆشناو,کەرکووک,40,مامۆستا,1066
13128,سۆران ئەحمەد,کەرکووک,29,بازرگان,3286
13129,هاوڕێ گەرمیانی,هەولێر,51,ڕۆژنامەنوس,1435
13130,هاوڕێ كەریم,کۆیە,20,دیزاینەر,2833
13131,سارا خۆشناو,کەرکووک,41,دیزاینەر,720
13132,بەرزان كەریم,ڕانیە,19,پارێزەر,3079
13133,شنۆ كەریم,هەولێر,22,پزیشک,2937
13134,نیشتمان ئەحمەد,کەرکووک,50,وێنەگر,1466
13135,سارا موكری,کۆیە,40,پارێزەر,2274
13136,ئاری سۆران,دهۆک,22,وێنەگر,1452
13137,تارا ئەحمەد,کۆیە,22,دیزاینەر,2398
13138,کوردستان عوسمان,هەولێر,27,گەشەپێدەری سۆفتوێر,1641
13139,تانیا حەسەن,هەولێر,34,بازرگان,737
13140,بەرزان ئەحمەد,سلێمانی,18,پزیشک,3000
13141,کاروان عوسمان,سلێمانی,21,وێنەگر,415
13142,ژینۆ عومەر,هەولێر,43,پارێزەر,843
13143,کوردستان عومەر,کەرکووک,48,مامۆستا,2289
13144,هاوڕێ عومەر,هەولێر,50,پزیشک,1312
13145,کاروان خۆشناو,هەولێر,27,پارێزەر,1585
13146,بەرزان ئەحمەد,هەولێر,24,پارێزەر,1736
13147,شێركۆ قادر,سلێمانی,42,ژمێریار,2360
13148,ژیان مەحمود,سلێمانی,33,بازرگان,2994
13149,کۆسار خۆشناو,سۆران,30,گەشەپێدەری سۆفتوێر,2094
13150,تارا عوسمان,هەولێر,63,وێنەگر,2476
13151,بەرزان عوسمان,کۆیە,57,پزیشک,853
13152,سارا كەریم,کۆیە,61,پزیشک,542
13153,بەختیار حەسەن,سۆران,41,بازرگان,2489
13154,لەنیا عومەر,هەولێر,59,ڕۆژنامەنوس,1175
13155,پشتیوان قادر,کەرکووک,30,مامۆستا,1483
13156,تانیا جاف,ڕانیە,44,بازرگان,570
13157,پشتیوان حەسەن,هەڵەبجە,37,ڕۆژنامەنوس,1634
13158,نیشتمان گەرمیانی,کۆیە,50,پزیشک,1354
13159,شنۆ بابان,کۆیە,22,ئەندازیار,858
13160,هەڵکەوت موكری,کۆیە,22,ژمێریار,2252
13161,شنۆ خۆشناو,ڕانیە,55,ژمێریار,1991
13162,سۆران موكری,هەڵەبجە,28,پارێزەر,2486
13163,ئاری كەریم,کۆیە,51,ژمێریار,3040
13164,شێركۆ كەریم,کەرکووک,53,ڕۆژنامەنوس,1366
13165,سۆران ئەحمەد,دهۆک,43,ڕۆژنامەنوس,2671
13166,ڕێبین خۆشناو,سۆران,45,ئەندازیار,645
13167,نیشتمان عەبدوڵڵا,هەولێر,65,دیزاینەر,2327
13168,کۆسار سەعيد,سۆران,30,ئەندازیار,1771
13169,دیار سەعيد,دهۆک,21,مامۆستا,1474
13170,ڕێبین ئەحمەد,سلێمانی,29,دیزاینەر,1026
13171,بەرزان مەحمود,کۆیە,22,ژمێریار,1527
13172,نیشتمان بابان,دهۆک,55,وێنەگر,2001
13173,سارا موكری,سۆران,46,پزیشک,1785
13174,سارا عەبدوڵڵا,دهۆک,21,ڕۆژنامەنوس,662
13175,بەرزان عوسمان,هەڵەبجە,26,گەشەپێدەری سۆفتوێر,1439
13176,هێمن گەرمیانی,دهۆک,35,بازرگان,2403
13177,پشتیوان جاف,کەرکووک,50,دیزاینەر,548
13178,تارا سۆران,سۆران,49,گەشەپێدەری سۆفتوێر,1768
13179,نیشتمان عومەر,هەولێر,52,ڕۆژنامەنوس,3285
13180,بەختیار عوسمان,کۆیە,52,گەشەپێدەری سۆفتوێر,2804
13181,دیار سۆران,کۆیە,29,دیزاینەر,2386
13182,سۆزان قادر,هەڵەبجە,62,ژمێریار,2972
13183,کوردستان حەسەن,سلێمانی,59,مامۆستا,482
13184,تارا گەرمیانی,ڕانیە,48,ڕۆژنامەنوس,2012
13185,بەختیار سەعيد,هەڵەبجە,27,پارێزەر,3423
13186,نیشتمان جاف,سۆران,58,ئەندازیار,505
13187,کۆسار قادر,سلێمانی,49,ژمێریار,3295
13188,هەڵکەوت خۆشناو,کۆیە,50,مامۆستا,1897
13189,سۆزان موكری,ڕانیە,38,بازرگان,3393
13190,هەڵکەوت مەنگوڕی,کۆیە,32,ڕۆژنامەنوس,1395
13191,هێمن عەبدوڵڵا,کەرکووک,45,ڕۆژنامەنوس,1159
13192,سارا گەرمیانی,کۆیە,40,پزیشک,2219
13193,هاوڕێ عومەر,هەولێر,50,وێنەگر,1430
13194,هێمن سەعيد,دهۆک,63,دیزاینەر,2857
13195,هەڵکەوت گەرمیانی,هەولێر,50,پارێزەر,885
13196,سارا عومەر,ڕانیە,20,وێنەگر,2208
13197,لەنیا خۆشناو,سلێمانی,56,ئەندازیار,2436
13198,تارا ئەحمەد,سۆران,18,ژمێریار,3153
13199,ژینۆ عومەر,سلێمانی,26,ڕۆژنامەنوس,1771
13200,بەختیار كەریم,ڕانیە,43,وێنەگر,1665
13201,نیشتمان كەریم,کۆیە,35,ڕۆژنامەنوس,1342
13202,کاروان مەنگوڕی,سۆران,35,گەشەپێدەری سۆفتوێر,3145
13203,بەرزان مەنگوڕی,سلێمانی,56,ڕۆژنامەنوس,2541
13204,نیشتمان عەبدوڵڵا,کەرکووک,45,مامۆستا,2204
13205,هەڵکەوت سەعيد,سۆران,48,ڕۆژنامەنوس,1703
13206,کاروان عەبدوڵڵا,ڕانیە,45,مامۆستا,2304
13207,تانیا جاف,کەرکووک,44,بازرگان,1572
13208,کوردستان جاف,ڕانیە,21,ژمێریار,2438
13209,ژیان سۆران,سلێمانی,38,پزیشک,412
13210,هاوڕێ جاف,کەرکووک,39,دیزاینەر,2335
13211,کاروان حەسەن,هەڵەبجە,33,پزیشک,2131
13212,بەرزان عەبدوڵڵا,دهۆک,31,پارێزەر,460
13213,هاوڕێ ئەحمەد,هەولێر,64,ڕۆژنامەنوس,937
13214,ژینۆ عوسمان,دهۆک,20,ڕۆژنامەنوس,733
13215,زانا گەرمیانی,هەڵەبجە,21,ئەندازیار,1999
13216,پشتیوان عەبدوڵڵا,دهۆک,52,پارێزەر,1980
13217,هەڵکەوت موكری,سۆران,64,ئەندازیار,1296
13218,لەنیا سۆران,هەڵەبجە,44,بازرگان,2037
13219,زانا حەسەن,ڕانیە,20,ڕۆژنامەنوس,1400
13220,کۆسار مەحمود,ڕانیە,65,پارێزەر,1811
13221,کوردستان ئەحمەد,هەڵەبجە,18,وێنەگر,1866
13222,دیار عەبدوڵڵا,کەرکووک,39,پزیشک,3266
13223,سۆران خۆشناو,هەڵەبجە,41,پارێزەر,2720
13224,دیار سۆران,هەولێر,19,دیزاینەر,2747
13225,کوردستان عومەر,کۆیە,42,مامۆستا,2761
13226,بەختیار حەسەن,سلێمانی,39,پزیشک,2054
13227,هێمن ئەحمەد,کۆیە,21,ڕۆژنامەنوس,3264
13228,هێمن حەسەن,هەڵەبجە,38,ڕۆژنامەنوس,3334
13229,هێمن ئەحمەد,ڕانیە,19,ڕۆژنامەنوس,1966
13230,ژیان مەحمود,ڕانیە,46,ڕۆژنامەنوس,3131
13231,ئاری ئەحمەد,ڕانیە,24,ئەندازیار,2654
13232,هێمن حەسەن,کەرکووک,38,دیزاینەر,2134
13233,تارا كەریم,کەرکووک,50,پارێزەر,744
13234,نیشتمان مەنگوڕی,سلێمانی,61,گەشەپێدەری سۆفتوێر,1450
13235,ژیان سەعيد,ڕانیە,36,وێنەگر,2229
13236,بەختیار مەحمود,سۆران,26,ڕۆژنامەنوس,2708
13237,کۆسار حەسەن,سۆران,57,مامۆستا,3282
13238,دیار عەبدوڵڵا,کەرکووک,58,مامۆستا,909
13239,کۆسار بابان,سلێمانی,55,بازرگان,3402
13240,شێركۆ جاف,کۆیە,40,ڕۆژنامەنوس,3424
13241,بەرزان عوسمان,دهۆک,62,گەشەپێدەری سۆفتوێر,1946
13242,پشتیوان موكری,ڕانیە,48,پزیشک,1660
13243,کوردستان ئەحمەد,سۆران,39,گەشەپێدەری سۆفتوێر,2911
13244,هاوڕێ عومەر,کۆیە,60,پزیشک,1543
13245,هەڵکەوت بابان,هەڵەبجە,32,ڕۆژنامەنوس,1457
13246,سۆران عوسمان,هەولێر,45,ئەندازیار,1999
13247,پشتیوان قادر,هەڵەبجە,40,گەشەپێدەری سۆفتوێر,534
13248,بەرزان بابان,دهۆک,62,مامۆستا,514
13249,هاوڕێ سەعيد,هەولێر,33,بازرگان,1583
13250,ژینۆ كەریم,سۆران,40,پارێزەر,2192
13251,کۆسار بابان,سۆران,61,پارێزەر,3335
13252,ڕێبین گەرمیانی,هەولێر,21,گەشەپێدەری سۆفتوێر,3390
13253,زانا بابان,هەولێر,29,ڕۆژنامەنوس,1161
13254,شنۆ عوسمان,هەڵەبجە,41,ڕۆژنامەنوس,1894
13255,دیار ئەحمەد,هەولێر,46,وێنەگر,3172
13256,سۆران عوسمان,هەولێر,20,پزیشک,2639
13257,ژینۆ سەعيد,ڕانیە,34,مامۆستا,1033
13258,پشتیوان عومەر,هەولێر,52,ئەندازیار,2844
13259,سۆران مەحمود,هەڵەبجە,53,وێنەگر,2974
13260,شنۆ حەسەن,سلێمانی,41,ئەندازیار,803
13261,ژینۆ عوسمان,کەرکووک,27,دیزاینەر,2374
13262,کوردستان مەحمود,ڕانیە,22,دیزاینەر,1203
13263,هێمن ئەحمەد,سلێمانی,57,وێنەگر,2905
13264,شنۆ موكری,کۆیە,53,دیزاینەر,1099
13265,دیار قادر,کەرکووک,39,ڕۆژنامەنوس,1528
13266,تارا عوسمان,هەولێر,18,پزیشک,2335
13267,ژینۆ سۆران,کەرکووک,20,ئەندازیار,1464
13268,دیار قادر,ڕانیە,43,ئەندازیار,3079
13269,سارا كەریم,کۆیە,60,گەشەپێدەری سۆفتوێر,1271
13270,ئاری عەبدوڵڵا,دهۆک,55,بازرگان,1875
13271,بەرزان عەبدوڵڵا,دهۆک,65,بازرگان,1556
13272,سۆزان خۆشناو,کەرکووک,43,وێنەگر,2527
13273,ژیان عوسمان,سۆران,62,گەشەپێدەری سۆفتوێر,1228
13274,ئاری موكری,هەڵەبجە,54,بازرگان,2671
13275,ژینۆ عوسمان,کۆیە,42,دیزاینەر,1392
13276,کوردستان گەرمیانی,هەولێر,35,دیزاینەر,2660
13277,ڕێبین بابان,سلێمانی,46,ژمێریار,2276
13278,هەڵکەوت خۆشناو,کۆیە,60,وێنەگر,2709
13279,ژیان قادر,هەولێر,65,دیزاینەر,1285
13280,دیار ئەحمەد,سۆران,45,ئەندازیار,719
13281,نیشتمان جاف,کەرکووک,41,پارێزەر,2500
13282,شنۆ موكری,سۆران,56,گەشەپێدەری سۆفتوێر,2862
13283,کوردستان موكری,ڕانیە,28,مامۆستا,2339
13284,شێركۆ عەبدوڵڵا,کەرکووک,36,بازرگان,1459
13285,دیار بابان,هەولێر,43,ئەندازیار,1323
13286,سۆزان موكری,کۆیە,59,ڕۆژنامەنوس,2710
13287,هەڵکەوت خۆشناو,سۆران,44,وێنەگر,2237
13288,نیشتمان سۆران,سلێمانی,65,گەشەپێدەری سۆفتوێر,2138
13289,پشتیوان مەحمود,سلێمانی,47,گەشەپێدەری سۆفتوێر,1014
13290,سارا سۆران,کۆیە,52,پارێزەر,2921
13291,ژینۆ گەرمیانی,کەرکووک,63,بازرگان,2684
13292,بەرزان كەریم,کۆیە,56,ئەندازیار,771
13293,ژینۆ حەسەن,ڕانیە,41,گەشەپێدەری سۆفتوێر,1642
13294,هەڵکەوت گەرمیانی,هەولێر,19,مامۆستا,3008
13295,سۆزان مەحمود,ڕانیە,62,گەشەپێدەری سۆفتوێر,3340
13296,سۆران عەبدوڵڵا,دهۆک,28,مامۆستا,419
13297,بەرزان مەنگوڕی,سۆران,41,ڕۆژنامەنوس,1158
13298,لەنیا كەریم,هەولێر,21,مامۆستا,2553
13299,کوردستان جاف,کەرکووک,19,پزیشک,1178
13300,ئاری كەریم,ڕانیە,19,ڕۆژنامەنوس,2774
13301,کوردستان حەسەن,هەڵەبجە,35,ئەندازیار,2780
13302,ژینۆ سەعيد,سۆران,28,ئەندازیار,1551
13303,بەختیار عومەر,دهۆک,30,گەشەپێدەری سۆفتوێر,1912
13304,لەنیا ئەحمەد,کەرکووک,42,وێنەگر,965
13305,ژیان عەبدوڵڵا,سلێمانی,31,پزیشک,1943
13306,کاروان جاف,کۆیە,19,پزیشک,3011
13307,هاوڕێ موكری,ڕانیە,23,بازرگان,1569
13308,ژینۆ مەحمود,سۆران,43,گەشەپێدەری سۆفتوێر,463
13309,هەڵکەوت كەریم,هەولێر,53,گەشەپێدەری سۆفتوێر,615
13310,دیار سەعيد,کەرکووک,51,مامۆستا,2717
13311,ژینۆ موكری,ڕانیە,30,پارێزەر,3157
13312,تانیا حەسەن,سۆران,19,ژمێریار,2223
13313,نیشتمان كەریم,هەڵەبجە,44,دیزاینەر,1566
13314,تارا عومەر,سۆران,18,گەشەپێدەری سۆفتوێر,1335
13315,بەرزان حەسەن,کەرکووک,65,مامۆستا,414
13316,تارا موكری,کەرکووک,30,مامۆستا,964
13317,کاروان مەنگوڕی,هەڵەبجە,48,مامۆستا,1874
13318,شنۆ سۆران,ڕانیە,23,دیزاینەر,3131
13319,تانیا سۆران,ڕانیە,49,وێنەگر,1244
13320,سۆزان گەرمیانی,دهۆک,57,ڕۆژنامەنوس,2582
13321,ژینۆ كەریم,سۆران,23,مامۆستا,1802
13322,ژیان قادر,دهۆک,63,وێنەگر,1479
13323,تارا جاف,ڕانیە,38,بازرگان,971
13324,سۆزان سۆران,سلێمانی,57,وێنەگر,2824
13325,سۆزان عوسمان,کۆیە,59,ژمێریار,1108
13326,ژینۆ مەحمود,کۆیە,27,پزیشک,2801
13327,شنۆ بابان,کەرکووک,24,وێنەگر,2085
13328,کۆسار عومەر,دهۆک,62,ژمێریار,1169
13329,زانا سۆران,ڕانیە,58,دیزاینەر,2929
13330,پشتیوان عومەر,کۆیە,33,ڕۆژنامەنوس,510
13331,سۆزان كەریم,هەولێر,49,وێنەگر,2897
13332,ژینۆ مەحمود,کۆیە,45,ڕۆژنامەنوس,1504
13333,بەختیار خۆشناو,ڕانیە,20,پزیشک,778
13334,هەڵکەوت عومەر,هەڵەبجە,61,پارێزەر,831
13335,هێمن بابان,کەرکووک,38,پارێزەر,2639
13336,هەڵکەوت گەرمیانی,دهۆک,58,وێنەگر,2960
13337,شێركۆ سۆران,ڕانیە,64,دیزاینەر,2276
13338,هەڵکەوت ئەحمەد,کۆیە,54,مامۆستا,2462
13339,ڕێبین بابان,دهۆک,33,ڕۆژنامەنوس,861
13340,زانا مەحمود,ڕانیە,55,ژمێریار,1872
13341,ژیان عەبدوڵڵا,سۆران,60,پزیشک,954
13342,هەڵکەوت قادر,کۆیە,34,ئەندازیار,2898
13343,کاروان ئەحمەد,کەرکووک,43,ڕۆژنامەنوس,2964
13344,سارا مەنگوڕی,دهۆک,56,ئەندازیار,3371
13345,سۆران ئەحمەد,سۆران,37,ژمێریار,2579
13346,کۆسار گەرمیانی,دهۆک,45,گەشەپێدەری سۆفتوێر,3387
13347,هاوڕێ جاف,کۆیە,55,بازرگان,448
13348,سۆزان عومەر,کۆیە,24,ژمێریار,3226
13349,ئاری جاف,کۆیە,62,وێنەگر,1132
13350,سۆزان جاف,هەولێر,56,ژمێریار,3305
13351,لەنیا عەبدوڵڵا,ڕانیە,26,گەشەپێدەری سۆفتوێر,444
13352,کوردستان گەرمیانی,سلێمانی,35,گەشەپێدەری سۆفتوێر,3069
13353,تانیا عوسمان,کەرکووک,33,ئەندازیار,2148
13354,لەنیا سەعيد,ڕانیە,60,پزیشک,2178
13355,ژینۆ خۆشناو,هەولێر,49,وێنەگر,1959
13356,هەڵکەوت خۆشناو,کۆیە,32,گەشەپێدەری سۆفتوێر,2425
13357,تارا عومەر,ڕانیە,27,بازرگان,1842
13358,دیار قادر,کۆیە,26,ژمێریار,2065
13359,زانا سۆران,ڕانیە,46,دیزاینەر,2664
13360,شنۆ مەنگوڕی,کەرکووک,57,پزیشک,1605
13361,ژینۆ مەحمود,سۆران,22,ژمێریار,529
13362,ژیان جاف,دهۆک,54,گەشەپێدەری سۆفتوێر,1610
13363,کۆسار ئەحمەد,کۆیە,50,دیزاینەر,976
13364,هەڵکەوت سۆران,کەرکووک,50,پزیشک,1148
13365,بەرزان عومەر,سۆران,58,وێنەگر,521
13366,نیشتمان عەبدوڵڵا,کۆیە,52,پارێزەر,3484
13367,کوردستان حەسەن,سلێمانی,54,پزیشک,2401
13368,شێركۆ قادر,سۆران,47,پارێزەر,794
13369,هەڵکەوت حەسەن,سلێمانی,49,ئەندازیار,3125
13370,کۆسار قادر,سلێمانی,35,وێنەگر,1183
13371,ئاری جاف,سۆران,65,دیزاینەر,678
13372,تارا جاف,کەرکووک,61,بازرگان,3484
13373,زانا عەبدوڵڵا,کۆیە,63,ئەندازیار,642
13374,هەڵکەوت عەبدوڵڵا,هەڵەبجە,58,ڕۆژنامەنوس,2599
13375,لەنیا عومەر,هەولێر,20,گەشەپێدەری سۆفتوێر,2533
13376,ڕێبین سەعيد,دهۆک,62,ژمێریار,2849
13377,نیشتمان كەریم,کۆیە,29,وێنەگر,1469
13378,شێركۆ موكری,کەرکووک,44,مامۆستا,2733
13379,هێمن جاف,کۆیە,32,ئەندازیار,2422
13380,دیار خۆشناو,ڕانیە,34,ڕۆژنامەنوس,631
13381,کاروان گەرمیانی,هەولێر,49,وێنەگر,3473
13382,هەڵکەوت عومەر,هەولێر,37,ژمێریار,537
13383,سۆزان گەرمیانی,ڕانیە,58,گەشەپێدەری سۆفتوێر,453
13384,تارا قادر,سلێمانی,57,بازرگان,3495
13385,هاوڕێ قادر,هەولێر,50,دیزاینەر,3374
13386,بەرزان قادر,سۆران,44,دیزاینەر,2696
13387,دیار مەحمود,کەرکووک,41,پارێزەر,1189
13388,تارا عوسمان,کەرکووک,56,ئەندازیار,3247
13389,بەختیار جاف,ڕانیە,19,پزیشک,3487
13390,ڕێبین جاف,کەرکووک,45,گەشەپێدەری سۆفتوێر,454
13391,سارا بابان,هەڵەبجە,34,ئەندازیار,968
13392,سۆزان قادر,هەڵەبجە,21,وێنەگر,2087
13393,زانا مەحمود,سۆران,36,ئەندازیار,2615
13394,تانیا حەسەن,سۆران,42,دیزاینەر,774
13395,ژینۆ خۆشناو,سلێمانی,65,پارێزەر,3445
13396,تارا گەرمیانی,سلێمانی,44,گەشەپێدەری سۆفتوێر,2763
13397,بەرزان مەحمود,هەڵەبجە,41,ژمێریار,2333
13398,زانا عوسمان,دهۆک,20,وێنەگر,2163
13399,کاروان جاف,سلێمانی,25,ژمێریار,534
13400,سۆران عومەر,هەڵەبجە,43,گەشەپێدەری سۆفتوێر,3369
13401,کاروان حەسەن,ڕانیە,18,وێنەگر,3121
13402,کاروان جاف,ڕانیە,19,ژمێریار,2576
13403,زانا عومەر,هەولێر,31,مامۆستا,2489
13404,پشتیوان عوسمان,دهۆک,27,ڕۆژنامەنوس,1008
13405,ئاری عومەر,هەڵەبجە,42,ژمێریار,3065
13406,بەختیار مەنگوڕی,سۆران,24,دیزاینەر,2297
13407,تانیا قادر,سۆران,33,گەشەپێدەری سۆفتوێر,1239
13408,ڕێبین عومەر,هەولێر,30,وێنەگر,710
13409,بەختیار مەنگوڕی,کەرکووک,39,ڕۆژنامەنوس,2002
13410,لەنیا گەرمیانی,سۆران,36,پزیشک,511
13411,ژیان خۆشناو,ڕانیە,65,گەشەپێدەری سۆفتوێر,2151
13412,شنۆ بابان,کەرکووک,60,پزیشک,1577
13413,هەڵکەوت موكری,کەرکووک,45,پزیشک,2007
13414,بەختیار ئەحمەد,کۆیە,31,پزیشک,2357
13415,ژیان سۆران,ڕانیە,35,پارێزەر,1172
13416,دیار ئەحمەد,هەڵەبجە,41,پزیشک,2958
13417,ژیان عومەر,سلێمانی,52,وێنەگر,444
13418,ژینۆ مەنگوڕی,کۆیە,45,پارێزەر,1131
13419,زانا سۆران,هەڵەبجە,29,پزیشک,3352
13420,دیار جاف,دهۆک,55,بازرگان,2999
13421,کاروان عوسمان,کەرکووک,33,مامۆستا,1728
13422,ژیان كەریم,دهۆک,52,وێنەگر,1379
13423,هەڵکەوت حەسەن,سلێمانی,27,ئەندازیار,2101
13424,ژیان گەرمیانی,سۆران,57,دیزاینەر,1142
13425,ئاری سەعيد,هەڵەبجە,48,پزیشک,3385
13426,سۆران جاف,هەولێر,62,دیزاینەر,1330
13427,زانا گەرمیانی,سۆران,45,ژمێریار,2204
13428,ژیان حەسەن,دهۆک,43,مامۆستا,2975
13429,کۆسار عەبدوڵڵا,دهۆک,39,دیزاینەر,3218
13430,شێركۆ جاف,سۆران,52,ڕۆژنامەنوس,3468
13431,نیشتمان عەبدوڵڵا,ڕانیە,47,بازرگان,2870
13432,کوردستان سۆران,کەرکووک,29,وێنەگر,1758
13433,دیار حەسەن,سلێمانی,22,پزیشک,2128
13434,کۆسار مەنگوڕی,کەرکووک,31,ڕۆژنامەنوس,3114
13435,شێركۆ مەحمود,کەرکووک,62,مامۆستا,2708
13436,هاوڕێ قادر,هەولێر,29,پارێزەر,693
13437,سارا كەریم,هەڵەبجە,37,گەشەپێدەری سۆفتوێر,1419
13438,ئاری عومەر,هەڵەبجە,45,دیزاینەر,3470
13439,دیار حەسەن,سۆران,37,ژمێریار,1491
13440,سۆزان بابان,کۆیە,30,ژمێریار,1258
13441,هاوڕێ موكری,سۆران,65,ژمێریار,705
13442,شنۆ مەحمود,کەرکووک,42,بازرگان,1593
13443,هەڵکەوت كەریم,هەڵەبجە,27,گەشەپێدەری سۆفتوێر,677
13444,سۆران قادر,هەولێر,51,پارێزەر,2626
13445,سۆزان سەعيد,هەڵەبجە,56,پزیشک,1721
13446,تانیا حەسەن,هەڵەبجە,58,پزیشک,3028
13447,هاوڕێ مەحمود,کۆیە,20,ئەندازیار,501
13448,تانیا قادر,سۆران,45,مامۆستا,1638
13449,تارا خۆشناو,هەولێر,40,مامۆستا,1029
13450,ئاری مەحمود,کەرکووک,58,گەشەپێدەری سۆفتوێر,968
13451,پشتیوان ئەحمەد,ڕانیە,50,وێنەگر,1368
13452,پشتیوان بابان,ڕانیە,52,پارێزەر,1589
13453,کاروان عوسمان,سۆران,57,دیزاینەر,931
13454,ژیان ئەحمەد,کۆیە,57,پزیشک,2687
13455,بەختیار عومەر,دهۆک,51,ژمێریار,2251
13456,لەنیا عەبدوڵڵا,سلێمانی,60,ئەندازیار,993
13457,تارا بابان,ڕانیە,52,بازرگان,3125
13458,هەڵکەوت بابان,کۆیە,61,بازرگان,1760
13459,هەڵکەوت سەعيد,سلێمانی,24,بازرگان,3149
13460,کوردستان سەعيد,دهۆک,21,ئەندازیار,1878
13461,ژیان سەعيد,دهۆک,21,ئەندازیار,1006
13462,لەنیا گەرمیانی,سۆران,19,گەشەپێدەری سۆفتوێر,3494
13463,بەختیار مەحمود,کۆیە,37,ژمێریار,843
13464,سۆزان عوسمان,هەولێر,22,ئەندازیار,3200
13465,هەڵکەوت جاف,کەرکووک,24,مامۆستا,793
13466,پشتیوان ئەحمەد,کۆیە,62,ڕۆژنامەنوس,530
13467,شنۆ بابان,سلێمانی,63,بازرگان,2887
13468,ژینۆ بابان,ڕانیە,44,ئەندازیار,595
13469,هەڵکەوت مەنگوڕی,سۆران,50,وێنەگر,851
13470,زانا قادر,هەڵەبجە,65,ڕۆژنامەنوس,2813
13471,بەختیار گەرمیانی,کۆیە,34,پزیشک,3141
13472,پشتیوان گەرمیانی,سۆران,22,پارێزەر,464
13473,هەڵکەوت عوسمان,سۆران,26,بازرگان,2055
13474,هێمن ئەحمەد,سۆران,50,وێنەگر,523
13475,شێركۆ حەسەن,هەڵەبجە,45,ژمێریار,1545
13476,هێمن ئەحمەد,هەڵەبجە,48,گەشەپێدەری سۆفتوێر,3070
13477,زانا موكری,کۆیە,64,ڕۆژنامەنوس,2556
13478,هاوڕێ بابان,هەولێر,33,مامۆستا,1342
13479,ئاری عومەر,هەولێر,21,ڕۆژنامەنوس,2170
13480,ڕێبین سەعيد,دهۆک,49,گەشەپێدەری سۆفتوێر,2279
13481,هاوڕێ بابان,سۆران,58,پارێزەر,870
13482,پشتیوان حەسەن,سۆران,44,پزیشک,595
13483,هەڵکەوت گەرمیانی,کۆیە,41,مامۆستا,1731
13484,تارا سۆران,ڕانیە,20,وێنەگر,2543
13485,پشتیوان مەحمود,هەولێر,59,پزیشک,684
13486,کوردستان حەسەن,ڕانیە,59,ڕۆژنامەنوس,1091
13487,پشتیوان قادر,هەڵەبجە,64,وێنەگر,1192
13488,بەختیار عەبدوڵڵا,کەرکووک,42,بازرگان,2641
13489,کۆسار حەسەن,هەڵەبجە,33,وێنەگر,1008
13490,شێركۆ عوسمان,کەرکووک,21,گەشەپێدەری سۆفتوێر,816
13491,کوردستان موكری,دهۆک,56,پزیشک,488
13492,پشتیوان موكری,هەڵەبجە,36,پارێزەر,2121
13493,ژینۆ گەرمیانی,هەڵەبجە,25,پزیشک,1009
13494,دیار عەبدوڵڵا,ڕانیە,58,ژمێریار,959
13495,سۆران سۆران,کۆیە,38,بازرگان,3029
13496,کاروان خۆشناو,هەڵەبجە,42,بازرگان,3093
13497,سارا سۆران,سۆران,50,وێنەگر,668
13498,ژینۆ حەسەن,کۆیە,19,پزیشک,1902
13499,تانیا قادر,کۆیە,51,دیزاینەر,1154
13500,سۆزان بابان,دهۆک,19,پزیشک,1504
13501,شنۆ كەریم,سۆران,61,ڕۆژنامەنوس,434
13502,نیشتمان ئەحمەد,هەولێر,47,دیزاینەر,2224
13503,دیار عوسمان,هەولێر,37,ئەندازیار,2379
13504,شێركۆ عەبدوڵڵا,دهۆک,34,پارێزەر,2823
13505,سۆزان مەحمود,ڕانیە,53,مامۆستا,2515
13506,بەرزان سەعيد,کەرکووک,36,ژمێریار,3063
13507,دیار جاف,سلێمانی,60,بازرگان,3018
13508,سۆران حەسەن,سلێمانی,35,پزیشک,955
13509,ئاری موكری,سلێمانی,33,ڕۆژنامەنوس,3059
13510,تارا عەبدوڵڵا,کەرکووک,25,گەشەپێدەری سۆفتوێر,743
13511,کاروان عوسمان,کۆیە,27,بازرگان,3436
13512,سارا عوسمان,سۆران,43,ڕۆژنامەنوس,2530
13513,سارا موكری,سۆران,47,ئەندازیار,2220
13514,سۆزان سۆران,سلێمانی,46,گەشەپێدەری سۆفتوێر,945
13515,شنۆ حەسەن,سۆران,48,پزیشک,2047
13516,کاروان سەعيد,سلێمانی,30,پزیشک,2818
13517,ژینۆ حەسەن,دهۆک,63,پزیشک,1563
13518,بەختیار سۆران,ڕانیە,61,پزیشک,1522
13519,هەڵکەوت جاف,هەولێر,28,وێنەگر,2909
13520,کاروان كەریم,ڕانیە,24,بازرگان,2137
13521,نیشتمان حەسەن,هەولێر,53,دیزاینەر,2087
13522,کۆسار گەرمیانی,کەرکووک,43,ئەندازیار,1772
13523,کاروان مەحمود,سۆران,62,دیزاینەر,1692
13524,ئاری قادر,هەولێر,35,پزیشک,2950
13525,دیار حەسەن,ڕانیە,57,ئەندازیار,2448
13526,پشتیوان سۆران,کۆیە,51,بازرگان,671
13527,سۆزان مەحمود,ڕانیە,50,گەشەپێدەری سۆفتوێر,2161
13528,تارا عومەر,سۆران,58,پزیشک,1612
13529,کوردستان عومەر,کۆیە,40,وێنەگر,592
13530,هاوڕێ خۆشناو,هەولێر,20,ژمێریار,1276
13531,لەنیا حەسەن,هەولێر,29,دیزاینەر,3426
13532,سۆزان مەحمود,ڕانیە,45,ئەندازیار,2377
13533,سارا خۆشناو,هەڵەبجە,24,وێنەگر,461
13534,ئاری سەعيد,دهۆک,20,پزیشک,1202
13535,نیشتمان حەسەن,سۆران,38,گەشەپێدەری سۆفتوێر,3210
13536,ئاری عوسمان,دهۆک,59,ئەندازیار,3100
13537,بەرزان گەرمیانی,ڕانیە,58,دیزاینەر,2427
13538,کاروان عومەر,هەڵەبجە,33,گەشەپێدەری سۆفتوێر,2043
13539,کۆسار سەعيد,هەولێر,18,بازرگان,2152
13540,تانیا بابان,دهۆک,64,ژمێریار,2010
13541,هێمن بابان,سۆران,45,وێنەگر,2538
13542,لەنیا مەنگوڕی,هەڵەبجە,39,دیزاینەر,2739
13543,هێمن گەرمیانی,هەڵەبجە,51,دیزاینەر,1800
13544,کوردستان جاف,سۆران,48,دیزاینەر,1162
13545,کوردستان جاف,هەڵەبجە,60,پارێزەر,2974
13546,تارا مەحمود,کەرکووک,25,مامۆستا,2048
13547,تانیا سەعيد,سلێمانی,19,ئەندازیار,1097
13548,دیار عەبدوڵڵا,سۆران,38,بازرگان,1679
13549,ڕێبین كەریم,هەولێر,20,ژمێریار,1970
13550,ژیان ئەحمەد,هەڵەبجە,62,پارێزەر,1728
13551,کاروان گەرمیانی,کۆیە,46,وێنەگر,855
13552,زانا كەریم,دهۆک,34,ڕۆژنامەنوس,793
13553,تانیا كەریم,هەولێر,30,ئەندازیار,1124
13554,شنۆ جاف,ڕانیە,57,پارێزەر,2468
13555,ژیان موكری,سلێمانی,54,ئەندازیار,2773
13556,سۆران حەسەن,دهۆک,57,پزیشک,2830
13557,سۆزان كەریم,کەرکووک,19,پارێزەر,886
13558,سۆران عوسمان,هەولێر,29,ئەندازیار,1490
13559,شنۆ مەنگوڕی,ڕانیە,61,بازرگان,1972
13560,لەنیا مەنگوڕی,ڕانیە,40,گەشەپێدەری سۆفتوێر,2709
13561,بەختیار مەنگوڕی,دهۆک,41,ژمێریار,1415
13562,هێمن موكری,هەولێر,24,ئەندازیار,2078
13563,سۆران عوسمان,کەرکووک,56,ڕۆژنامەنوس,945
13564,نیشتمان موكری,هەڵەبجە,61,مامۆستا,2408
13565,زانا كەریم,ڕانیە,27,دیزاینەر,1302
13566,لەنیا سەعيد,ڕانیە,38,گەشەپێدەری سۆفتوێر,1199
13567,لەنیا حەسەن,هەڵەبجە,37,پارێزەر,2796
13568,بەختیار قادر,کۆیە,64,ڕۆژنامەنوس,3387
13569,هێمن گەرمیانی,ڕانیە,44,پارێزەر,1429
13570,دیار كەریم,کەرکووک,32,ئەندازیار,1906
13571,ئاری خۆشناو,کۆیە,48,وێنەگر,3446
13572,نیشتمان مەحمود,دهۆک,37,ڕۆژنامەنوس,3246
13573,کۆسار قادر,سۆران,59,پارێزەر,1786
13574,دیار سۆران,کەرکووک,61,ڕۆژنامەنوس,3028
13575,سۆزان عوسمان,سۆران,42,ژمێریار,3209
13576,سۆران خۆشناو,ڕانیە,55,وێنەگر,2095
13577,پشتیوان مەنگوڕی,ڕانیە,51,دیزاینەر,3152
13578,ڕێبین خۆشناو,دهۆک,30,دیزاینەر,420
13579,ژینۆ عەبدوڵڵا,کۆیە,44,مامۆستا,887
13580,پشتیوان عەبدوڵڵا,سۆران,57,ڕۆژنامەنوس,1148
13581,سۆران عەبدوڵڵا,هەڵەبجە,58,پزیشک,2105
13582,پشتیوان گەرمیانی,سلێمانی,26,مامۆستا,1440
13583,دیار جاف,هەولێر,58,ئەندازیار,2464
13584,هاوڕێ مەحمود,کەرکووک,53,دیزاینەر,1600
13585,ڕێبین عەبدوڵڵا,هەولێر,40,پارێزەر,3394
13586,شنۆ ئەحمەد,سلێمانی,51,پزیشک,1284
13587,نیشتمان سەعيد,سۆران,58,دیزاینەر,961
13588,سارا مەحمود,دهۆک,36,ئەندازیار,2949
13589,ئاری ئەحمەد,دهۆک,23,دیزاینەر,1103
13590,ژینۆ خۆشناو,کەرکووک,61,دیزاینەر,2280
13591,پشتیوان عوسمان,کۆیە,65,پارێزەر,2490
13592,ئاری سۆران,دهۆک,43,وێنەگر,2128
13593,هەڵکەوت موكری,کەرکووک,47,پارێزەر,1983
13594,زانا عومەر,کۆیە,26,دیزاینەر,2670
13595,کوردستان ئەحمەد,ڕانیە,18,گەشەپێدەری سۆفتوێر,1061
13596,سۆران مەحمود,ڕانیە,40,پزیشک,2619
13597,سۆزان گەرمیانی,هەڵەبجە,23,ژمێریار,2688
13598,سۆران عەبدوڵڵا,سۆران,45,ئەندازیار,2575
13599,زانا بابان,هەڵەبجە,47,بازرگان,3379
13600,ڕێبین گەرمیانی,سۆران,35,بازرگان,880
13601,شنۆ حەسەن,سلێمانی,43,پارێزەر,3405
13602,نیشتمان عوسمان,کەرکووک,45,پزیشک,650
13603,نیشتمان قادر,ڕانیە,50,بازرگان,2936
13604,دیار حەسەن,هەولێر,36,ئەندازیار,973
13605,بەختیار جاف,کەرکووک,55,دیزاینەر,1771
13606,نیشتمان سەعيد,دهۆک,26,پزیشک,796
13607,لەنیا عومەر,کۆیە,29,دیزاینەر,1205
13608,سارا موكری,ڕانیە,36,ئەندازیار,2697
13609,شێركۆ مەنگوڕی,کۆیە,27,مامۆستا,3185
13610,ئاری ئەحمەد,دهۆک,30,پزیشک,1795
13611,ڕێبین خۆشناو,ڕانیە,20,بازرگان,1684
13612,شنۆ موكری,دهۆک,50,وێنەگر,1439
13613,لەنیا عومەر,کۆیە,47,ڕۆژنامەنوس,3375
13614,کاروان عەبدوڵڵا,هەڵەبجە,24,پزیشک,1414
13615,دیار عومەر,کەرکووک,49,گەشەپێدەری سۆفتوێر,2477
13616,هاوڕێ موكری,کەرکووک,53,بازرگان,846
13617,کاروان عوسمان,سۆران,33,بازرگان,2143
13618,نیشتمان حەسەن,هەڵەبجە,21,گەشەپێدەری سۆفتوێر,1957
13619,بەرزان مەنگوڕی,کۆیە,34,مامۆستا,1496
13620,پشتیوان خۆشناو,سۆران,25,ڕۆژنامەنوس,2654
13621,سارا جاف,هەڵەبجە,49,ئەندازیار,2302
13622,کۆسار ئەحمەد,سۆران,48,بازرگان,1249
13623,ژیان سۆران,ڕانیە,27,پزیشک,2616
13624,تارا جاف,ڕانیە,59,وێنەگر,2736
13625,هاوڕێ موكری,هەولێر,65,پارێزەر,2205
13626,ڕێبین سۆران,کەرکووک,52,بازرگان,1205
13627,هاوڕێ خۆشناو,کۆیە,48,بازرگان,773
13628,کوردستان ئەحمەد,کۆیە,60,وێنەگر,836
13629,شنۆ سەعيد,سۆران,35,ڕۆژنامەنوس,1785
13630,کاروان عومەر,کۆیە,41,وێنەگر,3192
13631,دیار قادر,سۆران,51,پارێزەر,3378
13632,ژینۆ گەرمیانی,هەولێر,23,ئەندازیار,1070
13633,تانیا سەعيد,سلێمانی,38,پزیشک,3107
13634,کوردستان حەسەن,هەڵەبجە,42,گەشەپێدەری سۆفتوێر,1136
13635,ئاری سەعيد,ڕانیە,64,وێنەگر,843
13636,ژیان سۆران,کەرکووک,21,گەشەپێدەری سۆفتوێر,3153
13637,ئاری ئەحمەد,هەڵەبجە,25,پزیشک,3002
13638,سارا حەسەن,سلێمانی,49,ڕۆژنامەنوس,1529
13639,کوردستان ئەحمەد,کەرکووک,62,ژمێریار,3176
13640,بەرزان مەنگوڕی,کۆیە,54,ڕۆژنامەنوس,792
13641,کاروان عومەر,سلێمانی,25,بازرگان,1110
13642,ڕێبین بابان,هەڵەبجە,41,مامۆستا,654
13643,ژینۆ مەحمود,ڕانیە,61,پزیشک,2046
13644,هێمن عەبدوڵڵا,سۆران,44,ئەندازیار,2810
13645,ئاری خۆشناو,سۆران,57,بازرگان,2234
13646,کوردستان حەسەن,هەولێر,50,وێنەگر,3071
13647,کوردستان جاف,کەرکووک,41,ئەندازیار,3254
13648,سارا كەریم,هەولێر,58,وێنەگر,629
13649,تانیا سەعيد,سۆران,30,ژمێریار,2079
13650,هەڵکەوت سۆران,سلێمانی,49,وێنەگر,1568
13651,بەختیار عەبدوڵڵا,دهۆک,52,بازرگان,2481
13652,تانیا بابان,هەولێر,31,ئەندازیار,702
13653,دیار بابان,سلێمانی,27,ژمێریار,2142
13654,ژیان عومەر,دهۆک,62,وێنەگر,2232
13655,زانا سۆران,ڕانیە,47,ڕۆژنامەنوس,1883
13656,لەنیا حەسەن,سۆران,21,گەشەپێدەری سۆفتوێر,3483
13657,لەنیا سەعيد,کۆیە,59,مامۆستا,1788
13658,بەختیار مەحمود,کۆیە,36,دیزاینەر,1329
13659,ڕێبین عەبدوڵڵا,ڕانیە,49,ژمێریار,1623
13660,پشتیوان سەعيد,کەرکووک,63,بازرگان,715
13661,تارا مەنگوڕی,سۆران,43,گەشەپێدەری سۆفتوێر,2494
13662,نیشتمان گەرمیانی,هەڵەبجە,63,پزیشک,1568
13663,زانا موكری,دهۆک,37,بازرگان,2040
13664,سۆران سۆران,کۆیە,34,گەشەپێدەری سۆفتوێر,1760
13665,سارا خۆشناو,هەولێر,54,وێنەگر,1484
13666,کۆسار حەسەن,کۆیە,39,پزیشک,3300
13667,کوردستان ئەحمەد,کەرکووک,36,مامۆستا,2941
13668,هێمن عەبدوڵڵا,هەڵەبجە,56,ژمێریار,1925
13669,سۆران سەعيد,کۆیە,58,وێنەگر,2321
13670,شنۆ عوسمان,ڕانیە,52,ژمێریار,2408
13671,زانا سەعيد,دهۆک,55,دیزاینەر,3416
13672,تارا عومەر,سۆران,55,پزیشک,1420
13673,شێركۆ عوسمان,دهۆک,44,ڕۆژنامەنوس,484
13674,ژیان عەبدوڵڵا,هەڵەبجە,30,مامۆستا,1600
13675,لەنیا عومەر,سلێمانی,63,ژمێریار,1001
13676,زانا ئەحمەد,دهۆک,32,پزیشک,2578
13677,شنۆ ئەحمەد,هەڵەبجە,50,ئەندازیار,2790
13678,پشتیوان عوسمان,ڕانیە,34,وێنەگر,3206
13679,ژینۆ كەریم,کۆیە,25,وێنەگر,1977
13680,تارا مەحمود,سۆران,20,دیزاینەر,1385
13681,تانیا ئەحمەد,دهۆک,29,ڕۆژنامەنوس,1619
13682,سۆزان گەرمیانی,سۆران,54,وێنەگر,3299
13683,لەنیا موكری,کەرکووک,32,بازرگان,796
13684,پشتیوان كەریم,کۆیە,53,وێنەگر,2064
13685,کوردستان مەحمود,ڕانیە,38,بازرگان,844
13686,لەنیا عەبدوڵڵا,سۆران,54,گەشەپێدەری سۆفتوێر,1171
13687,بەختیار مەحمود,سۆران,27,گەشەپێدەری سۆفتوێر,1886
13688,ژینۆ قادر,هەڵەبجە,47,پارێزەر,1862
13689,پشتیوان قادر,دهۆک,43,وێنەگر,853
13690,لەنیا عومەر,کەرکووک,54,دیزاینەر,2799
13691,کاروان جاف,سلێمانی,25,ژمێریار,2078
13692,هاوڕێ سۆران,دهۆک,31,مامۆستا,1839
13693,سۆران ئەحمەد,دهۆک,53,پزیشک,1847
13694,سۆران موكری,دهۆک,21,پزیشک,1865
13695,بەختیار سۆران,هەولێر,49,وێنەگر,826
13696,هاوڕێ ئەحمەد,دهۆک,19,ئەندازیار,3361
13697,ڕێبین عەبدوڵڵا,سۆران,19,پارێزەر,1260
13698,سۆران حەسەن,کەرکووک,33,پارێزەر,1530
13699,ڕێبین سۆران,کەرکووک,54,وێنەگر,956
13700,بەرزان موكری,هەڵەبجە,58,دیزاینەر,1353
13701,دیار موكری,سلێمانی,24,ئەندازیار,1161
13702,سارا سەعيد,هەڵەبجە,53,پارێزەر,2252
13703,سارا قادر,سۆران,23,ئەندازیار,1741
13704,لەنیا قادر,سۆران,47,مامۆستا,2949
13705,لەنیا قادر,کۆیە,24,ڕۆژنامەنوس,3440
13706,کاروان موكری,هەڵەبجە,33,گەشەپێدەری سۆفتوێر,1460
13707,شێركۆ سەعيد,سلێمانی,55,دیزاینەر,644
13708,ڕێبین سەعيد,دهۆک,29,دیزاینەر,1970
13709,سۆران قادر,کۆیە,22,دیزاینەر,2900
13710,هێمن مەحمود,دهۆک,55,ئەندازیار,2293
13711,کوردستان جاف,کەرکووک,19,ژمێریار,1612
13712,هاوڕێ سەعيد,ڕانیە,51,دیزاینەر,2868
13713,پشتیوان مەحمود,ڕانیە,50,دیزاینەر,2832
13714,هەڵکەوت خۆشناو,کەرکووک,25,وێنەگر,3275
13715,کوردستان جاف,هەڵەبجە,63,مامۆستا,1282
13716,ژیان سۆران,هەڵەبجە,25,ڕۆژنامەنوس,717
13717,شێركۆ سەعيد,سلێمانی,49,ئەندازیار,1335
13718,سۆران موكری,سۆران,33,وێنەگر,1967
13719,ژینۆ گەرمیانی,سلێمانی,45,ژمێریار,3038
13720,لەنیا سۆران,هەولێر,43,بازرگان,1179
13721,کوردستان مەنگوڕی,ڕانیە,55,گەشەپێدەری سۆفتوێر,1788
13722,لەنیا موكری,هەڵەبجە,18,بازرگان,1834
13723,تانیا عەبدوڵڵا,سلێمانی,53,پارێزەر,2205
13724,سۆزان حەسەن,سۆران,45,وێنەگر,3480
13725,بەرزان عەبدوڵڵا,دهۆک,40,دیزاینەر,1581
13726,ڕێبین عوسمان,سلێمانی,37,بازرگان,647
13727,بەختیار عەبدوڵڵا,سلێمانی,60,دیزاینەر,2665
13728,هەڵکەوت عومەر,سلێمانی,65,دیزاینەر,944
13729,هەڵکەوت عوسمان,سۆران,19,دیزاینەر,2953
13730,سارا عومەر,کۆیە,56,پارێزەر,1366
13731,ئاری سەعيد,دهۆک,19,دیزاینەر,1031
13732,زانا خۆشناو,هەڵەبجە,33,گەشەپێدەری سۆفتوێر,1751
13733,ئاری عوسمان,سۆران,50,ڕۆژنامەنوس,528
13734,کوردستان عومەر,ڕانیە,49,پزیشک,718
13735,شێركۆ موكری,هەولێر,62,دیزاینەر,1629
13736,نیشتمان موكری,هەڵەبجە,22,مامۆستا,1561
13737,سۆزان گەرمیانی,سۆران,39,ژمێریار,3277
13738,زانا گەرمیانی,سۆران,35,پزیشک,1661
13739,کوردستان قادر,کەرکووک,41,مامۆستا,3210
13740,تارا سۆران,هەڵەبجە,34,ڕۆژنامەنوس,1426
13741,زانا عومەر,هەڵەبجە,48,ڕۆژنامەنوس,1836
13742,هەڵکەوت كەریم,سلێمانی,30,مامۆستا,1680
13743,شنۆ سەعيد,هەولێر,33,مامۆستا,1427
13744,نیشتمان گەرمیانی,دهۆک,56,ژمێریار,1685
13745,ئاری عوسمان,سۆران,34,ئەندازیار,2406
13746,نیشتمان مەحمود,هەڵەبجە,43,پارێزەر,2481
13747,کاروان حەسەن,هەڵەبجە,63,مامۆستا,2356
13748,نیشتمان موكری,هەڵەبجە,30,پارێزەر,1394
13749,بەرزان سۆران,سۆران,45,پزیشک,2890
13750,هەڵکەوت موكری,ڕانیە,63,پارێزەر,1952
13751,ئاری حەسەن,هەولێر,38,گەشەپێدەری سۆفتوێر,892
13752,نیشتمان عەبدوڵڵا,کۆیە,35,ڕۆژنامەنوس,863
13753,سۆران مەنگوڕی,کۆیە,21,گەشەپێدەری سۆفتوێر,1881
13754,کاروان بابان,هەولێر,60,پزیشک,3012
13755,هاوڕێ سۆران,سلێمانی,63,ژمێریار,668
13756,ژینۆ مەنگوڕی,هەڵەبجە,53,گەشەپێدەری سۆفتوێر,1628
13757,ڕێبین گەرمیانی,سلێمانی,50,ئەندازیار,2860
13758,پشتیوان حەسەن,ڕانیە,28,پارێزەر,2786
13759,بەختیار موكری,کەرکووک,32,ئەندازیار,2096
13760,دیار ئەحمەد,سلێمانی,64,پارێزەر,841
13761,زانا گەرمیانی,سۆران,19,پزیشک,595
13762,سارا خۆشناو,هەڵەبجە,48,بازرگان,1446
13763,هێمن كەریم,سلێمانی,25,مامۆستا,1412
13764,هەڵکەوت سەعيد,سۆران,59,گەشەپێدەری سۆفتوێر,3398
13765,کۆسار گەرمیانی,هەڵەبجە,63,پزیشک,3193
13766,ئاری موكری,سلێمانی,35,ئەندازیار,1095
13767,کاروان عوسمان,ڕانیە,56,ڕۆژنامەنوس,442
13768,لەنیا سۆران,ڕانیە,58,دیزاینەر,1242
13769,سۆزان سەعيد,هەڵەبجە,39,پزیشک,2256
13770,کۆسار موكری,ڕانیە,40,وێنەگر,2038
13771,بەختیار مەنگوڕی,ڕانیە,37,ڕۆژنامەنوس,971
13772,کوردستان گەرمیانی,کۆیە,34,وێنەگر,1459
13773,شێركۆ گەرمیانی,هەڵەبجە,40,بازرگان,3313
13774,کۆسار عوسمان,سلێمانی,50,بازرگان,2593
13775,کۆسار عومەر,کەرکووک,37,ڕۆژنامەنوس,2047
13776,دیار حەسەن,کەرکووک,37,ئەندازیار,712
13777,تانیا سۆران,کەرکووک,19,پزیشک,3466
13778,هاوڕێ جاف,سلێمانی,37,وێنەگر,3005
13779,ژیان حەسەن,ڕانیە,36,ڕۆژنامەنوس,820
13780,شنۆ عەبدوڵڵا,سلێمانی,25,وێنەگر,1731
13781,کوردستان بابان,هەولێر,59,گەشەپێدەری سۆفتوێر,1947
13782,نیشتمان بابان,دهۆک,49,گەشەپێدەری سۆفتوێر,1322
13783,هەڵکەوت خۆشناو,ڕانیە,54,دیزاینەر,419
13784,بەرزان عومەر,ڕانیە,48,دیزاینەر,1485
13785,ژیان موكری,سۆران,46,پزیشک,2628
13786,بەرزان ئەحمەد,کەرکووک,27,پزیشک,2497
13787,کوردستان خۆشناو,سلێمانی,40,مامۆستا,2567
13788,شێركۆ عوسمان,سلێمانی,64,دیزاینەر,3232
13789,سارا سۆران,ڕانیە,42,ئەندازیار,2169
13790,ئاری خۆشناو,سۆران,44,پارێزەر,1439
13791,هەڵکەوت عەبدوڵڵا,کەرکووک,32,بازرگان,2404
13792,نیشتمان ئەحمەد,کۆیە,44,ڕۆژنامەنوس,2582
13793,بەرزان عوسمان,ڕانیە,56,دیزاینەر,2864
13794,شێركۆ عەبدوڵڵا,هەڵەبجە,36,گەشەپێدەری سۆفتوێر,2366
13795,زانا قادر,هەڵەبجە,36,ئەندازیار,620
13796,شنۆ عوسمان,کۆیە,51,ئەندازیار,1390
13797,ژیان خۆشناو,ڕانیە,19,دیزاینەر,2366
13798,شێركۆ مەنگوڕی,هەولێر,18,وێنەگر,878
13799,ژیان عەبدوڵڵا,ڕانیە,33,پزیشک,1854
13800,تارا عومەر,هەڵەبجە,25,گەشەپێدەری سۆفتوێر,1308
13801,تارا گەرمیانی,کەرکووک,43,بازرگان,2078
13802,پشتیوان حەسەن,هەولێر,18,ئەندازیار,2838
13803,سۆران سەعيد,سلێمانی,31,مامۆستا,3279
13804,نیشتمان موكری,ڕانیە,24,بازرگان,1812
13805,لەنیا سەعيد,هەڵەبجە,44,دیزاینەر,784
13806,ژیان حەسەن,ڕانیە,34,ژمێریار,784
13807,شێركۆ حەسەن,سلێمانی,28,بازرگان,2160
13808,لەنیا جاف,سلێمانی,48,دیزاینەر,1115
13809,دیار عەبدوڵڵا,کەرکووک,27,مامۆستا,3135
13810,شنۆ سۆران,هەولێر,35,ڕۆژنامەنوس,2565
13811,زانا عەبدوڵڵا,کۆیە,30,پزیشک,1791
13812,ژینۆ مەنگوڕی,هەڵەبجە,64,ژمێریار,3011
13813,نیشتمان جاف,هەولێر,61,ژمێریار,2599
13814,هەڵکەوت خۆشناو,سۆران,35,پزیشک,2761
13815,شێركۆ مەنگوڕی,سلێمانی,38,دیزاینەر,764
13816,شنۆ مەحمود,ڕانیە,52,مامۆستا,2196
13817,هەڵکەوت مەنگوڕی,سلێمانی,48,ژمێریار,2305
13818,سۆران مەنگوڕی,هەولێر,53,گەشەپێدەری سۆفتوێر,1334
13819,کوردستان عەبدوڵڵا,سلێمانی,63,پزیشک,813
13820,تارا قادر,دهۆک,61,مامۆستا,1405
13821,تانیا كەریم,سۆران,60,ژمێریار,1697
13822,ژیان جاف,سلێمانی,60,پزیشک,3291
13823,زانا عومەر,دهۆک,24,پزیشک,665
13824,هەڵکەوت حەسەن,سۆران,55,ئەندازیار,756
13825,شنۆ حەسەن,سۆران,60,ڕۆژنامەنوس,949
13826,کاروان جاف,دهۆک,23,بازرگان,3274
13827,کۆسار موكری,سلێمانی,64,وێنەگر,3334
13828,ژینۆ حەسەن,سلێمانی,39,گەشەپێدەری سۆفتوێر,1576
13829,لەنیا خۆشناو,هەولێر,60,ڕۆژنامەنوس,2660
13830,کۆسار بابان,دهۆک,56,مامۆستا,579
13831,لەنیا جاف,کۆیە,63,ڕۆژنامەنوس,1071
13832,ژینۆ گەرمیانی,هەولێر,53,ژمێریار,3470
13833,ژینۆ مەحمود,کەرکووک,23,ڕۆژنامەنوس,1631
13834,لەنیا بابان,دهۆک,54,ئەندازیار,2977
13835,زانا موكری,هەولێر,38,ژمێریار,3448
13836,هێمن عەبدوڵڵا,کۆیە,48,پارێزەر,649
13837,بەختیار جاف,ڕانیە,46,ئەندازیار,660
13838,ئاری ئەحمەد,سلێمانی,39,وێنەگر,1196
13839,شێركۆ مەحمود,کەرکووک,55,پزیشک,3132
13840,شێركۆ عەبدوڵڵا,سۆران,24,دیزاینەر,1096
13841,کوردستان مەحمود,کۆیە,40,ئەندازیار,1550
13842,شنۆ موكری,سۆران,34,گەشەپێدەری سۆفتوێر,1793
13843,تانیا قادر,ڕانیە,61,بازرگان,1985
13844,دیار خۆشناو,سۆران,31,مامۆستا,804
13845,لەنیا مەحمود,کۆیە,64,دیزاینەر,929
13846,سۆران سۆران,دهۆک,54,بازرگان,3055
13847,شنۆ موكری,سۆران,50,وێنەگر,1967
13848,کۆسار حەسەن,کۆیە,41,وێنەگر,1925
13849,هاوڕێ گەرمیانی,سلێمانی,56,ژمێریار,2057
13850,هەڵکەوت عومەر,ڕانیە,64,ڕۆژنامەنوس,780
13851,پشتیوان بابان,ڕانیە,56,گەشەپێدەری سۆفتوێر,2011
13852,هێمن عوسمان,کەرکووک,54,وێنەگر,2823
13853,سۆزان عوسمان,هەڵەبجە,25,پارێزەر,809
13854,کۆسار كەریم,سلێمانی,35,مامۆستا,2223
13855,کاروان عەبدوڵڵا,هەولێر,48,ڕۆژنامەنوس,2424
13856,هەڵکەوت حەسەن,هەولێر,35,ژمێریار,1210
13857,سارا قادر,کۆیە,59,پارێزەر,2444
13858,دیار مەنگوڕی,ڕانیە,56,وێنەگر,2379
13859,دیار بابان,دهۆک,46,ئەندازیار,3458
13860,هێمن مەنگوڕی,هەولێر,57,ڕۆژنامەنوس,1771
13861,کاروان حەسەن,کەرکووک,27,وێنەگر,2030
13862,ڕێبین سۆران,ڕانیە,28,ڕۆژنامەنوس,799
13863,کۆسار ئەحمەد,کۆیە,47,دیزاینەر,3466
13864,بەختیار سەعيد,هەولێر,19,ژمێریار,1773
13865,لەنیا گەرمیانی,سلێمانی,40,دیزاینەر,2569
13866,هاوڕێ خۆشناو,دهۆک,53,دیزاینەر,1197
13867,نیشتمان بابان,کۆیە,47,مامۆستا,1379
13868,ژینۆ موكری,سۆران,20,ژمێریار,576
13869,بەختیار سەعيد,کەرکووک,23,ژمێریار,1539
13870,بەختیار سەعيد,کەرکووک,59,ڕۆژنامەنوس,792
13871,سۆران ئەحمەد,کەرکووک,21,ئەندازیار,2874
13872,شنۆ سۆران,کۆیە,36,مامۆستا,3156
13873,ڕێبین عومەر,هەڵەبجە,39,پارێزەر,2252
13874,پشتیوان عوسمان,کەرکووک,53,ڕۆژنامەنوس,894
13875,لەنیا بابان,کۆیە,53,گەشەپێدەری سۆفتوێر,2641
13876,نیشتمان خۆشناو,دهۆک,31,وێنەگر,2120
13877,کۆسار گەرمیانی,سلێمانی,21,مامۆستا,3487
13878,سۆران مەنگوڕی,کۆیە,60,ژمێریار,463
13879,هاوڕێ سۆران,سۆران,31,پارێزەر,2012
13880,دیار عەبدوڵڵا,کەرکووک,56,پزیشک,1210
13881,نیشتمان عوسمان,ڕانیە,48,گەشەپێدەری سۆفتوێر,3343
13882,کوردستان خۆشناو,هەولێر,56,مامۆستا,1967
13883,ئاری ئەحمەد,کەرکووک,38,ئەندازیار,3379
13884,سارا مەحمود,کۆیە,36,دیزاینەر,1989
13885,پشتیوان كەریم,هەڵەبجە,19,مامۆستا,1034
13886,هێمن مەحمود,هەڵەبجە,37,بازرگان,1680
13887,ژیان خۆشناو,دهۆک,53,مامۆستا,1568
13888,لەنیا عەبدوڵڵا,دهۆک,36,گەشەپێدەری سۆفتوێر,1407
13889,بەرزان سەعيد,دهۆک,22,پارێزەر,2367
13890,نیشتمان سەعيد,هەولێر,29,پارێزەر,2496
13891,سارا خۆشناو,هەڵەبجە,59,پزیشک,3196
13892,شێركۆ كەریم,ڕانیە,42,گەشەپێدەری سۆفتوێر,1644
13893,شنۆ جاف,سۆران,33,ڕۆژنامەنوس,1428
13894,ژینۆ عوسمان,هەولێر,54,پزیشک,510
13895,دیار بابان,کەرکووک,53,دیزاینەر,2662
13896,تارا كەریم,دهۆک,37,پارێزەر,2919
13897,دیار جاف,دهۆک,59,پارێزەر,869
13898,تارا عوسمان,کەرکووک,43,پارێزەر,1533
13899,ئاری كەریم,کەرکووک,29,وێنەگر,2240
13900,کۆسار جاف,کۆیە,43,پارێزەر,2693
13901,بەرزان قادر,کەرکووک,19,گەشەپێدەری سۆفتوێر,1697
13902,بەرزان مەحمود,کۆیە,38,وێنەگر,1316
13903,سۆزان عومەر,سۆران,37,بازرگان,1676
13904,پشتیوان قادر,هەڵەبجە,28,بازرگان,1096
13905,سۆزان سۆران,کەرکووک,34,پزیشک,3374
13906,سۆران عەبدوڵڵا,کۆیە,30,پزیشک,1111
13907,پشتیوان حەسەن,دهۆک,33,پزیشک,1109
13908,سارا سۆران,ڕانیە,56,دیزاینەر,1414
13909,کۆسار مەحمود,دهۆک,37,ئەندازیار,1273
13910,شێركۆ بابان,هەولێر,48,بازرگان,2807
13911,شێركۆ سەعيد,هەڵەبجە,61,گەشەپێدەری سۆفتوێر,1718
13912,دیار حەسەن,سلێمانی,18,پزیشک,3373
13913,ڕێبین مەحمود,سۆران,19,مامۆستا,2923
13914,دیار قادر,سۆران,33,ژمێریار,2947
13915,ژیان خۆشناو,کۆیە,45,بازرگان,3308
13916,کاروان عوسمان,سلێمانی,33,بازرگان,2962
13917,بەختیار بابان,کۆیە,37,پزیشک,2249
13918,ژیان مەحمود,کۆیە,59,ڕۆژنامەنوس,731
13919,هەڵکەوت عومەر,ڕانیە,27,ژمێریار,3468
13920,شنۆ مەنگوڕی,ڕانیە,30,پارێزەر,641
13921,سارا مەحمود,هەڵەبجە,45,ئەندازیار,2509
13922,کۆسار سەعيد,سلێمانی,37,وێنەگر,1198
13923,دیار ئەحمەد,سلێمانی,28,مامۆستا,3033
13924,هێمن حەسەن,هەولێر,27,ژمێریار,1191
13925,هەڵکەوت گەرمیانی,سلێمانی,29,پارێزەر,785
13926,نیشتمان عوسمان,هەولێر,38,وێنەگر,462
13927,شنۆ خۆشناو,دهۆک,36,دیزاینەر,1903
13928,تارا مەنگوڕی,دهۆک,62,دیزاینەر,2866
13929,تانیا جاف,سۆران,59,بازرگان,3382
13930,لەنیا مەحمود,کۆیە,48,بازرگان,1140
13931,سۆران بابان,هەولێر,29,مامۆستا,2594
13932,شێركۆ كەریم,ڕانیە,57,پارێزەر,1315
13933,بەختیار ئەحمەد,کۆیە,22,دیزاینەر,2064
13934,سارا گەرمیانی,کۆیە,35,پارێزەر,2766
13935,سارا جاف,ڕانیە,19,پارێزەر,604
13936,ئاری سەعيد,دهۆک,41,ژمێریار,2053
13937,هەڵکەوت سۆران,هەڵەبجە,40,ژمێریار,1430
13938,ئاری عومەر,ڕانیە,24,وێنەگر,1660
13939,ئاری كەریم,کەرکووک,51,پزیشک,1727
13940,ژیان عەبدوڵڵا,هەولێر,25,وێنەگر,3484
13941,کاروان سەعيد,هەڵەبجە,57,مامۆستا,2219
13942,هێمن سەعيد,دهۆک,30,پارێزەر,614
13943,نیشتمان كەریم,سۆران,40,پارێزەر,1817
13944,زانا قادر,سۆران,25,گەشەپێدەری سۆفتوێر,2661
13945,تانیا ئەحمەد,هەولێر,45,ژمێریار,1749
13946,کۆسار حەسەن,دهۆک,26,ئەندازیار,1421
13947,بەرزان عەبدوڵڵا,ڕانیە,51,ڕۆژنامەنوس,2190
13948,زانا حەسەن,سۆران,55,ئەندازیار,2136
13949,هاوڕێ جاف,هەڵەبجە,49,پزیشک,823
13950,دیار قادر,هەولێر,36,دیزاینەر,2187
13951,شێركۆ خۆشناو,هەڵەبجە,39,ئەندازیار,3266
13952,کاروان قادر,سلێمانی,24,بازرگان,792
13953,کوردستان حەسەن,سلێمانی,43,وێنەگر,1745
13954,پشتیوان سۆران,کەرکووک,49,ژمێریار,533
13955,سۆزان موكری,کەرکووک,23,ئەندازیار,2604
13956,بەختیار سۆران,سلێمانی,54,ئەندازیار,1795
13957,سۆزان جاف,هەڵەبجە,56,وێنەگر,1919
13958,ئاری سەعيد,کەرکووک,46,بازرگان,2169
13959,شێركۆ قادر,ڕانیە,60,مامۆستا,2045
13960,دیار عەبدوڵڵا,سۆران,31,ژمێریار,2722
13961,زانا سەعيد,هەڵەبجە,62,مامۆستا,1850
13962,شنۆ عەبدوڵڵا,سلێمانی,31,پارێزەر,1633
13963,پشتیوان خۆشناو,سۆران,50,ڕۆژنامەنوس,1002
13964,ڕێبین سۆران,دهۆک,19,پارێزەر,2618
13965,هاوڕێ عومەر,سۆران,46,ئەندازیار,2602
13966,تارا عەبدوڵڵا,هەڵەبجە,61,ژمێریار,2591
13967,کۆسار سۆران,ڕانیە,36,بازرگان,2844
13968,لەنیا سەعيد,کۆیە,40,پزیشک,3090
13969,بەختیار گەرمیانی,کەرکووک,28,گەشەپێدەری سۆفتوێر,2647
13970,ژیان مەحمود,سۆران,27,مامۆستا,3281
13971,سۆزان جاف,سۆران,62,مامۆستا,2583
13972,کاروان حەسەن,کۆیە,20,ئەندازیار,465
13973,دیار مەحمود,دهۆک,41,ژمێریار,1601
13974,ژیان گەرمیانی,سلێمانی,29,ژمێریار,2105
13975,ئاری سەعيد,سۆران,35,وێنەگر,491
13976,بەختیار ئەحمەد,هەولێر,54,پارێزەر,3220
13977,هاوڕێ جاف,سلێمانی,35,مامۆستا,648
13978,تارا مەحمود,دهۆک,46,دیزاینەر,1003
13979,نیشتمان خۆشناو,کۆیە,26,ڕۆژنامەنوس,858
13980,بەرزان سۆران,کەرکووک,28,ڕۆژنامەنوس,913
13981,هەڵکەوت گەرمیانی,هەولێر,33,پارێزەر,2327
13982,لەنیا گەرمیانی,هەڵەبجە,63,گەشەپێدەری سۆفتوێر,2510
13983,بەختیار ئەحمەد,ڕانیە,27,ئەندازیار,1439
13984,کۆسار حەسەن,ڕانیە,35,دیزاینەر,3083
13985,تانیا كەریم,هەولێر,29,پزیشک,651
13986,بەرزان موكری,هەڵەبجە,30,ڕۆژنامەنوس,1363
13987,لەنیا ئەحمەد,کەرکووک,41,ژمێریار,1177
13988,ژیان عومەر,هەولێر,46,ڕۆژنامەنوس,750
13989,کۆسار ئەحمەد,هەولێر,24,بازرگان,630
13990,سارا عومەر,دهۆک,45,ئەندازیار,3281
13991,شێركۆ بابان,هەولێر,51,ئەندازیار,603
13992,لەنیا كەریم,سۆران,22,پارێزەر,3277
13993,تانیا مەنگوڕی,سلێمانی,60,مامۆستا,1815
13994,هێمن قادر,سۆران,40,ئەندازیار,3172
13995,هەڵکەوت جاف,ڕانیە,50,ڕۆژنامەنوس,1754
13996,شێركۆ ئەحمەد,هەولێر,21,بازرگان,2809
13997,دیار گەرمیانی,ڕانیە,54,دیزاینەر,3436
13998,لەنیا حەسەن,کەرکووک,22,ڕۆژنامەنوس,1513
13999,کوردستان خۆشناو,دهۆک,39,مامۆستا,3406
14000,شێركۆ گەرمیانی,کەرکووک,62,وێنەگر,2200
14001,تارا خۆشناو,سۆران,64,ڕۆژنامەنوس,3302
14002,زانا مەنگوڕی,کەرکووک,33,گەشەپێدەری سۆفتوێر,2753
14003,تارا كەریم,سلێمانی,27,بازرگان,1562
14004,زانا عومەر,سۆران,46,پارێزەر,1370
14005,ڕێبین خۆشناو,دهۆک,18,وێنەگر,1070
14006,تارا عەبدوڵڵا,دهۆک,53,پارێزەر,1462
14007,ئاری عومەر,هەولێر,21,پارێزەر,447
14008,پشتیوان بابان,هەولێر,52,ڕۆژنامەنوس,3039
14009,هاوڕێ عەبدوڵڵا,سۆران,41,پارێزەر,1268
14010,پشتیوان جاف,سلێمانی,55,وێنەگر,1189
14011,شێركۆ عوسمان,هەڵەبجە,52,وێنەگر,1628
14012,تارا بابان,هەولێر,44,ژمێریار,1490
14013,سۆزان مەحمود,هەولێر,29,ئەندازیار,2827
14014,کوردستان موكری,سۆران,25,ڕۆژنامەنوس,1194
14015,تارا جاف,هەولێر,35,پزیشک,2349
14016,ژیان حەسەن,هەولێر,42,ژمێریار,2989
14017,کوردستان عوسمان,دهۆک,46,بازرگان,595
14018,ژیان قادر,ڕانیە,44,مامۆستا,1020
14019,تانیا عومەر,کۆیە,32,مامۆستا,925
14020,نیشتمان مەنگوڕی,کەرکووک,61,پزیشک,3304
14021,ڕێبین جاف,هەڵەبجە,36,ڕۆژنامەنوس,1266
14022,شێركۆ سۆران,سۆران,33,وێنەگر,2077
14023,هەڵکەوت مەحمود,کەرکووک,59,گەشەپێدەری سۆفتوێر,1866
14024,کۆسار حەسەن,سۆران,63,پارێزەر,681
14025,هێمن عەبدوڵڵا,هەولێر,41,پارێزەر,932
14026,لەنیا خۆشناو,کەرکووک,43,گەشەپێدەری سۆفتوێر,841
14027,ئاری بابان,ڕانیە,30,وێنەگر,2656
14028,شێركۆ عوسمان,ڕانیە,33,دیزاینەر,1258
14029,بەرزان حەسەن,کەرکووک,61,ئەندازیار,2046
14030,بەرزان ئەحمەد,سۆران,63,گەشەپێدەری سۆفتوێر,2257
14031,پشتیوان موكری,دهۆک,33,پزیشک,2148
14032,هەڵکەوت عوسمان,کۆیە,47,ئەندازیار,1187
14033,بەرزان موكری,هەڵەبجە,36,وێنەگر,1829
14034,سارا مەنگوڕی,ڕانیە,42,پارێزەر,932
14035,ژیان گەرمیانی,هەڵەبجە,57,مامۆستا,571
14036,سارا كەریم,هەڵەبجە,27,ئەندازیار,2997
14037,تانیا عوسمان,هەڵەبجە,52,مامۆستا,1741
14038,کوردستان گەرمیانی,هەولێر,59,ڕۆژنامەنوس,1485
14039,ڕێبین مەحمود,دهۆک,64,دیزاینەر,908
14040,زانا كەریم,سۆران,42,مامۆستا,2386
14041,زانا عومەر,کەرکووک,46,ڕۆژنامەنوس,1197
14042,تارا گەرمیانی,ڕانیە,60,بازرگان,2606
14043,هاوڕێ سەعيد,دهۆک,58,وێنەگر,1899
14044,سۆزان سۆران,هەڵەبجە,46,ڕۆژنامەنوس,879
14045,بەرزان سۆران,سۆران,19,ژمێریار,1152
14046,سۆران ئەحمەد,سۆران,38,مامۆستا,3300
14047,کوردستان عوسمان,کەرکووک,52,بازرگان,1457
14048,لەنیا عەبدوڵڵا,دهۆک,57,ژمێریار,3380
14049,تانیا مەنگوڕی,دهۆک,62,ئەندازیار,2294
14050,لەنیا مەحمود,سلێمانی,34,ئەندازیار,1466
14051,ژینۆ كەریم,هەڵەبجە,22,ئەندازیار,3387
14052,ئاری موكری,دهۆک,51,گەشەپێدەری سۆفتوێر,2537
14053,نیشتمان موكری,سلێمانی,62,پارێزەر,2678
14054,سۆزان قادر,کەرکووک,48,پارێزەر,1393
14055,زانا مەحمود,سۆران,51,مامۆستا,1796
14056,بەرزان ئەحمەد,سلێمانی,18,بازرگان,3351
14057,لەنیا مەنگوڕی,سۆران,27,ئەندازیار,1314
14058,پشتیوان سۆران,هەڵەبجە,47,پارێزەر,1840
14059,پشتیوان كەریم,کەرکووک,40,ژمێریار,2775
14060,بەرزان عوسمان,هەڵەبجە,32,ژمێریار,2458
14061,سۆران عومەر,ڕانیە,19,پزیشک,3104
14062,کۆسار ئەحمەد,کۆیە,34,ژمێریار,1616
14063,لەنیا مەحمود,سلێمانی,22,دیزاینەر,3307
14064,هەڵکەوت مەحمود,هەولێر,53,ڕۆژنامەنوس,663
14065,سۆران قادر,ڕانیە,25,ڕۆژنامەنوس,2877
14066,پشتیوان حەسەن,ڕانیە,38,گەشەپێدەری سۆفتوێر,1302
14067,هاوڕێ مەنگوڕی,کۆیە,52,ژمێریار,3013
14068,ئاری موكری,ڕانیە,63,پارێزەر,2191
14069,ژینۆ جاف,کۆیە,65,ڕۆژنامەنوس,1277
14070,لەنیا سەعيد,دهۆک,21,گەشەپێدەری سۆفتوێر,2742
14071,دیار عەبدوڵڵا,ڕانیە,38,ژمێریار,1158
14072,ئاری قادر,سلێمانی,52,ڕۆژنامەنوس,2894
14073,بەختیار بابان,کۆیە,19,دیزاینەر,1894
14074,شنۆ خۆشناو,سلێمانی,34,بازرگان,1615
14075,دیار خۆشناو,کەرکووک,21,ژمێریار,1525
14076,هاوڕێ عومەر,کۆیە,42,دیزاینەر,864
14077,هەڵکەوت گەرمیانی,کەرکووک,59,پزیشک,2738
14078,لەنیا قادر,ڕانیە,19,ڕۆژنامەنوس,1710
14079,شێركۆ گەرمیانی,هەولێر,42,ژمێریار,582
14080,هێمن خۆشناو,سلێمانی,58,دیزاینەر,3455
14081,کۆسار جاف,هەولێر,44,وێنەگر,2248
14082,کاروان عوسمان,ڕانیە,26,مامۆستا,1712
14083,کوردستان سۆران,سۆران,46,دیزاینەر,2010
14084,تانیا جاف,کۆیە,29,پارێزەر,3309
14085,سۆران كەریم,کۆیە,19,ڕۆژنامەنوس,631
14086,کاروان مەنگوڕی,دهۆک,20,ڕۆژنامەنوس,2386
14087,شنۆ بابان,سلێمانی,30,دیزاینەر,1221
14088,دیار عوسمان,هەولێر,28,پارێزەر,2455
14089,ڕێبین حەسەن,هەولێر,35,ڕۆژنامەنوس,501
14090,هێمن عەبدوڵڵا,سلێمانی,36,وێنەگر,1373
14091,سارا مەحمود,ڕانیە,58,پارێزەر,1632
14092,سۆران موكری,دهۆک,58,ئەندازیار,1853
14093,ژیان جاف,هەولێر,60,ڕۆژنامەنوس,2691
14094,سۆزان عومەر,کۆیە,53,دیزاینەر,2138
14095,شێركۆ قادر,دهۆک,63,ڕۆژنامەنوس,962
14096,بەختیار موكری,هەولێر,60,مامۆستا,1185
14097,ژینۆ مەحمود,کەرکووک,42,وێنەگر,3356
14098,کوردستان سەعيد,هەڵەبجە,49,پارێزەر,513
14099,تارا بابان,ڕانیە,30,ڕۆژنامەنوس,2293
14100,کاروان سۆران,هەولێر,57,ڕۆژنامەنوس,3070
14101,هێمن سۆران,کەرکووک,22,ژمێریار,1047
14102,سارا بابان,دهۆک,20,پارێزەر,1888
14103,بەختیار سەعيد,کۆیە,40,ڕۆژنامەنوس,2789
14104,هاوڕێ كەریم,کۆیە,43,بازرگان,727
14105,شێركۆ قادر,کەرکووک,26,پزیشک,1733
14106,سۆزان ئەحمەد,سۆران,29,مامۆستا,2993
14107,هێمن جاف,دهۆک,48,بازرگان,735
14108,تارا كەریم,سۆران,42,وێنەگر,3351
14109,دیار سەعيد,دهۆک,57,بازرگان,1369
14110,بەختیار عوسمان,سۆران,26,دیزاینەر,3137
14111,شێركۆ گەرمیانی,سلێمانی,23,ژمێریار,2900
14112,کوردستان قادر,کۆیە,27,ژمێریار,2335
14113,هەڵکەوت جاف,سۆران,62,پزیشک,2016
14114,سۆزان عوسمان,هەڵەبجە,47,بازرگان,3494
14115,کاروان حەسەن,دهۆک,58,ڕۆژنامەنوس,1316
14116,نیشتمان مەنگوڕی,سۆران,24,دیزاینەر,1212
14117,ژینۆ جاف,کەرکووک,57,ڕۆژنامەنوس,1655
14118,سارا عوسمان,ڕانیە,20,دیزاینەر,2941
14119,سۆزان سەعيد,کۆیە,63,ئەندازیار,828
14120,کۆسار عومەر,کەرکووک,49,گەشەپێدەری سۆفتوێر,3198
14121,کاروان جاف,کەرکووک,20,ژمێریار,2309
14122,سۆران جاف,کۆیە,56,وێنەگر,1886
14123,ڕێبین كەریم,سلێمانی,35,بازرگان,1487
14124,سۆران مەنگوڕی,سۆران,30,ڕۆژنامەنوس,2639
14125,هاوڕێ ئەحمەد,ڕانیە,32,گەشەپێدەری سۆفتوێر,702
14126,ڕێبین عومەر,دهۆک,30,ڕۆژنامەنوس,2744
14127,کوردستان عوسمان,کۆیە,21,بازرگان,1854
14128,تارا گەرمیانی,ڕانیە,34,بازرگان,2291
14129,کۆسار مەحمود,ڕانیە,57,ژمێریار,751
14130,بەرزان ئەحمەد,سۆران,33,بازرگان,474
14131,ئاری عومەر,کۆیە,21,ژمێریار,3199
14132,ئاری عوسمان,کۆیە,28,وێنەگر,448
14133,ڕێبین سەعيد,سلێمانی,56,ژمێریار,3133
14134,سارا سەعيد,کەرکووک,42,وێنەگر,461
14135,بەرزان موكری,ڕانیە,50,وێنەگر,499
14136,سۆزان سۆران,کەرکووک,30,ڕۆژنامەنوس,2003
14137,هەڵکەوت جاف,ڕانیە,64,دیزاینەر,510
14138,کوردستان عوسمان,هەولێر,20,مامۆستا,924
14139,شنۆ قادر,کەرکووک,37,ڕۆژنامەنوس,2937
14140,شنۆ جاف,کەرکووک,19,بازرگان,809
14141,زانا قادر,ڕانیە,62,وێنەگر,1779
14142,لەنیا سۆران,کەرکووک,37,مامۆستا,2184
14143,شنۆ قادر,هەڵەبجە,63,وێنەگر,1058
14144,پشتیوان گەرمیانی,هەولێر,38,ڕۆژنامەنوس,2954
14145,بەختیار جاف,سلێمانی,46,گەشەپێدەری سۆفتوێر,2260
14146,نیشتمان مەنگوڕی,دهۆک,65,پزیشک,2999
14147,بەختیار حەسەن,کەرکووک,42,پارێزەر,581
14148,ژیان كەریم,ڕانیە,28,پزیشک,576
14149,بەختیار عەبدوڵڵا,دهۆک,30,ژمێریار,1060
14150,کۆسار عوسمان,کۆیە,55,بازرگان,1292
14151,کوردستان سەعيد,ڕانیە,19,پارێزەر,1415
14152,شێركۆ عەبدوڵڵا,هەڵەبجە,63,دیزاینەر,802
14153,شێركۆ عومەر,کۆیە,56,گەشەپێدەری سۆفتوێر,2336
14154,هێمن بابان,دهۆک,45,مامۆستا,2653
14155,شێركۆ خۆشناو,هەولێر,65,ژمێریار,2074
14156,نیشتمان موكری,سلێمانی,62,ژمێریار,2626
14157,هەڵکەوت بابان,دهۆک,51,دیزاینەر,1813
14158,سۆزان بابان,کەرکووک,59,ڕۆژنامەنوس,1671
14159,ژینۆ گەرمیانی,ڕانیە,62,گەشەپێدەری سۆفتوێر,2326
14160,ژینۆ خۆشناو,ڕانیە,29,گەشەپێدەری سۆفتوێر,2948
14161,سارا قادر,هەڵەبجە,24,ئەندازیار,2198
14162,ژینۆ قادر,کۆیە,21,گەشەپێدەری سۆفتوێر,1627
14163,سارا ئەحمەد,هەڵەبجە,62,بازرگان,944
14164,هەڵکەوت جاف,هەولێر,55,گەشەپێدەری سۆفتوێر,3077
14165,پشتیوان حەسەن,دهۆک,54,بازرگان,996
14166,ڕێبین حەسەن,کۆیە,35,ڕۆژنامەنوس,527
14167,بەرزان خۆشناو,دهۆک,39,مامۆستا,1646
14168,ڕێبین ئەحمەد,ڕانیە,31,ژمێریار,3165
14169,هێمن گەرمیانی,کەرکووک,31,دیزاینەر,547
14170,ئاری سەعيد,کەرکووک,64,وێنەگر,1801
14171,ئاری قادر,هەڵەبجە,55,دیزاینەر,525
14172,سۆران مەحمود,سۆران,62,گەشەپێدەری سۆفتوێر,3076
14173,ژینۆ عوسمان,هەولێر,63,دیزاینەر,931
14174,نیشتمان سۆران,هەڵەبجە,49,بازرگان,1795
14175,ئاری عەبدوڵڵا,سۆران,64,بازرگان,3093
14176,لەنیا جاف,سۆران,40,ئەندازیار,2258
14177,نیشتمان جاف,کۆیە,52,دیزاینەر,3297
14178,ژیان سەعيد,دهۆک,18,وێنەگر,2141
14179,تارا گەرمیانی,ڕانیە,22,دیزاینەر,3144
14180,کۆسار ئەحمەد,کەرکووک,54,گەشەپێدەری سۆفتوێر,1887
14181,تارا عەبدوڵڵا,سلێمانی,63,ئەندازیار,1471
14182,هەڵکەوت موكری,کەرکووک,20,ڕۆژنامەنوس,1596
14183,شێركۆ گەرمیانی,کۆیە,63,پارێزەر,2308
14184,ژینۆ عەبدوڵڵا,سلێمانی,58,گەشەپێدەری سۆفتوێر,1900
14185,لەنیا حەسەن,هەڵەبجە,43,پزیشک,1027
14186,کۆسار عوسمان,سلێمانی,19,پارێزەر,1891
14187,کۆسار مەحمود,سلێمانی,56,پارێزەر,637
14188,کوردستان خۆشناو,کەرکووک,48,پزیشک,1418
14189,سارا مەنگوڕی,هەولێر,57,ژمێریار,480
14190,سارا گەرمیانی,سلێمانی,58,گەشەپێدەری سۆفتوێر,1473
14191,ڕێبین قادر,دهۆک,43,ئەندازیار,2457
14192,هاوڕێ جاف,ڕانیە,39,ڕۆژنامەنوس,3264
14193,تانیا موكری,دهۆک,28,پزیشک,594
14194,بەرزان سەعيد,ڕانیە,38,ڕۆژنامەنوس,1325
14195,ژینۆ سۆران,سلێمانی,18,دیزاینەر,2034
14196,هاوڕێ سەعيد,ڕانیە,57,مامۆستا,2593
14197,سۆزان عوسمان,هەڵەبجە,41,ژمێریار,2532
14198,تانیا مەنگوڕی,کۆیە,38,پارێزەر,1309
14199,پشتیوان جاف,سلێمانی,55,بازرگان,3100
14200,کۆسار مەحمود,کۆیە,63,ئەندازیار,2465
14201,تانیا سۆران,هەڵەبجە,33,ژمێریار,1061
14202,ژیان عەبدوڵڵا,کەرکووک,50,مامۆستا,2454
14203,هاوڕێ جاف,سلێمانی,33,ئەندازیار,512
14204,نیشتمان عەبدوڵڵا,هەڵەبجە,59,ڕۆژنامەنوس,3079
14205,بەرزان عوسمان,دهۆک,42,ژمێریار,1544
14206,ڕێبین ئەحمەد,سۆران,19,ئەندازیار,3064
14207,زانا خۆشناو,دهۆک,43,ژمێریار,3152
14208,ژینۆ مەنگوڕی,هەولێر,65,گەشەپێدەری سۆفتوێر,3349
14209,بەرزان حەسەن,هەڵەبجە,57,پارێزەر,3224
14210,سۆران عوسمان,سلێمانی,18,وێنەگر,1255
14211,تانیا قادر,سۆران,43,ڕۆژنامەنوس,2622
14212,نیشتمان مەنگوڕی,سۆران,21,پزیشک,2561
14213,نیشتمان عەبدوڵڵا,سلێمانی,41,گەشەپێدەری سۆفتوێر,2718
14214,دیار عەبدوڵڵا,ڕانیە,20,پزیشک,3196
14215,ژینۆ ئەحمەد,کەرکووک,44,پزیشک,2499
14216,ژیان جاف,دهۆک,62,مامۆستا,625
14217,تارا بابان,ڕانیە,39,گەشەپێدەری سۆفتوێر,2094
14218,کاروان قادر,کەرکووک,19,ژمێریار,3137
14219,زانا خۆشناو,هەڵەبجە,38,گەشەپێدەری سۆفتوێر,885
14220,کوردستان مەنگوڕی,سۆران,49,بازرگان,715
14221,لەنیا گەرمیانی,سۆران,59,گەشەپێدەری سۆفتوێر,1405
14222,شێركۆ جاف,هەولێر,32,دیزاینەر,1173
14223,ژینۆ موكری,کەرکووک,22,ئەندازیار,1639
14224,سارا مەنگوڕی,هەولێر,26,ئەندازیار,1267
14225,سارا قادر,سۆران,40,پزیشک,1853
14226,هاوڕێ گەرمیانی,کۆیە,48,مامۆستا,3311
14227,هێمن خۆشناو,هەڵەبجە,45,بازرگان,1139
14228,کوردستان عوسمان,هەڵەبجە,45,ئەندازیار,2447
14229,لەنیا ئەحمەد,هەولێر,38,بازرگان,735
14230,بەختیار موكری,هەڵەبجە,54,ئەندازیار,2648
14231,هاوڕێ مەحمود,دهۆک,35,دیزاینەر,1208
14232,شێركۆ مەحمود,دهۆک,64,ڕۆژنامەنوس,1668
14233,ئاری سۆران,کۆیە,21,پارێزەر,2358
14234,ژینۆ جاف,هەولێر,40,پزیشک,3306
14235,هەڵکەوت جاف,هەولێر,57,ڕۆژنامەنوس,762
14236,هاوڕێ سەعيد,کۆیە,54,وێنەگر,1443
14237,دیار عوسمان,کەرکووک,52,گەشەپێدەری سۆفتوێر,1624
14238,ژیان سەعيد,کۆیە,45,پارێزەر,2106
14239,ژینۆ حەسەن,کۆیە,53,ڕۆژنامەنوس,1004
14240,دیار حەسەن,هەڵەبجە,33,مامۆستا,1522
14241,شنۆ خۆشناو,کەرکووک,50,پزیشک,2236
14242,ڕێبین جاف,هەولێر,37,وێنەگر,2655
14243,سۆزان حەسەن,سۆران,58,پزیشک,2442
14244,ژیان عومەر,کۆیە,50,ژمێریار,3130
14245,سارا عەبدوڵڵا,ڕانیە,27,پزیشک,2837
14246,سارا عوسمان,کۆیە,46,پارێزەر,1929
14247,هەڵکەوت خۆشناو,سۆران,50,پارێزەر,731
14248,هێمن حەسەن,ڕانیە,65,گەشەپێدەری سۆفتوێر,1109
14249,سارا عەبدوڵڵا,هەڵەبجە,53,پزیشک,2957
14250,کۆسار جاف,ڕانیە,53,بازرگان,2066
14251,ڕێبین جاف,ڕانیە,55,ژمێریار,1071
14252,سۆزان مەنگوڕی,هەڵەبجە,18,ئەندازیار,2024
14253,سۆزان مەنگوڕی,سۆران,49,بازرگان,1712
14254,هەڵکەوت مەنگوڕی,کۆیە,42,ژمێریار,3400
14255,کوردستان مەحمود,دهۆک,61,وێنەگر,3286
14256,ڕێبین كەریم,کەرکووک,24,گەشەپێدەری سۆفتوێر,3348
14257,ژیان مەنگوڕی,هەولێر,45,گەشەپێدەری سۆفتوێر,417
14258,ژیان عومەر,ڕانیە,29,پزیشک,1850
14259,شێركۆ گەرمیانی,ڕانیە,45,ڕۆژنامەنوس,773
14260,لەنیا خۆشناو,هەولێر,26,ڕۆژنامەنوس,2497
14261,نیشتمان گەرمیانی,کەرکووک,20,وێنەگر,2076
14262,شنۆ عوسمان,کەرکووک,23,گەشەپێدەری سۆفتوێر,3306
14263,تارا قادر,هەولێر,32,ژمێریار,2082
14264,لەنیا عەبدوڵڵا,سلێمانی,57,مامۆستا,3144
14265,سۆران جاف,کۆیە,59,ژمێریار,2920
14266,دیار مەحمود,کەرکووک,48,ڕۆژنامەنوس,3277
14267,پشتیوان بابان,کۆیە,57,دیزاینەر,533
14268,کاروان سەعيد,کەرکووک,62,دیزاینەر,787
14269,ژیان عوسمان,ڕانیە,48,پزیشک,1721
14270,تارا جاف,هەڵەبجە,62,گەشەپێدەری سۆفتوێر,863
14271,تارا مەحمود,هەولێر,38,ئەندازیار,2629
14272,هێمن سەعيد,کۆیە,54,ڕۆژنامەنوس,2247
14273,لەنیا قادر,کەرکووک,23,مامۆستا,3236
14274,پشتیوان جاف,سلێمانی,34,ژمێریار,773
14275,ڕێبین جاف,هەولێر,20,مامۆستا,1912
14276,ڕێبین ئەحمەد,هەڵەبجە,58,ڕۆژنامەنوس,2287
14277,تانیا خۆشناو,کەرکووک,24,پزیشک,489
14278,هێمن ئەحمەد,سلێمانی,58,دیزاینەر,705
14279,بەرزان ئەحمەد,دهۆک,23,دیزاینەر,2875
14280,هاوڕێ مەحمود,ڕانیە,33,مامۆستا,3324
14281,ژینۆ عومەر,کەرکووک,20,پزیشک,1150
14282,هەڵکەوت موكری,هەولێر,37,ئەندازیار,1420
14283,ژیان ئەحمەد,هەولێر,64,مامۆستا,2078
14284,سۆران كەریم,کەرکووک,65,ڕۆژنامەنوس,2186
14285,ئاری سەعيد,کەرکووک,26,مامۆستا,2085
14286,دیار سەعيد,کەرکووک,52,وێنەگر,2528
14287,بەختیار مەحمود,کەرکووک,51,مامۆستا,913
14288,پشتیوان گەرمیانی,دهۆک,25,بازرگان,496
14289,پشتیوان سۆران,کۆیە,42,وێنەگر,2793
14290,ئاری موكری,هەڵەبجە,54,پارێزەر,1047
14291,پشتیوان گەرمیانی,ڕانیە,43,مامۆستا,1978
14292,نیشتمان عەبدوڵڵا,دهۆک,30,ڕۆژنامەنوس,2784
14293,شێركۆ جاف,هەولێر,28,پزیشک,1297
14294,کۆسار عومەر,دهۆک,27,ژمێریار,437
14295,لەنیا حەسەن,هەڵەبجە,46,ژمێریار,2766
14296,لەنیا كەریم,کەرکووک,19,ئەندازیار,1350
14297,ژیان قادر,هەولێر,49,پزیشک,688
14298,کۆسار عوسمان,هەولێر,51,گەشەپێدەری سۆفتوێر,2410
14299,هێمن حەسەن,سۆران,21,بازرگان,673
14300,ژینۆ كەریم,کەرکووک,54,ئەندازیار,3218
14301,ژیان سۆران,دهۆک,27,ڕۆژنامەنوس,2684
14302,شێركۆ جاف,سلێمانی,34,ڕۆژنامەنوس,3252
14303,دیار كەریم,کەرکووک,57,گەشەپێدەری سۆفتوێر,2063
14304,شنۆ حەسەن,هەڵەبجە,58,بازرگان,1136
14305,ژینۆ عوسمان,کەرکووک,29,ژمێریار,2296
14306,کاروان مەنگوڕی,ڕانیە,61,مامۆستا,3265
14307,شنۆ جاف,کەرکووک,31,مامۆستا,1609
14308,نیشتمان عوسمان,کۆیە,39,وێنەگر,1114
14309,ئاری بابان,دهۆک,41,پزیشک,528
14310,کاروان جاف,کۆیە,52,بازرگان,2924
14311,کاروان بابان,سلێمانی,40,بازرگان,2450
14312,ڕێبین گەرمیانی,هەڵەبجە,42,گەشەپێدەری سۆفتوێر,1798
14313,ڕێبین ئەحمەد,دهۆک,31,ژمێریار,1015
14314,بەختیار قادر,هەڵەبجە,58,پارێزەر,460
14315,پشتیوان موكری,کۆیە,49,وێنەگر,2510
14316,تارا قادر,سۆران,31,دیزاینەر,1650
14317,سۆران قادر,ڕانیە,60,ڕۆژنامەنوس,1327
14318,ڕێبین خۆشناو,ڕانیە,26,بازرگان,1533
14319,بەرزان قادر,هەڵەبجە,22,دیزاینەر,1567
14320,لەنیا عەبدوڵڵا,هەڵەبجە,64,بازرگان,3477
14321,شێركۆ عەبدوڵڵا,سلێمانی,34,ژمێریار,1654
14322,سۆران قادر,ڕانیە,65,وێنەگر,1234
14323,کوردستان كەریم,سۆران,23,ئەندازیار,1452
14324,بەختیار خۆشناو,کۆیە,55,دیزاینەر,1016
14325,نیشتمان خۆشناو,کۆیە,18,پزیشک,2247
14326,زانا عەبدوڵڵا,دهۆک,63,دیزاینەر,2883
14327,ڕێبین گەرمیانی,سۆران,41,مامۆستا,3320
14328,هەڵکەوت گەرمیانی,دهۆک,58,پزیشک,1089
14329,کوردستان عومەر,هەولێر,53,دیزاینەر,432
14330,سۆزان گەرمیانی,کەرکووک,59,ژمێریار,2773
14331,ژیان عومەر,سۆران,32,ڕۆژنامەنوس,1855
14332,ڕێبین عەبدوڵڵا,سلێمانی,29,دیزاینەر,1067
14333,نیشتمان سۆران,هەولێر,48,پزیشک,2198
14334,هاوڕێ عومەر,ڕانیە,27,پارێزەر,3391
14335,ژینۆ عوسمان,هەولێر,40,وێنەگر,1665
14336,کاروان حەسەن,هەڵەبجە,19,گەشەپێدەری سۆفتوێر,2203
14337,هاوڕێ ئەحمەد,سلێمانی,63,ڕۆژنامەنوس,1726
14338,سارا سۆران,سلێمانی,36,پزیشک,2406
14339,سۆران عومەر,سلێمانی,32,گەشەپێدەری سۆفتوێر,2549
14340,سۆران مەحمود,هەولێر,58,پزیشک,508
14341,پشتیوان عومەر,کەرکووک,36,ژمێریار,3256
14342,زانا عوسمان,ڕانیە,58,مامۆستا,1784
14343,تارا حەسەن,سلێمانی,41,بازرگان,2304
14344,هێمن بابان,هەولێر,33,مامۆستا,3085
14345,زانا عەبدوڵڵا,کەرکووک,46,مامۆستا,959
14346,کوردستان خۆشناو,کەرکووک,25,مامۆستا,1502
14347,زانا عومەر,هەڵەبجە,50,ژمێریار,535
14348,هەڵکەوت مەنگوڕی,ڕانیە,21,پارێزەر,1955
14349,زانا گەرمیانی,هەولێر,22,گەشەپێدەری سۆفتوێر,3074
14350,ژیان ئەحمەد,سۆران,22,ژمێریار,3498
14351,شێركۆ گەرمیانی,هەولێر,52,بازرگان,2551
14352,پشتیوان سۆران,هەولێر,43,دیزاینەر,3168
14353,زانا مەنگوڕی,کۆیە,23,ژمێریار,2141
14354,سۆزان خۆشناو,دهۆک,62,پزیشک,2855
14355,ژینۆ كەریم,هەولێر,39,مامۆستا,416
14356,ڕێبین سۆران,کۆیە,43,وێنەگر,452
14357,بەرزان ئەحمەد,کەرکووک,64,مامۆستا,3488
14358,بەرزان جاف,هەولێر,20,ژمێریار,1821
14359,زانا گەرمیانی,هەولێر,20,گەشەپێدەری سۆفتوێر,1212
14360,بەرزان جاف,سۆران,45,پزیشک,1140
14361,تانیا ئەحمەد,سلێمانی,23,بازرگان,1268
14362,دیار عوسمان,دهۆک,52,ژمێریار,2693
14363,تارا قادر,هەڵەبجە,33,پزیشک,2186
14364,پشتیوان سۆران,کەرکووک,58,گەشەپێدەری سۆفتوێر,903
14365,دیار جاف,کۆیە,32,وێنەگر,1783
14366,ئاری جاف,هەولێر,53,دیزاینەر,2410
14367,شێركۆ سۆران,ڕانیە,36,گەشەپێدەری سۆفتوێر,1157
14368,ژینۆ خۆشناو,هەڵەبجە,49,ژمێریار,955
14369,بەرزان ئەحمەد,کەرکووک,64,پارێزەر,1366
14370,هێمن جاف,هەولێر,47,ئەندازیار,1975
14371,تارا سەعيد,ڕانیە,58,بازرگان,1185
14372,تارا كەریم,دهۆک,63,وێنەگر,3259
14373,سۆزان قادر,کەرکووک,30,مامۆستا,2234
14374,کۆسار موكری,دهۆک,56,ئەندازیار,3439
14375,تانیا موكری,هەڵەبجە,53,وێنەگر,423
14376,سارا سەعيد,هەڵەبجە,29,پارێزەر,1221
14377,بەرزان مەحمود,کەرکووک,38,ژمێریار,3193
14378,هاوڕێ حەسەن,ڕانیە,57,گەشەپێدەری سۆفتوێر,2805
14379,زانا حەسەن,سۆران,31,وێنەگر,1410
14380,سۆزان خۆشناو,سلێمانی,37,پارێزەر,3226
14381,کاروان حەسەن,هەڵەبجە,19,بازرگان,3056
14382,زانا موكری,کۆیە,47,بازرگان,2979
14383,هەڵکەوت سەعيد,هەولێر,18,پارێزەر,2190
14384,بەرزان قادر,دهۆک,33,پزیشک,1952
14385,پشتیوان خۆشناو,کۆیە,53,ڕۆژنامەنوس,3469
14386,کۆسار گەرمیانی,هەڵەبجە,30,پارێزەر,3475
14387,نیشتمان كەریم,کەرکووک,32,دیزاینەر,3107
14388,ئاری مەحمود,کەرکووک,43,مامۆستا,1846
14389,نیشتمان جاف,سلێمانی,40,گەشەپێدەری سۆفتوێر,1298
14390,هاوڕێ كەریم,هەولێر,59,دیزاینەر,453
14391,هاوڕێ گەرمیانی,ڕانیە,55,دیزاینەر,2074
14392,سۆزان خۆشناو,کەرکووک,61,بازرگان,3440
14393,ژیان ئەحمەد,دهۆک,50,ئەندازیار,2259
14394,هێمن عوسمان,سۆران,60,پزیشک,544
14395,سۆزان سەعيد,کەرکووک,40,ژمێریار,899
14396,لەنیا سۆران,سۆران,61,بازرگان,2647
14397,زانا خۆشناو,سۆران,30,مامۆستا,2267
14398,تارا حەسەن,کۆیە,64,پزیشک,3412
14399,زانا موكری,سۆران,53,ژمێریار,2021
14400,سۆزان سەعيد,هەولێر,46,ڕۆژنامەنوس,2470
14401,ڕێبین خۆشناو,هەڵەبجە,48,دیزاینەر,3383
14402,هێمن كەریم,کۆیە,35,گەشەپێدەری سۆفتوێر,2637
14403,شێركۆ گەرمیانی,ڕانیە,55,ژمێریار,954
14404,ژینۆ مەنگوڕی,سۆران,36,ژمێریار,511
14405,کاروان بابان,سۆران,30,پارێزەر,986
14406,هاوڕێ جاف,هەولێر,38,ئەندازیار,454
14407,ژیان جاف,سۆران,24,مامۆستا,1811
14408,هێمن مەحمود,ڕانیە,19,بازرگان,1657
14409,بەرزان مەحمود,هەولێر,26,پزیشک,2495
14410,بەرزان عومەر,سلێمانی,54,دیزاینەر,1734
14411,ژیان بابان,کەرکووک,27,پزیشک,1251
14412,دیار ئەحمەد,ڕانیە,48,ئەندازیار,3174
14413,ژینۆ حەسەن,سلێمانی,42,ڕۆژنامەنوس,2883
14414,پشتیوان قادر,سلێمانی,36,بازرگان,1075
14415,سۆزان عومەر,ڕانیە,63,ژمێریار,3372
14416,هێمن جاف,دهۆک,19,گەشەپێدەری سۆفتوێر,2284
14417,بەرزان مەنگوڕی,هەولێر,49,گەشەپێدەری سۆفتوێر,3476
14418,سارا كەریم,هەڵەبجە,24,بازرگان,1032
14419,زانا قادر,سۆران,64,پزیشک,643
14420,سارا ئەحمەد,کەرکووک,58,دیزاینەر,951
14421,کۆسار موكری,هەولێر,63,دیزاینەر,3387
14422,بەختیار گەرمیانی,ڕانیە,29,دیزاینەر,3210
14423,ڕێبین گەرمیانی,دهۆک,21,ئەندازیار,1114
14424,تانیا عەبدوڵڵا,سلێمانی,48,دیزاینەر,3177
14425,بەختیار بابان,هەولێر,30,پزیشک,1987
14426,تانیا ئەحمەد,ڕانیە,52,ژمێریار,3343
14427,بەرزان جاف,سلێمانی,47,ڕۆژنامەنوس,1102
14428,سۆران جاف,هەڵەبجە,51,پزیشک,1047
14429,پشتیوان مەنگوڕی,کەرکووک,58,وێنەگر,1435
14430,بەختیار عەبدوڵڵا,دهۆک,45,وێنەگر,3496
14431,هێمن عومەر,کەرکووک,42,پارێزەر,2189
14432,بەرزان حەسەن,کەرکووک,42,ژمێریار,1393
14433,هاوڕێ كەریم,دهۆک,28,پارێزەر,2543
14434,هەڵکەوت سەعيد,هەڵەبجە,59,وێنەگر,1557
14435,پشتیوان سەعيد,سۆران,44,پارێزەر,459
14436,سارا مەنگوڕی,کەرکووک,53,پزیشک,2541
14437,ژیان مەنگوڕی,کۆیە,53,وێنەگر,1061
14438,سۆزان عوسمان,ڕانیە,60,دیزاینەر,2329
14439,ئاری قادر,سۆران,36,بازرگان,446
14440,کۆسار عوسمان,کەرکووک,37,پزیشک,492
14441,تارا مەنگوڕی,سلێمانی,51,بازرگان,1660
14442,نیشتمان موكری,ڕانیە,44,ژمێریار,1746
14443,شنۆ سەعيد,کەرکووک,51,مامۆستا,1888
14444,پشتیوان بابان,کۆیە,56,ئەندازیار,2568
14445,شنۆ عەبدوڵڵا,دهۆک,35,ڕۆژنامەنوس,1798
14446,تارا سەعيد,ڕانیە,39,بازرگان,2965
14447,زانا خۆشناو,کەرکووک,63,مامۆستا,2968
14448,تانیا قادر,کەرکووک,44,وێنەگر,1710
14449,شێركۆ كەریم,هەولێر,62,ژمێریار,1827
14450,شێركۆ قادر,کەرکووک,25,پزیشک,3230
14451,ئاری كەریم,سۆران,25,ژمێریار,824
14452,لەنیا كەریم,کەرکووک,43,ڕۆژنامەنوس,1776
14453,دیار سۆران,کۆیە,26,بازرگان,1572
14454,هاوڕێ قادر,کەرکووک,50,ئەندازیار,2188
14455,ژینۆ عەبدوڵڵا,سۆران,57,ڕۆژنامەنوس,1446
14456,نیشتمان عومەر,کۆیە,58,دیزاینەر,2187
14457,سۆزان حەسەن,سلێمانی,56,پزیشک,553
14458,بەختیار عوسمان,کەرکووک,30,ژمێریار,1725
14459,تارا حەسەن,کەرکووک,43,ئەندازیار,858
14460,نیشتمان مەنگوڕی,هەڵەبجە,29,دیزاینەر,511
14461,تانیا ئەحمەد,سلێمانی,28,بازرگان,2363
14462,سۆزان كەریم,دهۆک,32,ژمێریار,2986
14463,سارا سۆران,کەرکووک,29,بازرگان,2951
14464,تانیا جاف,هەڵەبجە,48,وێنەگر,3392
14465,بەرزان خۆشناو,هەڵەبجە,65,وێنەگر,636
14466,شێركۆ عوسمان,هەڵەبجە,56,پارێزەر,461
14467,کاروان حەسەن,کەرکووک,19,بازرگان,1517
14468,کۆسار موكری,سۆران,62,پارێزەر,2060
14469,سارا قادر,کۆیە,59,بازرگان,1864
14470,کۆسار جاف,دهۆک,38,پارێزەر,3050
14471,سارا موكری,هەولێر,65,ئەندازیار,2790
14472,هاوڕێ مەنگوڕی,کەرکووک,24,دیزاینەر,884
14473,هێمن سۆران,ڕانیە,18,مامۆستا,919
14474,بەرزان عومەر,سلێمانی,32,پزیشک,2054
14475,ئاری ئەحمەد,سلێمانی,36,ژمێریار,1898
14476,هێمن عومەر,کۆیە,46,مامۆستا,3448
14477,لەنیا عوسمان,هەڵەبجە,42,پارێزەر,1242
14478,بەرزان عوسمان,هەولێر,37,بازرگان,543
14479,تانیا ئەحمەد,ڕانیە,53,وێنەگر,2273
14480,ئاری موكری,کۆیە,43,پزیشک,993
14481,سۆزان مەحمود,ڕانیە,31,ئەندازیار,1464
14482,پشتیوان گەرمیانی,ڕانیە,62,پزیشک,1706
14483,دیار كەریم,کۆیە,38,وێنەگر,1055
14484,کۆسار قادر,کەرکووک,63,ژمێریار,2929
14485,بەختیار حەسەن,ڕانیە,31,ئەندازیار,1970
14486,کاروان خۆشناو,ڕانیە,19,مامۆستا,650
14487,هەڵکەوت سۆران,هەڵەبجە,48,پزیشک,2244
14488,شنۆ بابان,هەولێر,52,گەشەپێدەری سۆفتوێر,2103
14489,بەرزان مەحمود,کەرکووک,42,پزیشک,534
14490,بەرزان موكری,ڕانیە,59,مامۆستا,3249
14491,هێمن حەسەن,ڕانیە,38,مامۆستا,1656
14492,ژیان جاف,هەڵەبجە,46,پارێزەر,2738
14493,ژیان حەسەن,سلێمانی,56,گەشەپێدەری سۆفتوێر,2289
14494,سۆران عوسمان,ڕانیە,18,پزیشک,786
14495,پشتیوان عەبدوڵڵا,هەولێر,53,دیزاینەر,2303
14496,تارا كەریم,دهۆک,65,ڕۆژنامەنوس,664
14497,ڕێبین مەنگوڕی,سۆران,31,گەشەپێدەری سۆفتوێر,520
14498,پشتیوان عوسمان,دهۆک,45,دیزاینەر,1734
14499,نیشتمان عوسمان,ڕانیە,37,پزیشک,1523
14500,بەرزان سۆران,دهۆک,37,ئەندازیار,2257
14501,کاروان مەحمود,کۆیە,20,مامۆستا,3361
14502,کاروان ئەحمەد,کۆیە,18,ڕۆژنامەنوس,1229
14503,تانیا سەعيد,هەولێر,19,دیزاینەر,657
14504,دیار جاف,هەڵەبجە,30,پارێزەر,3262
14505,سۆزان خۆشناو,کەرکووک,55,ژمێریار,1698
14506,هەڵکەوت مەنگوڕی,سلێمانی,50,دیزاینەر,2669
14507,زانا ئەحمەد,هەڵەبجە,53,پارێزەر,631
14508,لەنیا جاف,سۆران,18,ڕۆژنامەنوس,856
14509,تارا مەنگوڕی,هەولێر,22,بازرگان,2429
14510,لەنیا ئەحمەد,سۆران,60,دیزاینەر,3376
14511,تانیا كەریم,کۆیە,38,دیزاینەر,1671
14512,ژینۆ بابان,هەڵەبجە,50,ڕۆژنامەنوس,713
14513,شنۆ عوسمان,سلێمانی,28,گەشەپێدەری سۆفتوێر,2932
14514,لەنیا خۆشناو,کەرکووک,25,ئەندازیار,3461
14515,شنۆ ئەحمەد,کۆیە,46,ئەندازیار,1124
14516,دیار قادر,ڕانیە,48,ڕۆژنامەنوس,1461
14517,سۆران گەرمیانی,سۆران,57,ڕۆژنامەنوس,488
14518,بەرزان خۆشناو,ڕانیە,38,پزیشک,2086
14519,ژیان مەنگوڕی,سلێمانی,26,ژمێریار,3138
14520,هێمن حەسەن,کەرکووک,55,مامۆستا,2444
14521,نیشتمان مەحمود,دهۆک,63,ژمێریار,479
14522,تانیا مەحمود,کەرکووک,37,دیزاینەر,1802
14523,شێركۆ كەریم,کۆیە,42,ئەندازیار,1572
14524,دیار قادر,سلێمانی,28,ڕۆژنامەنوس,1209
14525,ژینۆ سەعيد,دهۆک,37,ژمێریار,3479
14526,ڕێبین عومەر,هەڵەبجە,52,وێنەگر,1273
14527,نیشتمان حەسەن,سۆران,46,دیزاینەر,3033
14528,سارا عوسمان,هەڵەبجە,42,دیزاینەر,492
14529,سارا عوسمان,ڕانیە,50,بازرگان,1150
14530,نیشتمان كەریم,دهۆک,25,ئەندازیار,3207
14531,کاروان گەرمیانی,هەڵەبجە,19,پزیشک,2039
14532,سۆران خۆشناو,کۆیە,62,بازرگان,1693
14533,لەنیا موكری,سۆران,29,ژمێریار,3396
14534,پشتیوان عوسمان,هەولێر,46,گەشەپێدەری سۆفتوێر,938
14535,سۆزان حەسەن,کۆیە,30,بازرگان,3391
14536,پشتیوان مەحمود,کەرکووک,38,بازرگان,1039
14537,ئاری گەرمیانی,کۆیە,51,ڕۆژنامەنوس,1682
14538,زانا گەرمیانی,سلێمانی,48,بازرگان,1567
14539,هێمن ئەحمەد,هەولێر,62,پزیشک,531
14540,پشتیوان عەبدوڵڵا,کەرکووک,23,گەشەپێدەری سۆفتوێر,702
14541,هاوڕێ بابان,ڕانیە,26,پزیشک,2205
14542,ژیان سەعيد,کۆیە,32,ژمێریار,1552
14543,شنۆ جاف,کەرکووک,25,بازرگان,2351
14544,کوردستان عومەر,کۆیە,19,ئەندازیار,1065
14545,تارا عوسمان,هەولێر,53,پارێزەر,3005
14546,هاوڕێ مەنگوڕی,سلێمانی,59,پارێزەر,2036
14547,دیار قادر,هەولێر,50,گەشەپێدەری سۆفتوێر,2586
14548,بەرزان عەبدوڵڵا,دهۆک,20,دیزاینەر,2371
14549,سۆران سەعيد,هەولێر,40,دیزاینەر,1200
14550,پشتیوان عەبدوڵڵا,کۆیە,55,وێنەگر,1503
14551,ژیان گەرمیانی,ڕانیە,59,پزیشک,1331
14552,شنۆ كەریم,هەڵەبجە,24,دیزاینەر,950
14553,تانیا حەسەن,سۆران,41,وێنەگر,2705
14554,بەختیار عەبدوڵڵا,ڕانیە,39,بازرگان,2705
14555,ئاری عوسمان,کۆیە,64,مامۆستا,420
14556,دیار گەرمیانی,سۆران,35,وێنەگر,2599
14557,دیار ئەحمەد,سلێمانی,64,ڕۆژنامەنوس,401
14558,شنۆ سۆران,سلێمانی,33,مامۆستا,3382
14559,بەرزان كەریم,کۆیە,35,دیزاینەر,1635
14560,ڕێبین سەعيد,دهۆک,46,وێنەگر,2630
14561,نیشتمان جاف,کۆیە,54,ڕۆژنامەنوس,3112
14562,بەرزان بابان,هەڵەبجە,35,ڕۆژنامەنوس,734
14563,کۆسار موكری,سلێمانی,36,دیزاینەر,2914
14564,تارا ئەحمەد,دهۆک,53,ڕۆژنامەنوس,2475
14565,زانا خۆشناو,سۆران,57,ژمێریار,3004
14566,شێركۆ بابان,سۆران,33,پارێزەر,3021
14567,ئاری مەحمود,هەولێر,38,ئەندازیار,1193
14568,بەختیار بابان,سلێمانی,60,ڕۆژنامەنوس,1691
14569,کوردستان عوسمان,دهۆک,32,وێنەگر,3111
14570,کۆسار مەحمود,سلێمانی,54,ڕۆژنامەنوس,426
14571,لەنیا خۆشناو,سلێمانی,57,مامۆستا,3298
14572,شێركۆ بابان,کۆیە,53,وێنەگر,1947
14573,تارا موكری,ڕانیە,27,بازرگان,460
14574,تانیا عەبدوڵڵا,کەرکووک,25,ڕۆژنامەنوس,939
14575,ئاری بابان,هەولێر,19,بازرگان,2866
14576,کاروان مەنگوڕی,هەڵەبجە,40,بازرگان,2946
14577,ژیان بابان,هەولێر,42,دیزاینەر,893
14578,هەڵکەوت سۆران,هەڵەبجە,55,ڕۆژنامەنوس,3234
14579,سۆران جاف,هەولێر,22,وێنەگر,1513
14580,شنۆ حەسەن,ڕانیە,41,گەشەپێدەری سۆفتوێر,1225
14581,تارا كەریم,کۆیە,45,مامۆستا,1588
14582,بەرزان مەحمود,سلێمانی,53,پزیشک,2546
14583,شنۆ خۆشناو,کۆیە,57,بازرگان,2055
14584,کاروان موكری,سۆران,31,وێنەگر,1307
14585,پشتیوان مەحمود,سۆران,46,مامۆستا,1051
14586,تارا حەسەن,دهۆک,23,گەشەپێدەری سۆفتوێر,951
14587,شێركۆ جاف,هەولێر,21,ئەندازیار,3413
14588,زانا عوسمان,دهۆک,35,ژمێریار,2312
14589,پشتیوان بابان,کۆیە,56,پارێزەر,3269
14590,دیار عەبدوڵڵا,سلێمانی,22,گەشەپێدەری سۆفتوێر,2526
14591,ڕێبین قادر,هەولێر,63,ڕۆژنامەنوس,3032
14592,بەختیار قادر,کەرکووک,28,گەشەپێدەری سۆفتوێر,662
14593,شنۆ عەبدوڵڵا,سۆران,65,وێنەگر,1480
14594,ژینۆ گەرمیانی,کەرکووک,61,دیزاینەر,1935
14595,پشتیوان سەعيد,هەڵەبجە,51,پزیشک,2672
14596,کاروان قادر,سۆران,58,مامۆستا,1382
14597,ئاری حەسەن,ڕانیە,28,ژمێریار,1063
14598,کوردستان عوسمان,هەڵەبجە,33,پزیشک,1143
14599,سۆزان سۆران,کۆیە,24,مامۆستا,3348
14600,سۆزان كەریم,دهۆک,58,دیزاینەر,3462
14601,سارا عەبدوڵڵا,هەولێر,32,ئەندازیار,1243
14602,شێركۆ سۆران,هەڵەبجە,65,پزیشک,565
14603,کوردستان عەبدوڵڵا,ڕانیە,35,گەشەپێدەری سۆفتوێر,1342
14604,شێركۆ موكری,هەولێر,29,مامۆستا,1037
14605,تارا كەریم,کۆیە,38,بازرگان,895
14606,تارا عەبدوڵڵا,کەرکووک,35,ژمێریار,429
14607,ژیان سەعيد,دهۆک,63,پزیشک,483
14608,هێمن سەعيد,ڕانیە,30,ژمێریار,1461
14609,شێركۆ بابان,کەرکووک,48,دیزاینەر,1903
14610,سۆزان قادر,دهۆک,26,ڕۆژنامەنوس,2278
14611,لەنیا عومەر,هەڵەبجە,54,بازرگان,1797
14612,لەنیا عوسمان,سلێمانی,39,مامۆستا,1749
14613,لەنیا ئەحمەد,سلێمانی,53,بازرگان,1272
14614,ڕێبین بابان,دهۆک,54,گەشەپێدەری سۆفتوێر,1314
14615,ژینۆ موكری,سلێمانی,21,مامۆستا,2356
14616,کوردستان جاف,سۆران,50,دیزاینەر,2948
14617,تارا موكری,هەڵەبجە,39,گەشەپێدەری سۆفتوێر,2932
14618,بەختیار كەریم,دهۆک,20,ژمێریار,2462
14619,شنۆ كەریم,کۆیە,61,وێنەگر,2912
14620,هەڵکەوت موكری,دهۆک,46,مامۆستا,935
14621,شنۆ گەرمیانی,کۆیە,50,دیزاینەر,1529
14622,هێمن مەنگوڕی,کۆیە,39,وێنەگر,1978
14623,هێمن مەحمود,کەرکووک,20,مامۆستا,1609
14624,ڕێبین خۆشناو,سۆران,27,ڕۆژنامەنوس,1151
14625,بەختیار قادر,سلێمانی,35,دیزاینەر,667
14626,کاروان حەسەن,سلێمانی,42,ئەندازیار,1060
14627,تانیا خۆشناو,کەرکووک,43,پزیشک,2540
14628,تارا سەعيد,کەرکووک,40,ئەندازیار,2345
14629,ژیان جاف,سلێمانی,20,مامۆستا,3068
14630,ژیان عومەر,دهۆک,24,پزیشک,447
14631,کوردستان ئەحمەد,کەرکووک,37,بازرگان,2806
14632,بەرزان عومەر,سۆران,32,وێنەگر,2676
14633,ژیان گەرمیانی,کۆیە,64,وێنەگر,3173
14634,کۆسار ئەحمەد,هەڵەبجە,48,پزیشک,2111
14635,دیار عوسمان,سۆران,25,ئەندازیار,2981
14636,زانا خۆشناو,هەولێر,33,بازرگان,635
14637,بەرزان مەحمود,کەرکووک,48,ژمێریار,2613
14638,ئاری قادر,سلێمانی,61,پزیشک,3238
14639,بەختیار سەعيد,هەڵەبجە,42,ژمێریار,1586
14640,تارا مەحمود,هەڵەبجە,27,گەشەپێدەری سۆفتوێر,2163
14641,هەڵکەوت عومەر,ڕانیە,52,ژمێریار,723
14642,شێركۆ عەبدوڵڵا,سۆران,23,بازرگان,2626
14643,بەرزان عەبدوڵڵا,دهۆک,39,مامۆستا,788
14644,سارا مەحمود,کۆیە,47,بازرگان,1885
14645,شێركۆ كەریم,ڕانیە,64,پارێزەر,3112
14646,تانیا سۆران,ڕانیە,62,ڕۆژنامەنوس,3275
14647,تارا مەنگوڕی,دهۆک,37,پارێزەر,2783
14648,تانیا بابان,کۆیە,25,پزیشک,1845
14649,کاروان بابان,دهۆک,55,مامۆستا,2617
14650,هێمن مەنگوڕی,سۆران,32,پارێزەر,1100
14651,ژینۆ مەنگوڕی,هەڵەبجە,50,دیزاینەر,3158
14652,هەڵکەوت عومەر,کۆیە,25,ڕۆژنامەنوس,2775
14653,هێمن قادر,کۆیە,47,بازرگان,3009
14654,شێركۆ مەحمود,سلێمانی,34,گەشەپێدەری سۆفتوێر,3440
14655,ژیان حەسەن,سۆران,19,دیزاینەر,3367
14656,ژیان موكری,دهۆک,65,ڕۆژنامەنوس,3089
14657,ژیان حەسەن,سلێمانی,54,مامۆستا,2513
14658,کۆسار سەعيد,ڕانیە,28,ڕۆژنامەنوس,744
14659,شێركۆ عومەر,سۆران,64,مامۆستا,2226
14660,ژینۆ ئەحمەد,هەولێر,45,پارێزەر,2953
14661,بەختیار قادر,سۆران,46,ژمێریار,1170
14662,کۆسار قادر,کۆیە,54,ئەندازیار,870
14663,شێركۆ عوسمان,کەرکووک,40,گەشەپێدەری سۆفتوێر,1614
14664,شێركۆ عەبدوڵڵا,سلێمانی,57,ژمێریار,1797
14665,ڕێبین بابان,دهۆک,54,دیزاینەر,2479
14666,شنۆ سۆران,هەڵەبجە,64,پزیشک,3077
14667,لەنیا مەنگوڕی,هەڵەبجە,26,گەشەپێدەری سۆفتوێر,1632
14668,هەڵکەوت جاف,هەڵەبجە,36,پارێزەر,1785
14669,شێركۆ خۆشناو,ڕانیە,35,پزیشک,1988
14670,بەرزان قادر,هەولێر,24,پارێزەر,2719
14671,شێركۆ حەسەن,ڕانیە,24,مامۆستا,1514
14672,لەنیا كەریم,ڕانیە,62,وێنەگر,542
14673,لەنیا حەسەن,کەرکووک,22,گەشەپێدەری سۆفتوێر,3186
14674,کاروان عومەر,سلێمانی,20,وێنەگر,2571
14675,شنۆ حەسەن,هەولێر,34,ئەندازیار,1732
14676,شنۆ عەبدوڵڵا,ڕانیە,21,مامۆستا,1147
14677,ڕێبین سەعيد,هەولێر,22,ڕۆژنامەنوس,1999
14678,بەختیار بابان,سلێمانی,39,گەشەپێدەری سۆفتوێر,687
14679,هاوڕێ ئەحمەد,سۆران,38,ئەندازیار,2920
14680,کاروان قادر,سلێمانی,49,پارێزەر,3272
14681,نیشتمان سۆران,دهۆک,52,بازرگان,725
14682,شنۆ مەحمود,کۆیە,31,پارێزەر,1236
14683,هاوڕێ حەسەن,هەڵەبجە,36,وێنەگر,1164
14684,شنۆ سۆران,کۆیە,56,ئەندازیار,1002
14685,دیار مەحمود,سلێمانی,63,مامۆستا,604
14686,پشتیوان ئەحمەد,سلێمانی,23,ژمێریار,694
14687,بەختیار عومەر,سلێمانی,18,ئەندازیار,1833
14688,زانا خۆشناو,ڕانیە,37,بازرگان,1065
14689,ڕێبین قادر,دهۆک,21,گەشەپێدەری سۆفتوێر,2978
14690,تانیا بابان,کەرکووک,62,بازرگان,1790
14691,کوردستان عومەر,دهۆک,27,مامۆستا,2943
14692,بەرزان عومەر,سلێمانی,55,ژمێریار,1820
14693,ژیان مەحمود,هەولێر,26,ڕۆژنامەنوس,3202
14694,هەڵکەوت قادر,هەولێر,37,بازرگان,2072
14695,ژیان مەنگوڕی,کەرکووک,42,ئەندازیار,3161
14696,هاوڕێ قادر,دهۆک,54,وێنەگر,532
14697,سارا مەحمود,سۆران,50,ئەندازیار,1137
14698,هەڵکەوت جاف,ڕانیە,47,ڕۆژنامەنوس,1971
14699,بەختیار خۆشناو,دهۆک,46,وێنەگر,487
14700,سۆران سەعيد,کەرکووک,18,ڕۆژنامەنوس,1029
14701,تانیا عەبدوڵڵا,سلێمانی,54,ژمێریار,717
14702,لەنیا عەبدوڵڵا,سۆران,46,مامۆستا,1080
14703,بەختیار سەعيد,سلێمانی,57,ئەندازیار,1779
14704,تانیا قادر,کەرکووک,30,بازرگان,3246
14705,هەڵکەوت سۆران,کۆیە,52,پارێزەر,2446
14706,شنۆ گەرمیانی,کۆیە,37,پارێزەر,2065
14707,هاوڕێ مەحمود,کەرکووک,54,پارێزەر,3074
14708,سارا عەبدوڵڵا,هەڵەبجە,39,ئەندازیار,604
14709,ژیان خۆشناو,هەولێر,42,ئەندازیار,472
14710,کوردستان سەعيد,هەولێر,28,ڕۆژنامەنوس,3134
14711,پشتیوان موكری,سۆران,60,پزیشک,3071
14712,سارا ئەحمەد,دهۆک,25,مامۆستا,986
14713,لەنیا عومەر,سلێمانی,42,پارێزەر,2700
14714,سارا حەسەن,هەڵەبجە,32,ئەندازیار,1632
14715,ڕێبین عوسمان,سلێمانی,32,ئەندازیار,2751
14716,دیار جاف,دهۆک,44,گەشەپێدەری سۆفتوێر,2128
14717,کاروان سۆران,کەرکووک,63,بازرگان,2641
14718,ژیان سۆران,سلێمانی,23,دیزاینەر,2696
14719,شێركۆ عوسمان,هەڵەبجە,21,ژمێریار,1468
14720,پشتیوان مەنگوڕی,کەرکووک,31,وێنەگر,1952
14721,تارا عوسمان,ڕانیە,56,وێنەگر,589
14722,سۆران كەریم,کەرکووک,18,بازرگان,3031
14723,لەنیا سۆران,سلێمانی,64,پزیشک,1492
14724,هاوڕێ عوسمان,دهۆک,37,بازرگان,756
14725,بەختیار گەرمیانی,سلێمانی,49,ژمێریار,1167
14726,هەڵکەوت عەبدوڵڵا,ڕانیە,42,وێنەگر,2215
14727,شنۆ ئەحمەد,کۆیە,18,ئەندازیار,3366
14728,هەڵکەوت موكری,کۆیە,19,بازرگان,3022
14729,بەختیار كەریم,هەڵەبجە,63,گەشەپێدەری سۆفتوێر,2389
14730,سۆران بابان,سۆران,49,دیزاینەر,922
14731,ڕێبین حەسەن,سلێمانی,62,گەشەپێدەری سۆفتوێر,2679
14732,تارا عەبدوڵڵا,دهۆک,43,ئەندازیار,3405
14733,نیشتمان ئەحمەد,دهۆک,36,ژمێریار,1117
14734,ئاری حەسەن,ڕانیە,40,پزیشک,656
14735,لەنیا گەرمیانی,هەولێر,27,پارێزەر,2629
14736,ڕێبین گەرمیانی,سۆران,25,دیزاینەر,3157
14737,سۆزان مەحمود,کۆیە,39,مامۆستا,2383
14738,هێمن سۆران,سلێمانی,58,مامۆستا,1719
14739,ئاری حەسەن,سلێمانی,33,پارێزەر,870
14740,تانیا عومەر,هەولێر,56,گەشەپێدەری سۆفتوێر,3103
14741,دیار حەسەن,دهۆک,33,پزیشک,3425
14742,زانا قادر,ڕانیە,59,دیزاینەر,2432
14743,زانا سۆران,هەولێر,21,ئەندازیار,2554
14744,کۆسار عەبدوڵڵا,سلێمانی,60,ژمێریار,2775
14745,هەڵکەوت خۆشناو,سۆران,36,دیزاینەر,2332
14746,هەڵکەوت حەسەن,ڕانیە,32,وێنەگر,1505
14747,ڕێبین بابان,هەڵەبجە,55,ژمێریار,1626
14748,ئاری مەنگوڕی,کۆیە,48,دیزاینەر,801
14749,سارا جاف,دهۆک,57,بازرگان,917
14750,نیشتمان موكری,هەڵەبجە,43,ژمێریار,3350
14751,ژیان قادر,هەڵەبجە,22,دیزاینەر,1834
14752,هەڵکەوت سەعيد,کەرکووک,21,پارێزەر,1926
14753,کوردستان مەنگوڕی,هەڵەبجە,28,دیزاینەر,3188
14754,ئاری عەبدوڵڵا,ڕانیە,31,ئەندازیار,2074
14755,تانیا عەبدوڵڵا,کەرکووک,36,پزیشک,2669
14756,هاوڕێ سۆران,کەرکووک,59,گەشەپێدەری سۆفتوێر,1968
14757,سۆران كەریم,سلێمانی,30,وێنەگر,3132
14758,بەرزان خۆشناو,هەڵەبجە,53,ژمێریار,1964
14759,هەڵکەوت گەرمیانی,سلێمانی,34,دیزاینەر,1318
14760,هاوڕێ سەعيد,کەرکووک,56,وێنەگر,1001
14761,شێركۆ سۆران,سۆران,57,گەشەپێدەری سۆفتوێر,1211
14762,لەنیا گەرمیانی,دهۆک,60,ژمێریار,2117
14763,بەرزان جاف,سلێمانی,46,مامۆستا,2183
14764,بەختیار جاف,دهۆک,54,گەشەپێدەری سۆفتوێر,860
14765,ئاری عەبدوڵڵا,هەڵەبجە,46,دیزاینەر,3103
14766,هاوڕێ گەرمیانی,سۆران,51,دیزاینەر,3249
14767,لەنیا حەسەن,کۆیە,62,ڕۆژنامەنوس,2902
14768,لەنیا حەسەن,هەولێر,18,وێنەگر,2678
14769,دیار عومەر,سۆران,24,ژمێریار,3023
14770,کاروان عوسمان,هەولێر,29,بازرگان,3089
14771,کۆسار موكری,هەڵەبجە,46,پارێزەر,2057
14772,زانا جاف,کۆیە,47,پارێزەر,1318
14773,هێمن ئەحمەد,هەولێر,51,ڕۆژنامەنوس,3393
14774,سۆزان مەحمود,ڕانیە,63,پزیشک,1797
14775,زانا عوسمان,ڕانیە,60,پزیشک,2171
14776,تارا حەسەن,کەرکووک,63,دیزاینەر,611
14777,ژینۆ عومەر,ڕانیە,22,بازرگان,2880
14778,دیار سەعيد,کۆیە,36,پزیشک,2775
14779,ئاری عەبدوڵڵا,هەڵەبجە,59,ئەندازیار,2082
14780,سارا حەسەن,دهۆک,44,وێنەگر,574
14781,پشتیوان جاف,کەرکووک,32,ئەندازیار,2772
14782,لەنیا مەنگوڕی,کۆیە,21,ڕۆژنامەنوس,3282
14783,ئاری بابان,دهۆک,53,ژمێریار,3493
14784,پشتیوان مەنگوڕی,سۆران,27,وێنەگر,1120
14785,ژینۆ كەریم,کەرکووک,52,ڕۆژنامەنوس,1417
14786,نیشتمان جاف,هەڵەبجە,45,وێنەگر,2719
14787,تانیا بابان,سۆران,64,مامۆستا,1993
14788,کاروان سۆران,دهۆک,48,ڕۆژنامەنوس,1293
14789,لەنیا موكری,سۆران,59,بازرگان,2852
14790,سۆزان مەحمود,سلێمانی,47,دیزاینەر,903
14791,کاروان ئەحمەد,دهۆک,60,وێنەگر,1718
14792,هەڵکەوت مەنگوڕی,سۆران,25,وێنەگر,2820
14793,پشتیوان كەریم,سلێمانی,59,پارێزەر,2542
14794,لەنیا ئەحمەد,کۆیە,54,دیزاینەر,951
14795,سۆزان مەنگوڕی,کۆیە,26,ژمێریار,745
14796,ژینۆ خۆشناو,دهۆک,53,ئەندازیار,3175
14797,سۆزان حەسەن,سۆران,59,بازرگان,2467
14798,بەرزان كەریم,سلێمانی,19,پزیشک,1879
14799,بەرزان ئەحمەد,هەولێر,46,ئەندازیار,1904
14800,ژیان عومەر,هەڵەبجە,29,گەشەپێدەری سۆفتوێر,3235
14801,کاروان خۆشناو,دهۆک,20,دیزاینەر,2662
14802,بەختیار عەبدوڵڵا,دهۆک,39,ژمێریار,2682
14803,ژیان مەحمود,ڕانیە,29,بازرگان,2991
14804,ژیان عوسمان,ڕانیە,60,ڕۆژنامەنوس,3414
14805,ئاری عوسمان,هەڵەبجە,29,بازرگان,3221
14806,ژینۆ جاف,دهۆک,30,گەشەپێدەری سۆفتوێر,3393
14807,سۆران سۆران,سلێمانی,46,دیزاینەر,2249
14808,هاوڕێ بابان,هەولێر,59,وێنەگر,1484
14809,بەختیار جاف,سۆران,55,بازرگان,2710
14810,هەڵکەوت خۆشناو,کۆیە,31,بازرگان,2431
14811,شێركۆ مەحمود,سلێمانی,41,بازرگان,1007
14812,بەرزان كەریم,ڕانیە,26,پارێزەر,2669
14813,ژیان خۆشناو,سۆران,48,ئەندازیار,2852
14814,ژینۆ سۆران,کەرکووک,37,ژمێریار,3148
14815,سۆران عەبدوڵڵا,سلێمانی,61,ئەندازیار,529
14816,هەڵکەوت عوسمان,سلێمانی,44,بازرگان,2631
14817,پشتیوان گەرمیانی,ڕانیە,26,پزیشک,3035
14818,شنۆ عومەر,هەولێر,42,وێنەگر,454
14819,بەختیار حەسەن,ڕانیە,24,ژمێریار,1235
14820,بەرزان موكری,ڕانیە,26,ڕۆژنامەنوس,1505
14821,بەختیار حەسەن,هەولێر,40,پارێزەر,429
14822,تارا مەنگوڕی,سلێمانی,30,ڕۆژنامەنوس,2390
14823,پشتیوان جاف,کەرکووک,24,بازرگان,905
14824,سۆزان بابان,دهۆک,46,ئەندازیار,641
14825,ژیان سەعيد,هەولێر,65,بازرگان,671
14826,دیار مەنگوڕی,هەڵەبجە,59,گەشەپێدەری سۆفتوێر,1256
14827,لەنیا خۆشناو,سۆران,30,گەشەپێدەری سۆفتوێر,2337
14828,بەختیار مەحمود,هەولێر,50,دیزاینەر,3423
14829,سۆران جاف,هەڵەبجە,57,دیزاینەر,2971
14830,ژیان عەبدوڵڵا,دهۆک,43,مامۆستا,755
14831,تارا موكری,ڕانیە,48,گەشەپێدەری سۆفتوێر,2034
14832,ئاری عومەر,هەولێر,28,دیزاینەر,2372
14833,کاروان گەرمیانی,ڕانیە,62,پزیشک,2973
14834,هێمن قادر,سلێمانی,49,پارێزەر,3073
14835,بەختیار خۆشناو,دهۆک,54,وێنەگر,2197
14836,هاوڕێ سۆران,سۆران,28,پزیشک,2576
14837,شنۆ گەرمیانی,کۆیە,55,ڕۆژنامەنوس,1579
14838,ژینۆ سۆران,دهۆک,37,ئەندازیار,2540
14839,سۆران سەعيد,هەڵەبجە,38,ئەندازیار,873
14840,تارا مەحمود,هەڵەبجە,36,ئەندازیار,3401
14841,ژیان جاف,ڕانیە,52,پزیشک,2846
14842,کوردستان عومەر,ڕانیە,22,ڕۆژنامەنوس,442
14843,سۆران عەبدوڵڵا,سلێمانی,34,دیزاینەر,2928
14844,نیشتمان خۆشناو,کەرکووک,50,پارێزەر,3082
14845,هاوڕێ عەبدوڵڵا,هەڵەبجە,19,پزیشک,1283
14846,کۆسار عومەر,کۆیە,45,ڕۆژنامەنوس,3470
14847,دیار موكری,دهۆک,27,مامۆستا,1612
14848,هاوڕێ سۆران,هەولێر,40,ئەندازیار,2529
14849,هەڵکەوت بابان,ڕانیە,55,گەشەپێدەری سۆفتوێر,1776
14850,تانیا كەریم,سۆران,33,ڕۆژنامەنوس,3227
14851,شنۆ عەبدوڵڵا,سلێمانی,52,مامۆستا,2782
14852,دیار عوسمان,هەڵەبجە,58,ئەندازیار,946
14853,کاروان عومەر,کۆیە,45,پزیشک,1124
14854,زانا عومەر,هەولێر,50,بازرگان,2775
14855,ژیان موكری,سۆران,25,بازرگان,3107
14856,تارا مەحمود,سلێمانی,44,پزیشک,2117
14857,لەنیا خۆشناو,سۆران,32,گەشەپێدەری سۆفتوێر,2040
14858,شنۆ مەنگوڕی,هەولێر,32,پزیشک,3301
14859,شێركۆ سەعيد,کۆیە,30,ژمێریار,855
14860,کاروان ئەحمەد,کەرکووک,57,گەشەپێدەری سۆفتوێر,2082
14861,بەرزان خۆشناو,سۆران,58,مامۆستا,2232
14862,ژیان كەریم,دهۆک,62,ژمێریار,1943
14863,دیار گەرمیانی,ڕانیە,49,بازرگان,1463
14864,سۆزان ئەحمەد,کۆیە,24,پارێزەر,2980
14865,بەختیار جاف,دهۆک,28,گەشەپێدەری سۆفتوێر,3400
14866,تارا مەحمود,سلێمانی,65,ڕۆژنامەنوس,2698
14867,زانا مەحمود,هەولێر,50,بازرگان,1961
14868,لەنیا گەرمیانی,هەولێر,42,مامۆستا,1931
14869,سارا سۆران,هەولێر,56,گەشەپێدەری سۆفتوێر,1551
14870,سۆران ئەحمەد,هەولێر,35,مامۆستا,2499
14871,شێركۆ كەریم,هەولێر,54,ئەندازیار,3148
14872,شنۆ قادر,ڕانیە,55,پارێزەر,3058
14873,کۆسار گەرمیانی,کۆیە,27,ژمێریار,3374
14874,دیار حەسەن,سۆران,54,پارێزەر,2076
14875,تارا موكری,هەڵەبجە,26,ژمێریار,2233
14876,ژینۆ سۆران,هەڵەبجە,56,گەشەپێدەری سۆفتوێر,2824
14877,هێمن عەبدوڵڵا,ڕانیە,27,بازرگان,956
14878,ئاری سەعيد,سلێمانی,52,پزیشک,1041
14879,هەڵکەوت ئەحمەد,هەڵەبجە,46,پارێزەر,2559
14880,دیار عومەر,هەڵەبجە,52,وێنەگر,783
14881,دیار گەرمیانی,دهۆک,34,پارێزەر,1022
14882,دیار مەنگوڕی,دهۆک,18,پارێزەر,3322
14883,سۆزان خۆشناو,سلێمانی,32,بازرگان,2190
14884,نیشتمان عوسمان,سلێمانی,26,ڕۆژنامەنوس,1629
14885,دیار گەرمیانی,دهۆک,59,پارێزەر,2951
14886,کاروان خۆشناو,هەولێر,52,دیزاینەر,1759
14887,کۆسار قادر,سلێمانی,25,پارێزەر,2044
14888,پشتیوان موكری,کۆیە,52,وێنەگر,3333
14889,نیشتمان خۆشناو,کەرکووک,60,پارێزەر,3330
14890,نیشتمان گەرمیانی,کەرکووک,52,گەشەپێدەری سۆفتوێر,1674
14891,هاوڕێ مەنگوڕی,ڕانیە,22,گەشەپێدەری سۆفتوێر,1318
14892,سارا گەرمیانی,هەڵەبجە,37,ڕۆژنامەنوس,2733
14893,سۆران گەرمیانی,ڕانیە,20,پارێزەر,844
14894,لەنیا مەنگوڕی,هەولێر,59,مامۆستا,1192
14895,شنۆ حەسەن,کۆیە,21,دیزاینەر,2583
14896,دیار جاف,هەولێر,57,گەشەپێدەری سۆفتوێر,2599
14897,بەختیار عومەر,کەرکووک,62,پارێزەر,2339
14898,نیشتمان ئەحمەد,ڕانیە,24,مامۆستا,709
14899,بەختیار كەریم,دهۆک,18,ئەندازیار,2456
14900,سۆران ئەحمەد,کۆیە,22,ژمێریار,2002
14901,ژینۆ سۆران,سۆران,32,وێنەگر,1420
14902,ژیان عومەر,دهۆک,44,بازرگان,2898
14903,ڕێبین سۆران,سلێمانی,53,مامۆستا,2765
14904,ڕێبین موكری,هەولێر,18,ڕۆژنامەنوس,3284
14905,شێركۆ جاف,کۆیە,47,وێنەگر,3348
14906,کوردستان قادر,ڕانیە,35,ئەندازیار,3364
14907,زانا سەعيد,دهۆک,33,ئەندازیار,2555
14908,شنۆ خۆشناو,سۆران,19,بازرگان,1062
14909,شنۆ سۆران,سۆران,41,ژمێریار,957
14910,زانا سەعيد,سلێمانی,64,ئەندازیار,1576
14911,کاروان مەنگوڕی,هەولێر,34,بازرگان,2057
14912,تانیا عەبدوڵڵا,هەولێر,64,ئەندازیار,1313
14913,پشتیوان عوسمان,کەرکووک,57,پزیشک,1221
14914,هاوڕێ سۆران,دهۆک,30,بازرگان,573
14915,شێركۆ جاف,سۆران,60,ئەندازیار,1069
14916,هێمن جاف,سۆران,25,وێنەگر,2018
14917,شێركۆ عوسمان,سۆران,20,ڕۆژنامەنوس,1183
14918,ئاری خۆشناو,کەرکووک,31,پارێزەر,955
14919,ژینۆ مەنگوڕی,کەرکووک,61,پارێزەر,1513
14920,کاروان مەحمود,هەڵەبجە,45,ئەندازیار,3078
14921,دیار سەعيد,هەڵەبجە,57,پزیشک,3175
14922,کاروان بابان,سۆران,45,ئەندازیار,2287
14923,هەڵکەوت مەحمود,ڕانیە,38,بازرگان,2984
14924,هەڵکەوت سۆران,هەولێر,23,پارێزەر,3089
14925,نیشتمان سەعيد,سۆران,63,دیزاینەر,3066
14926,ژینۆ سەعيد,سۆران,31,ڕۆژنامەنوس,1479
14927,کوردستان حەسەن,هەڵەبجە,23,ڕۆژنامەنوس,3314
14928,بەختیار مەحمود,سۆران,23,وێنەگر,1292
14929,ئاری موكری,سلێمانی,61,مامۆستا,1185
14930,ژینۆ قادر,ڕانیە,21,ڕۆژنامەنوس,2146
14931,هەڵکەوت سەعيد,هەڵەبجە,64,گەشەپێدەری سۆفتوێر,2109
14932,پشتیوان بابان,کەرکووک,65,ژمێریار,2101
14933,هەڵکەوت ئەحمەد,سلێمانی,31,ئەندازیار,2364
14934,هەڵکەوت عوسمان,کۆیە,31,دیزاینەر,3062
14935,دیار خۆشناو,هەولێر,18,ئەندازیار,3052
14936,ژینۆ خۆشناو,ڕانیە,38,ڕۆژنامەنوس,1730
14937,زانا عومەر,هەڵەبجە,27,ڕۆژنامەنوس,1685
14938,کۆسار موكری,کۆیە,54,ڕۆژنامەنوس,1862
14939,ڕێبین عومەر,ڕانیە,41,وێنەگر,1777
14940,سۆران بابان,ڕانیە,30,دیزاینەر,1669
14941,بەرزان مەنگوڕی,کۆیە,58,پارێزەر,1540
14942,پشتیوان گەرمیانی,کەرکووک,26,پارێزەر,1016
14943,زانا ئەحمەد,سلێمانی,25,ئەندازیار,2129
14944,شێركۆ قادر,سۆران,35,گەشەپێدەری سۆفتوێر,2751
14945,ڕێبین مەحمود,هەولێر,42,ژمێریار,787
14946,کوردستان عوسمان,کەرکووک,36,دیزاینەر,1390
14947,شنۆ سەعيد,دهۆک,50,گەشەپێدەری سۆفتوێر,2415
14948,هاوڕێ مەحمود,کۆیە,30,پارێزەر,1458
14949,کوردستان عەبدوڵڵا,سلێمانی,49,گەشەپێدەری سۆفتوێر,3452
14950,سارا مەنگوڕی,سۆران,27,مامۆستا,725
14951,هاوڕێ عوسمان,سۆران,49,ڕۆژنامەنوس,897
14952,کاروان موكری,کەرکووک,26,مامۆستا,771
14953,ڕێبین سۆران,ڕانیە,48,ژمێریار,2425
14954,ڕێبین مەنگوڕی,ڕانیە,40,ژمێریار,3438
14955,کوردستان ئەحمەد,هەڵەبجە,37,ئەندازیار,2725
14956,دیار مەنگوڕی,کۆیە,60,ڕۆژنامەنوس,1920
14957,پشتیوان قادر,دهۆک,63,مامۆستا,525
14958,سارا موكری,هەڵەبجە,51,پارێزەر,680
14959,هێمن موكری,سۆران,24,گەشەپێدەری سۆفتوێر,3433
14960,سۆران عومەر,دهۆک,38,ژمێریار,2918
14961,ڕێبین قادر,سۆران,61,وێنەگر,3354
14962,شێركۆ عوسمان,دهۆک,22,گەشەپێدەری سۆفتوێر,899
14963,دیار قادر,سۆران,63,ژمێریار,1128
14964,نیشتمان سۆران,سۆران,24,پزیشک,2037
14965,بەختیار موكری,سۆران,55,پزیشک,2266
14966,تانیا سۆران,سلێمانی,20,بازرگان,3175
14967,کاروان خۆشناو,کۆیە,56,ڕۆژنامەنوس,2311
14968,هەڵکەوت عەبدوڵڵا,دهۆک,57,مامۆستا,3004
14969,پشتیوان عوسمان,ڕانیە,50,دیزاینەر,1758
14970,هێمن عومەر,کەرکووک,64,ئەندازیار,2202
14971,نیشتمان عەبدوڵڵا,ڕانیە,27,گەشەپێدەری سۆفتوێر,472
14972,کۆسار جاف,سۆران,60,ڕۆژنامەنوس,1246
14973,هێمن جاف,هەولێر,34,ژمێریار,2326
14974,ژینۆ عەبدوڵڵا,سۆران,20,پزیشک,2482
14975,شنۆ مەحمود,سۆران,41,گەشەپێدەری سۆفتوێر,1598
14976,شێركۆ بابان,کۆیە,18,پزیشک,3156
14977,لەنیا سۆران,دهۆک,37,ژمێریار,1987
14978,دیار عەبدوڵڵا,هەولێر,34,وێنەگر,1131
14979,سۆزان بابان,کەرکووک,51,ئەندازیار,1261
14980,سۆران سۆران,کۆیە,34,بازرگان,622
14981,شێركۆ گەرمیانی,ڕانیە,45,بازرگان,1968
14982,سۆران جاف,هەڵەبجە,42,پزیشک,2324
14983,زانا جاف,هەولێر,51,ژمێریار,2855
14984,شێركۆ مەنگوڕی,کۆیە,59,وێنەگر,2840
14985,کاروان خۆشناو,هەولێر,40,ڕۆژنامەنوس,3016
14986,ژینۆ مەحمود,هەڵەبجە,33,ئەندازیار,3247
14987,زانا مەحمود,کەرکووک,22,پزیشک,537
14988,کاروان عومەر,سۆران,49,پارێزەر,2594
14989,هەڵکەوت حەسەن,کۆیە,48,دیزاینەر,1487
14990,لەنیا گەرمیانی,ڕانیە,47,پزیشک,3347
14991,ئاری عومەر,سلێمانی,38,ژمێریار,3359
14992,شێركۆ مەحمود,سلێمانی,28,پارێزەر,422
14993,دیار حەسەن,ڕانیە,34,بازرگان,1269
14994,نیشتمان سەعيد,دهۆک,49,گەشەپێدەری سۆفتوێر,2009
14995,لەنیا موكری,هەولێر,33,مامۆستا,2442
14996,ئاری سۆران,کۆیە,24,مامۆستا,1568
14997,تارا موكری,ڕانیە,62,دیزاینەر,2717
14998,دیار خۆشناو,ڕانیە,55,ژمێریار,3225
14999,سۆزان مەحمود,هەولێر,51,بازرگان,1788
15000,کاروان سەعيد,کۆیە,45,وێنەگر,1510
